"name","scac","access","port","locode","country","region","firmsCode","group","feature","label","section","status","updatedOn"
"ANL","ANNU","public","","","","","","","billOfLading","Bill Of Lading","Tracking identifiers","supported","2026-10-08"
"ANL","ANNU","public","","","","","","","bookingNumber","Booking Number","Tracking identifiers","supported","2026-10-08"
"ANL","ANNU","public","","","","","","","containerNumber","Container Number","Tracking identifiers","supported","2026-10-08"
"ANL","ANNU","public","","","","","","","polName","POL Name","Origin","supported","2026-10-08"
"ANL","ANNU","public","","","","","","","polLocode","POL Locode","Origin","supported","2026-10-08"
"ANL","ANNU","public","","","","","","","polTimezone","POL Timezone","Origin","supported","2026-10-08"
"ANL","ANNU","public","","","","","","","polEtd","POL ETD","Origin","supported","2026-10-08"
"ANL","ANNU","public","","","","","","","polAtd","POL ATD","Origin","supported","2026-10-08"
"ANL","ANNU","public","","","","","","","podName","POD Name","Destination port","supported","2026-10-08"
"ANL","ANNU","public","","","","","","","podLocode","POD Locode","Destination port","supported","2026-10-08"
"ANL","ANNU","public","","","","","","","podTerminal","POD Terminal","Destination port","supported","2026-10-08"
"ANL","ANNU","public","","","","","","","podTimezone","POD Timezone","Destination port","supported","2026-10-08"
"ANL","ANNU","public","","","","","","","podVoyageNumber","POD Voyage Number","Destination port","supported","2026-10-08"
"ANL","ANNU","public","","","","","","","podVesselName","POD Vessel Name","Destination port","supported","2026-10-08"
"ANL","ANNU","public","","","","","","","podVesselImo","POD Vessel IMO","Destination port","supported","2026-10-08"
"ANL","ANNU","public","","","","","","","podEta","POD ETA","Destination port","supported","2026-10-08"
"ANL","ANNU","public","","","","","","","podAta","POD ATA","Destination port","supported","2026-10-08"
"ANL","ANNU","public","","","","","","","destinationName","Destination Name","Inland destination","supported","2026-10-08"
"ANL","ANNU","public","","","","","","","destinationLocode","Destination Locode","Inland destination","supported","2026-10-08"
"ANL","ANNU","public","","","","","","","destinationTimezone","Destination Timezone","Inland destination","supported","2026-10-08"
"ANL","ANNU","public","","","","","","","destinationEta","Destination ETA","Inland destination","supported","2026-10-08"
"ANL","ANNU","public","","","","","","","destinationAta","Destination ATA","Inland destination","supported","2026-10-08"
"ANL","ANNU","public","","","","","","","number","Number","Container attributes","supported","2026-10-08"
"ANL","ANNU","public","","","","","","","sealNumber","Seal Number","Container attributes","unsupported","2026-10-08"
"ANL","ANNU","public","","","","","","","equipmentType","Equipment Type","Container attributes","supported","2026-10-08"
"ANL","ANNU","public","","","","","","","equipmentLength","Equipment Length","Container attributes","supported","2026-10-08"
"ANL","ANNU","public","","","","","","","equipmentHeight","Equipment Height","Container attributes","supported","2026-10-08"
"ANL","ANNU","public","","","","","","","weightLbs","Weight (Lbs)","Container attributes","unsupported","2026-10-08"
"ANL","ANNU","public","","","","","","","podArrivedAt","POD Arrived At","Container attributes","supported","2026-10-08"
"ANL","ANNU","public","","","","","","","podDischargedAt","POD Discharged At","Container attributes","supported","2026-10-08"
"ANL","ANNU","public","","","","","","","podFullOutAt","POD Full Out At","Container attributes","supported","2026-10-08"
"ANL","ANNU","public","","","","","","","destinationArrivedAt","Destination Arrived At","Container attributes","supported","2026-10-08"
"ANL","ANNU","public","","","","","","","destinationFullOutAt","Destination Full Out At","Container attributes","supported","2026-10-08"
"ANL","ANNU","public","","","","","","","emptyTerminatedAt","Empty Terminated At","Container attributes","supported","2026-10-08"
"ANL","ANNU","public","","","","","","","emptyOut","Empty Out","Container milestones","supported","2026-10-08"
"ANL","ANNU","public","","","","","","","fullIn","Full In","Container milestones","supported","2026-10-08"
"ANL","ANNU","public","","","","","","","vesselLoaded","Vessel Loaded","Container milestones","supported","2026-10-08"
"ANL","ANNU","public","","","","","","","vesselDeparted","Vessel Departed","Container milestones","supported","2026-10-08"
"ANL","ANNU","public","","","","","","","transshipmentArrived","Transshipment Arrived","Container milestones","supported","2026-10-08"
"ANL","ANNU","public","","","","","","","transshipmentDischarged","Transshipment Discharged","Container milestones","supported","2026-10-08"
"ANL","ANNU","public","","","","","","","transshipmentLoaded","Transshipment Loaded","Container milestones","supported","2026-10-08"
"ANL","ANNU","public","","","","","","","transshipmentDeparted","Transshipment Departed","Container milestones","supported","2026-10-08"
"ANL","ANNU","public","","","","","","","vesselArrived","Vessel Arrived","Container milestones","supported","2026-10-08"
"ANL","ANNU","public","","","","","","","vesselBerthed","Vessel Berthed","Container milestones","unsupported","2026-10-08"
"ANL","ANNU","public","","","","","","","vesselDischarged","Vessel Discharged","Container milestones","supported","2026-10-08"
"ANL","ANNU","public","","","","","","","fullOut","Full Out","Container milestones","supported","2026-10-08"
"ANL","ANNU","public","","","","","","","emptyReturned","Empty Returned","Container milestones","supported","2026-10-08"
"ANL","ANNU","public","","","","","","","feederArrived","Feeder Arrived","Additional milestones","supported","2026-10-08"
"ANL","ANNU","public","","","","","","","feederDischarged","Feeder Discharged","Additional milestones","unsupported","2026-10-08"
"ANL","ANNU","public","","","","","","","feederLoaded","Feeder Loaded","Additional milestones","unsupported","2026-10-08"
"ANL","ANNU","public","","","","","","","feederDeparted","Feeder Departed","Additional milestones","supported","2026-10-08"
"ANL","ANNU","public","","","","","","","railLoaded","Rail Loaded","Additional milestones","supported","2026-10-08"
"ANL","ANNU","public","","","","","","","railDeparted","Rail Departed","Additional milestones","supported","2026-10-08"
"ANL","ANNU","public","","","","","","","railArrived","Rail Arrived","Additional milestones","supported","2026-10-08"
"ANL","ANNU","public","","","","","","","railUnloaded","Rail Unloaded","Additional milestones","supported","2026-10-08"
"ANL","ANNU","public","","","","","","","arrivedAtDestination","Arrived At Destination","Additional milestones","supported","2026-10-08"
"ANL","ANNU","public","","","","","","","delivered","Delivered","Additional milestones","unsupported","2026-10-08"
"ANL","ANNU","public","","","","","","","estimatedArrivalAtFinalDestination","Estimated Arrival at Final Destination","Additional milestones","supported","2026-10-08"
"ANL","ANNU","public","","","","","","","sslLfdChanged","SSL LFD Changed","Other events","unsupported","2026-10-08"
"ANL","ANNU","public","","","","","","","estimatedArrival","Estimated Arrival","Other events","supported","2026-10-08"
"ANL","ANNU","public","","","","","","","bookingCancelled","Booking Cancelled","Other events","unsupported","2026-10-08"
"APL","APLU","public","","","","","","","billOfLading","Bill Of Lading","Tracking identifiers","supported","2026-10-08"
"APL","APLU","public","","","","","","","bookingNumber","Booking Number","Tracking identifiers","supported","2026-10-08"
"APL","APLU","public","","","","","","","containerNumber","Container Number","Tracking identifiers","supported","2026-10-08"
"APL","APLU","public","","","","","","","polName","POL Name","Origin","supported","2026-10-08"
"APL","APLU","public","","","","","","","polLocode","POL Locode","Origin","supported","2026-10-08"
"APL","APLU","public","","","","","","","polTimezone","POL Timezone","Origin","supported","2026-10-08"
"APL","APLU","public","","","","","","","polEtd","POL ETD","Origin","supported","2026-10-08"
"APL","APLU","public","","","","","","","polAtd","POL ATD","Origin","supported","2026-10-08"
"APL","APLU","public","","","","","","","podName","POD Name","Destination port","supported","2026-10-08"
"APL","APLU","public","","","","","","","podLocode","POD Locode","Destination port","supported","2026-10-08"
"APL","APLU","public","","","","","","","podTerminal","POD Terminal","Destination port","supported","2026-10-08"
"APL","APLU","public","","","","","","","podTimezone","POD Timezone","Destination port","supported","2026-10-08"
"APL","APLU","public","","","","","","","podVoyageNumber","POD Voyage Number","Destination port","supported","2026-10-08"
"APL","APLU","public","","","","","","","podVesselName","POD Vessel Name","Destination port","supported","2026-10-08"
"APL","APLU","public","","","","","","","podVesselImo","POD Vessel IMO","Destination port","supported","2026-10-08"
"APL","APLU","public","","","","","","","podEta","POD ETA","Destination port","supported","2026-10-08"
"APL","APLU","public","","","","","","","podAta","POD ATA","Destination port","supported","2026-10-08"
"APL","APLU","public","","","","","","","destinationName","Destination Name","Inland destination","supported","2026-10-08"
"APL","APLU","public","","","","","","","destinationLocode","Destination Locode","Inland destination","supported","2026-10-08"
"APL","APLU","public","","","","","","","destinationTimezone","Destination Timezone","Inland destination","supported","2026-10-08"
"APL","APLU","public","","","","","","","destinationEta","Destination ETA","Inland destination","supported","2026-10-08"
"APL","APLU","public","","","","","","","destinationAta","Destination ATA","Inland destination","supported","2026-10-08"
"APL","APLU","public","","","","","","","number","Number","Container attributes","supported","2026-10-08"
"APL","APLU","public","","","","","","","sealNumber","Seal Number","Container attributes","unsupported","2026-10-08"
"APL","APLU","public","","","","","","","equipmentType","Equipment Type","Container attributes","supported","2026-10-08"
"APL","APLU","public","","","","","","","equipmentLength","Equipment Length","Container attributes","supported","2026-10-08"
"APL","APLU","public","","","","","","","equipmentHeight","Equipment Height","Container attributes","supported","2026-10-08"
"APL","APLU","public","","","","","","","weightLbs","Weight (Lbs)","Container attributes","unsupported","2026-10-08"
"APL","APLU","public","","","","","","","podArrivedAt","POD Arrived At","Container attributes","supported","2026-10-08"
"APL","APLU","public","","","","","","","podDischargedAt","POD Discharged At","Container attributes","supported","2026-10-08"
"APL","APLU","public","","","","","","","podFullOutAt","POD Full Out At","Container attributes","supported","2026-10-08"
"APL","APLU","public","","","","","","","destinationArrivedAt","Destination Arrived At","Container attributes","supported","2026-10-08"
"APL","APLU","public","","","","","","","destinationFullOutAt","Destination Full Out At","Container attributes","supported","2026-10-08"
"APL","APLU","public","","","","","","","emptyTerminatedAt","Empty Terminated At","Container attributes","supported","2026-10-08"
"APL","APLU","public","","","","","","","emptyOut","Empty Out","Container milestones","supported","2026-10-08"
"APL","APLU","public","","","","","","","fullIn","Full In","Container milestones","supported","2026-10-08"
"APL","APLU","public","","","","","","","vesselLoaded","Vessel Loaded","Container milestones","supported","2026-10-08"
"APL","APLU","public","","","","","","","vesselDeparted","Vessel Departed","Container milestones","supported","2026-10-08"
"APL","APLU","public","","","","","","","transshipmentArrived","Transshipment Arrived","Container milestones","supported","2026-10-08"
"APL","APLU","public","","","","","","","transshipmentDischarged","Transshipment Discharged","Container milestones","supported","2026-10-08"
"APL","APLU","public","","","","","","","transshipmentLoaded","Transshipment Loaded","Container milestones","supported","2026-10-08"
"APL","APLU","public","","","","","","","transshipmentDeparted","Transshipment Departed","Container milestones","supported","2026-10-08"
"APL","APLU","public","","","","","","","vesselArrived","Vessel Arrived","Container milestones","supported","2026-10-08"
"APL","APLU","public","","","","","","","vesselBerthed","Vessel Berthed","Container milestones","unsupported","2026-10-08"
"APL","APLU","public","","","","","","","vesselDischarged","Vessel Discharged","Container milestones","supported","2026-10-08"
"APL","APLU","public","","","","","","","fullOut","Full Out","Container milestones","supported","2026-10-08"
"APL","APLU","public","","","","","","","emptyReturned","Empty Returned","Container milestones","supported","2026-10-08"
"APL","APLU","public","","","","","","","feederArrived","Feeder Arrived","Additional milestones","supported","2026-10-08"
"APL","APLU","public","","","","","","","feederDischarged","Feeder Discharged","Additional milestones","unsupported","2026-10-08"
"APL","APLU","public","","","","","","","feederLoaded","Feeder Loaded","Additional milestones","unsupported","2026-10-08"
"APL","APLU","public","","","","","","","feederDeparted","Feeder Departed","Additional milestones","supported","2026-10-08"
"APL","APLU","public","","","","","","","railLoaded","Rail Loaded","Additional milestones","supported","2026-10-08"
"APL","APLU","public","","","","","","","railDeparted","Rail Departed","Additional milestones","supported","2026-10-08"
"APL","APLU","public","","","","","","","railArrived","Rail Arrived","Additional milestones","supported","2026-10-08"
"APL","APLU","public","","","","","","","railUnloaded","Rail Unloaded","Additional milestones","supported","2026-10-08"
"APL","APLU","public","","","","","","","arrivedAtDestination","Arrived At Destination","Additional milestones","supported","2026-10-08"
"APL","APLU","public","","","","","","","delivered","Delivered","Additional milestones","unsupported","2026-10-08"
"APL","APLU","public","","","","","","","estimatedArrivalAtFinalDestination","Estimated Arrival at Final Destination","Additional milestones","supported","2026-10-08"
"APL","APLU","public","","","","","","","sslLfdChanged","SSL LFD Changed","Other events","unsupported","2026-10-08"
"APL","APLU","public","","","","","","","estimatedArrival","Estimated Arrival","Other events","supported","2026-10-08"
"APL","APLU","public","","","","","","","bookingCancelled","Booking Cancelled","Other events","unsupported","2026-10-08"
"Arkas","ARKU","public","","","","","","","billOfLading","Bill Of Lading","Tracking identifiers","supported","2026-10-08"
"Arkas","ARKU","public","","","","","","","bookingNumber","Booking Number","Tracking identifiers","supported","2026-10-08"
"Arkas","ARKU","public","","","","","","","containerNumber","Container Number","Tracking identifiers","supported","2026-10-08"
"Arkas","ARKU","public","","","","","","","polName","POL Name","Origin","supported","2026-10-08"
"Arkas","ARKU","public","","","","","","","polLocode","POL Locode","Origin","supported","2026-10-08"
"Arkas","ARKU","public","","","","","","","polTimezone","POL Timezone","Origin","supported","2026-10-08"
"Arkas","ARKU","public","","","","","","","polEtd","POL ETD","Origin","supported","2026-10-08"
"Arkas","ARKU","public","","","","","","","polAtd","POL ATD","Origin","supported","2026-10-08"
"Arkas","ARKU","public","","","","","","","podName","POD Name","Destination port","supported","2026-10-08"
"Arkas","ARKU","public","","","","","","","podLocode","POD Locode","Destination port","supported","2026-10-08"
"Arkas","ARKU","public","","","","","","","podTerminal","POD Terminal","Destination port","supported","2026-10-08"
"Arkas","ARKU","public","","","","","","","podTimezone","POD Timezone","Destination port","supported","2026-10-08"
"Arkas","ARKU","public","","","","","","","podVoyageNumber","POD Voyage Number","Destination port","supported","2026-10-08"
"Arkas","ARKU","public","","","","","","","podVesselName","POD Vessel Name","Destination port","supported","2026-10-08"
"Arkas","ARKU","public","","","","","","","podVesselImo","POD Vessel IMO","Destination port","supported","2026-10-08"
"Arkas","ARKU","public","","","","","","","podEta","POD ETA","Destination port","supported","2026-10-08"
"Arkas","ARKU","public","","","","","","","podAta","POD ATA","Destination port","supported","2026-10-08"
"Arkas","ARKU","public","","","","","","","destinationName","Destination Name","Inland destination","supported","2026-10-08"
"Arkas","ARKU","public","","","","","","","destinationLocode","Destination Locode","Inland destination","supported","2026-10-08"
"Arkas","ARKU","public","","","","","","","destinationTimezone","Destination Timezone","Inland destination","supported","2026-10-08"
"Arkas","ARKU","public","","","","","","","destinationEta","Destination ETA","Inland destination","supported","2026-10-08"
"Arkas","ARKU","public","","","","","","","destinationAta","Destination ATA","Inland destination","supported","2026-10-08"
"Arkas","ARKU","public","","","","","","","number","Number","Container attributes","supported","2026-10-08"
"Arkas","ARKU","public","","","","","","","sealNumber","Seal Number","Container attributes","supported","2026-10-08"
"Arkas","ARKU","public","","","","","","","equipmentType","Equipment Type","Container attributes","supported","2026-10-08"
"Arkas","ARKU","public","","","","","","","equipmentLength","Equipment Length","Container attributes","supported","2026-10-08"
"Arkas","ARKU","public","","","","","","","equipmentHeight","Equipment Height","Container attributes","supported","2026-10-08"
"Arkas","ARKU","public","","","","","","","weightLbs","Weight (Lbs)","Container attributes","supported","2026-10-08"
"Arkas","ARKU","public","","","","","","","podArrivedAt","POD Arrived At","Container attributes","supported","2026-10-08"
"Arkas","ARKU","public","","","","","","","podDischargedAt","POD Discharged At","Container attributes","supported","2026-10-08"
"Arkas","ARKU","public","","","","","","","podFullOutAt","POD Full Out At","Container attributes","supported","2026-10-08"
"Arkas","ARKU","public","","","","","","","destinationArrivedAt","Destination Arrived At","Container attributes","supported","2026-10-08"
"Arkas","ARKU","public","","","","","","","destinationFullOutAt","Destination Full Out At","Container attributes","supported","2026-10-08"
"Arkas","ARKU","public","","","","","","","emptyTerminatedAt","Empty Terminated At","Container attributes","supported","2026-10-08"
"Arkas","ARKU","public","","","","","","","emptyOut","Empty Out","Container milestones","supported","2026-10-08"
"Arkas","ARKU","public","","","","","","","fullIn","Full In","Container milestones","supported","2026-10-08"
"Arkas","ARKU","public","","","","","","","vesselLoaded","Vessel Loaded","Container milestones","supported","2026-10-08"
"Arkas","ARKU","public","","","","","","","vesselDeparted","Vessel Departed","Container milestones","supported","2026-10-08"
"Arkas","ARKU","public","","","","","","","transshipmentArrived","Transshipment Arrived","Container milestones","supported","2026-10-08"
"Arkas","ARKU","public","","","","","","","transshipmentDischarged","Transshipment Discharged","Container milestones","supported","2026-10-08"
"Arkas","ARKU","public","","","","","","","transshipmentLoaded","Transshipment Loaded","Container milestones","supported","2026-10-08"
"Arkas","ARKU","public","","","","","","","transshipmentDeparted","Transshipment Departed","Container milestones","supported","2026-10-08"
"Arkas","ARKU","public","","","","","","","vesselArrived","Vessel Arrived","Container milestones","supported","2026-10-08"
"Arkas","ARKU","public","","","","","","","vesselBerthed","Vessel Berthed","Container milestones","supported","2026-10-08"
"Arkas","ARKU","public","","","","","","","vesselDischarged","Vessel Discharged","Container milestones","supported","2026-10-08"
"Arkas","ARKU","public","","","","","","","fullOut","Full Out","Container milestones","supported","2026-10-08"
"Arkas","ARKU","public","","","","","","","emptyReturned","Empty Returned","Container milestones","supported","2026-10-08"
"Arkas","ARKU","public","","","","","","","feederArrived","Feeder Arrived","Additional milestones","supported","2026-10-08"
"Arkas","ARKU","public","","","","","","","feederDischarged","Feeder Discharged","Additional milestones","supported","2026-10-08"
"Arkas","ARKU","public","","","","","","","feederLoaded","Feeder Loaded","Additional milestones","supported","2026-10-08"
"Arkas","ARKU","public","","","","","","","feederDeparted","Feeder Departed","Additional milestones","supported","2026-10-08"
"Arkas","ARKU","public","","","","","","","railLoaded","Rail Loaded","Additional milestones","supported","2026-10-08"
"Arkas","ARKU","public","","","","","","","railDeparted","Rail Departed","Additional milestones","supported","2026-10-08"
"Arkas","ARKU","public","","","","","","","railArrived","Rail Arrived","Additional milestones","supported","2026-10-08"
"Arkas","ARKU","public","","","","","","","railUnloaded","Rail Unloaded","Additional milestones","supported","2026-10-08"
"Arkas","ARKU","public","","","","","","","arrivedAtDestination","Arrived At Destination","Additional milestones","supported","2026-10-08"
"Arkas","ARKU","public","","","","","","","delivered","Delivered","Additional milestones","supported","2026-10-08"
"Arkas","ARKU","public","","","","","","","estimatedArrivalAtFinalDestination","Estimated Arrival at Final Destination","Additional milestones","supported","2026-10-08"
"Arkas","ARKU","public","","","","","","","sslLfdChanged","SSL LFD Changed","Other events","supported","2026-10-08"
"Arkas","ARKU","public","","","","","","","estimatedArrival","Estimated Arrival","Other events","supported","2026-10-08"
"Arkas","ARKU","public","","","","","","","bookingCancelled","Booking Cancelled","Other events","supported","2026-10-08"
"Atlantic Container Line","ACLU","public","","","","","","","billOfLading","Bill Of Lading","Tracking identifiers","supported","2026-10-08"
"Atlantic Container Line","ACLU","public","","","","","","","bookingNumber","Booking Number","Tracking identifiers","supported","2026-10-08"
"Atlantic Container Line","ACLU","public","","","","","","","containerNumber","Container Number","Tracking identifiers","supported","2026-10-08"
"Atlantic Container Line","ACLU","public","","","","","","","polName","POL Name","Origin","supported","2026-10-08"
"Atlantic Container Line","ACLU","public","","","","","","","polLocode","POL Locode","Origin","supported","2026-10-08"
"Atlantic Container Line","ACLU","public","","","","","","","polTimezone","POL Timezone","Origin","supported","2026-10-08"
"Atlantic Container Line","ACLU","public","","","","","","","polEtd","POL ETD","Origin","supported","2026-10-08"
"Atlantic Container Line","ACLU","public","","","","","","","polAtd","POL ATD","Origin","supported","2026-10-08"
"Atlantic Container Line","ACLU","public","","","","","","","podName","POD Name","Destination port","supported","2026-10-08"
"Atlantic Container Line","ACLU","public","","","","","","","podLocode","POD Locode","Destination port","supported","2026-10-08"
"Atlantic Container Line","ACLU","public","","","","","","","podTerminal","POD Terminal","Destination port","supported","2026-10-08"
"Atlantic Container Line","ACLU","public","","","","","","","podTimezone","POD Timezone","Destination port","supported","2026-10-08"
"Atlantic Container Line","ACLU","public","","","","","","","podVoyageNumber","POD Voyage Number","Destination port","supported","2026-10-08"
"Atlantic Container Line","ACLU","public","","","","","","","podVesselName","POD Vessel Name","Destination port","supported","2026-10-08"
"Atlantic Container Line","ACLU","public","","","","","","","podVesselImo","POD Vessel IMO","Destination port","supported","2026-10-08"
"Atlantic Container Line","ACLU","public","","","","","","","podEta","POD ETA","Destination port","supported","2026-10-08"
"Atlantic Container Line","ACLU","public","","","","","","","podAta","POD ATA","Destination port","supported","2026-10-08"
"Atlantic Container Line","ACLU","public","","","","","","","destinationName","Destination Name","Inland destination","supported","2026-10-08"
"Atlantic Container Line","ACLU","public","","","","","","","destinationLocode","Destination Locode","Inland destination","supported","2026-10-08"
"Atlantic Container Line","ACLU","public","","","","","","","destinationTimezone","Destination Timezone","Inland destination","supported","2026-10-08"
"Atlantic Container Line","ACLU","public","","","","","","","destinationEta","Destination ETA","Inland destination","supported","2026-10-08"
"Atlantic Container Line","ACLU","public","","","","","","","destinationAta","Destination ATA","Inland destination","supported","2026-10-08"
"Atlantic Container Line","ACLU","public","","","","","","","number","Number","Container attributes","supported","2026-10-08"
"Atlantic Container Line","ACLU","public","","","","","","","sealNumber","Seal Number","Container attributes","unsupported","2026-10-08"
"Atlantic Container Line","ACLU","public","","","","","","","equipmentType","Equipment Type","Container attributes","supported","2026-10-08"
"Atlantic Container Line","ACLU","public","","","","","","","equipmentLength","Equipment Length","Container attributes","supported","2026-10-08"
"Atlantic Container Line","ACLU","public","","","","","","","equipmentHeight","Equipment Height","Container attributes","supported","2026-10-08"
"Atlantic Container Line","ACLU","public","","","","","","","weightLbs","Weight (Lbs)","Container attributes","unsupported","2026-10-08"
"Atlantic Container Line","ACLU","public","","","","","","","podArrivedAt","POD Arrived At","Container attributes","supported","2026-10-08"
"Atlantic Container Line","ACLU","public","","","","","","","podDischargedAt","POD Discharged At","Container attributes","limited","2026-10-08"
"Atlantic Container Line","ACLU","public","","","","","","","podFullOutAt","POD Full Out At","Container attributes","supported","2026-10-08"
"Atlantic Container Line","ACLU","public","","","","","","","destinationArrivedAt","Destination Arrived At","Container attributes","supported","2026-10-08"
"Atlantic Container Line","ACLU","public","","","","","","","destinationFullOutAt","Destination Full Out At","Container attributes","supported","2026-10-08"
"Atlantic Container Line","ACLU","public","","","","","","","emptyTerminatedAt","Empty Terminated At","Container attributes","supported","2026-10-08"
"Atlantic Container Line","ACLU","public","","","","","","","emptyOut","Empty Out","Container milestones","supported","2026-10-08"
"Atlantic Container Line","ACLU","public","","","","","","","fullIn","Full In","Container milestones","supported","2026-10-08"
"Atlantic Container Line","ACLU","public","","","","","","","vesselLoaded","Vessel Loaded","Container milestones","supported","2026-10-08"
"Atlantic Container Line","ACLU","public","","","","","","","vesselDeparted","Vessel Departed","Container milestones","supported","2026-10-08"
"Atlantic Container Line","ACLU","public","","","","","","","transshipmentArrived","Transshipment Arrived","Container milestones","unsupported","2026-10-08"
"Atlantic Container Line","ACLU","public","","","","","","","transshipmentDischarged","Transshipment Discharged","Container milestones","unsupported","2026-10-08"
"Atlantic Container Line","ACLU","public","","","","","","","transshipmentLoaded","Transshipment Loaded","Container milestones","unsupported","2026-10-08"
"Atlantic Container Line","ACLU","public","","","","","","","transshipmentDeparted","Transshipment Departed","Container milestones","unsupported","2026-10-08"
"Atlantic Container Line","ACLU","public","","","","","","","vesselArrived","Vessel Arrived","Container milestones","supported","2026-10-08"
"Atlantic Container Line","ACLU","public","","","","","","","vesselBerthed","Vessel Berthed","Container milestones","unsupported","2026-10-08"
"Atlantic Container Line","ACLU","public","","","","","","","vesselDischarged","Vessel Discharged","Container milestones","supported","2026-10-08"
"Atlantic Container Line","ACLU","public","","","","","","","fullOut","Full Out","Container milestones","supported","2026-10-08"
"Atlantic Container Line","ACLU","public","","","","","","","emptyReturned","Empty Returned","Container milestones","supported","2026-10-08"
"Atlantic Container Line","ACLU","public","","","","","","","feederArrived","Feeder Arrived","Additional milestones","unsupported","2026-10-08"
"Atlantic Container Line","ACLU","public","","","","","","","feederDischarged","Feeder Discharged","Additional milestones","unsupported","2026-10-08"
"Atlantic Container Line","ACLU","public","","","","","","","feederLoaded","Feeder Loaded","Additional milestones","unsupported","2026-10-08"
"Atlantic Container Line","ACLU","public","","","","","","","feederDeparted","Feeder Departed","Additional milestones","unsupported","2026-10-08"
"Atlantic Container Line","ACLU","public","","","","","","","railLoaded","Rail Loaded","Additional milestones","unsupported","2026-10-08"
"Atlantic Container Line","ACLU","public","","","","","","","railDeparted","Rail Departed","Additional milestones","supported","2026-10-08"
"Atlantic Container Line","ACLU","public","","","","","","","railArrived","Rail Arrived","Additional milestones","limited","2026-10-08"
"Atlantic Container Line","ACLU","public","","","","","","","railUnloaded","Rail Unloaded","Additional milestones","unsupported","2026-10-08"
"Atlantic Container Line","ACLU","public","","","","","","","arrivedAtDestination","Arrived At Destination","Additional milestones","supported","2026-10-08"
"Atlantic Container Line","ACLU","public","","","","","","","delivered","Delivered","Additional milestones","unsupported","2026-10-08"
"Atlantic Container Line","ACLU","public","","","","","","","estimatedArrivalAtFinalDestination","Estimated Arrival at Final Destination","Additional milestones","unsupported","2026-10-08"
"Atlantic Container Line","ACLU","public","","","","","","","sslLfdChanged","SSL LFD Changed","Other events","unsupported","2026-10-08"
"Atlantic Container Line","ACLU","public","","","","","","","estimatedArrival","Estimated Arrival","Other events","supported","2026-10-08"
"Atlantic Container Line","ACLU","public","","","","","","","bookingCancelled","Booking Cancelled","Other events","unsupported","2026-10-08"
"CMA CGM","CMDU","public","","","","","","","billOfLading","Bill Of Lading","Tracking identifiers","supported","2026-10-08"
"CMA CGM","CMDU","public","","","","","","","bookingNumber","Booking Number","Tracking identifiers","supported","2026-10-08"
"CMA CGM","CMDU","public","","","","","","","containerNumber","Container Number","Tracking identifiers","supported","2026-10-08"
"CMA CGM","CMDU","public","","","","","","","polName","POL Name","Origin","supported","2026-10-08"
"CMA CGM","CMDU","public","","","","","","","polLocode","POL Locode","Origin","supported","2026-10-08"
"CMA CGM","CMDU","public","","","","","","","polTimezone","POL Timezone","Origin","supported","2026-10-08"
"CMA CGM","CMDU","public","","","","","","","polEtd","POL ETD","Origin","supported","2026-10-08"
"CMA CGM","CMDU","public","","","","","","","polAtd","POL ATD","Origin","supported","2026-10-08"
"CMA CGM","CMDU","public","","","","","","","podName","POD Name","Destination port","supported","2026-10-08"
"CMA CGM","CMDU","public","","","","","","","podLocode","POD Locode","Destination port","supported","2026-10-08"
"CMA CGM","CMDU","public","","","","","","","podTerminal","POD Terminal","Destination port","supported","2026-10-08"
"CMA CGM","CMDU","public","","","","","","","podTimezone","POD Timezone","Destination port","supported","2026-10-08"
"CMA CGM","CMDU","public","","","","","","","podVoyageNumber","POD Voyage Number","Destination port","supported","2026-10-08"
"CMA CGM","CMDU","public","","","","","","","podVesselName","POD Vessel Name","Destination port","supported","2026-10-08"
"CMA CGM","CMDU","public","","","","","","","podVesselImo","POD Vessel IMO","Destination port","supported","2026-10-08"
"CMA CGM","CMDU","public","","","","","","","podEta","POD ETA","Destination port","supported","2026-10-08"
"CMA CGM","CMDU","public","","","","","","","podAta","POD ATA","Destination port","supported","2026-10-08"
"CMA CGM","CMDU","public","","","","","","","destinationName","Destination Name","Inland destination","supported","2026-10-08"
"CMA CGM","CMDU","public","","","","","","","destinationLocode","Destination Locode","Inland destination","supported","2026-10-08"
"CMA CGM","CMDU","public","","","","","","","destinationTimezone","Destination Timezone","Inland destination","supported","2026-10-08"
"CMA CGM","CMDU","public","","","","","","","destinationEta","Destination ETA","Inland destination","supported","2026-10-08"
"CMA CGM","CMDU","public","","","","","","","destinationAta","Destination ATA","Inland destination","supported","2026-10-08"
"CMA CGM","CMDU","public","","","","","","","number","Number","Container attributes","supported","2026-10-08"
"CMA CGM","CMDU","public","","","","","","","sealNumber","Seal Number","Container attributes","unsupported","2026-10-08"
"CMA CGM","CMDU","public","","","","","","","equipmentType","Equipment Type","Container attributes","supported","2026-10-08"
"CMA CGM","CMDU","public","","","","","","","equipmentLength","Equipment Length","Container attributes","supported","2026-10-08"
"CMA CGM","CMDU","public","","","","","","","equipmentHeight","Equipment Height","Container attributes","supported","2026-10-08"
"CMA CGM","CMDU","public","","","","","","","weightLbs","Weight (Lbs)","Container attributes","unsupported","2026-10-08"
"CMA CGM","CMDU","public","","","","","","","podArrivedAt","POD Arrived At","Container attributes","supported","2026-10-08"
"CMA CGM","CMDU","public","","","","","","","podDischargedAt","POD Discharged At","Container attributes","supported","2026-10-08"
"CMA CGM","CMDU","public","","","","","","","podFullOutAt","POD Full Out At","Container attributes","supported","2026-10-08"
"CMA CGM","CMDU","public","","","","","","","destinationArrivedAt","Destination Arrived At","Container attributes","supported","2026-10-08"
"CMA CGM","CMDU","public","","","","","","","destinationFullOutAt","Destination Full Out At","Container attributes","supported","2026-10-08"
"CMA CGM","CMDU","public","","","","","","","emptyTerminatedAt","Empty Terminated At","Container attributes","supported","2026-10-08"
"CMA CGM","CMDU","public","","","","","","","emptyOut","Empty Out","Container milestones","supported","2026-10-08"
"CMA CGM","CMDU","public","","","","","","","fullIn","Full In","Container milestones","supported","2026-10-08"
"CMA CGM","CMDU","public","","","","","","","vesselLoaded","Vessel Loaded","Container milestones","supported","2026-10-08"
"CMA CGM","CMDU","public","","","","","","","vesselDeparted","Vessel Departed","Container milestones","supported","2026-10-08"
"CMA CGM","CMDU","public","","","","","","","transshipmentArrived","Transshipment Arrived","Container milestones","supported","2026-10-08"
"CMA CGM","CMDU","public","","","","","","","transshipmentDischarged","Transshipment Discharged","Container milestones","supported","2026-10-08"
"CMA CGM","CMDU","public","","","","","","","transshipmentLoaded","Transshipment Loaded","Container milestones","supported","2026-10-08"
"CMA CGM","CMDU","public","","","","","","","transshipmentDeparted","Transshipment Departed","Container milestones","supported","2026-10-08"
"CMA CGM","CMDU","public","","","","","","","vesselArrived","Vessel Arrived","Container milestones","supported","2026-10-08"
"CMA CGM","CMDU","public","","","","","","","vesselBerthed","Vessel Berthed","Container milestones","unsupported","2026-10-08"
"CMA CGM","CMDU","public","","","","","","","vesselDischarged","Vessel Discharged","Container milestones","supported","2026-10-08"
"CMA CGM","CMDU","public","","","","","","","fullOut","Full Out","Container milestones","supported","2026-10-08"
"CMA CGM","CMDU","public","","","","","","","emptyReturned","Empty Returned","Container milestones","supported","2026-10-08"
"CMA CGM","CMDU","public","","","","","","","feederArrived","Feeder Arrived","Additional milestones","supported","2026-10-08"
"CMA CGM","CMDU","public","","","","","","","feederDischarged","Feeder Discharged","Additional milestones","unsupported","2026-10-08"
"CMA CGM","CMDU","public","","","","","","","feederLoaded","Feeder Loaded","Additional milestones","unsupported","2026-10-08"
"CMA CGM","CMDU","public","","","","","","","feederDeparted","Feeder Departed","Additional milestones","supported","2026-10-08"
"CMA CGM","CMDU","public","","","","","","","railLoaded","Rail Loaded","Additional milestones","supported","2026-10-08"
"CMA CGM","CMDU","public","","","","","","","railDeparted","Rail Departed","Additional milestones","supported","2026-10-08"
"CMA CGM","CMDU","public","","","","","","","railArrived","Rail Arrived","Additional milestones","supported","2026-10-08"
"CMA CGM","CMDU","public","","","","","","","railUnloaded","Rail Unloaded","Additional milestones","supported","2026-10-08"
"CMA CGM","CMDU","public","","","","","","","arrivedAtDestination","Arrived At Destination","Additional milestones","supported","2026-10-08"
"CMA CGM","CMDU","public","","","","","","","delivered","Delivered","Additional milestones","unsupported","2026-10-08"
"CMA CGM","CMDU","public","","","","","","","estimatedArrivalAtFinalDestination","Estimated Arrival at Final Destination","Additional milestones","supported","2026-10-08"
"CMA CGM","CMDU","public","","","","","","","sslLfdChanged","SSL LFD Changed","Other events","unsupported","2026-10-08"
"CMA CGM","CMDU","public","","","","","","","estimatedArrival","Estimated Arrival","Other events","supported","2026-10-08"
"CMA CGM","CMDU","public","","","","","","","bookingCancelled","Booking Cancelled","Other events","unsupported","2026-10-08"
"COSCO","COSU","public","","","","","","","billOfLading","Bill Of Lading","Tracking identifiers","supported","2026-10-08"
"COSCO","COSU","public","","","","","","","bookingNumber","Booking Number","Tracking identifiers","supported","2026-10-08"
"COSCO","COSU","public","","","","","","","containerNumber","Container Number","Tracking identifiers","supported","2026-10-08"
"COSCO","COSU","public","","","","","","","polName","POL Name","Origin","supported","2026-10-08"
"COSCO","COSU","public","","","","","","","polLocode","POL Locode","Origin","supported","2026-10-08"
"COSCO","COSU","public","","","","","","","polTimezone","POL Timezone","Origin","supported","2026-10-08"
"COSCO","COSU","public","","","","","","","polEtd","POL ETD","Origin","supported","2026-10-08"
"COSCO","COSU","public","","","","","","","polAtd","POL ATD","Origin","supported","2026-10-08"
"COSCO","COSU","public","","","","","","","podName","POD Name","Destination port","supported","2026-10-08"
"COSCO","COSU","public","","","","","","","podLocode","POD Locode","Destination port","supported","2026-10-08"
"COSCO","COSU","public","","","","","","","podTerminal","POD Terminal","Destination port","supported","2026-10-08"
"COSCO","COSU","public","","","","","","","podTimezone","POD Timezone","Destination port","supported","2026-10-08"
"COSCO","COSU","public","","","","","","","podVoyageNumber","POD Voyage Number","Destination port","supported","2026-10-08"
"COSCO","COSU","public","","","","","","","podVesselName","POD Vessel Name","Destination port","supported","2026-10-08"
"COSCO","COSU","public","","","","","","","podVesselImo","POD Vessel IMO","Destination port","supported","2026-10-08"
"COSCO","COSU","public","","","","","","","podEta","POD ETA","Destination port","supported","2026-10-08"
"COSCO","COSU","public","","","","","","","podAta","POD ATA","Destination port","supported","2026-10-08"
"COSCO","COSU","public","","","","","","","destinationName","Destination Name","Inland destination","supported","2026-10-08"
"COSCO","COSU","public","","","","","","","destinationLocode","Destination Locode","Inland destination","supported","2026-10-08"
"COSCO","COSU","public","","","","","","","destinationTimezone","Destination Timezone","Inland destination","supported","2026-10-08"
"COSCO","COSU","public","","","","","","","destinationEta","Destination ETA","Inland destination","supported","2026-10-08"
"COSCO","COSU","public","","","","","","","destinationAta","Destination ATA","Inland destination","supported","2026-10-08"
"COSCO","COSU","public","","","","","","","number","Number","Container attributes","supported","2026-10-08"
"COSCO","COSU","public","","","","","","","sealNumber","Seal Number","Container attributes","unsupported","2026-10-08"
"COSCO","COSU","public","","","","","","","equipmentType","Equipment Type","Container attributes","supported","2026-10-08"
"COSCO","COSU","public","","","","","","","equipmentLength","Equipment Length","Container attributes","supported","2026-10-08"
"COSCO","COSU","public","","","","","","","equipmentHeight","Equipment Height","Container attributes","supported","2026-10-08"
"COSCO","COSU","public","","","","","","","weightLbs","Weight (Lbs)","Container attributes","limited","2026-10-08"
"COSCO","COSU","public","","","","","","","podArrivedAt","POD Arrived At","Container attributes","supported","2026-10-08"
"COSCO","COSU","public","","","","","","","podDischargedAt","POD Discharged At","Container attributes","supported","2026-10-08"
"COSCO","COSU","public","","","","","","","podFullOutAt","POD Full Out At","Container attributes","supported","2026-10-08"
"COSCO","COSU","public","","","","","","","destinationArrivedAt","Destination Arrived At","Container attributes","supported","2026-10-08"
"COSCO","COSU","public","","","","","","","destinationFullOutAt","Destination Full Out At","Container attributes","supported","2026-10-08"
"COSCO","COSU","public","","","","","","","emptyTerminatedAt","Empty Terminated At","Container attributes","supported","2026-10-08"
"COSCO","COSU","public","","","","","","","emptyOut","Empty Out","Container milestones","unsupported","2026-10-08"
"COSCO","COSU","public","","","","","","","fullIn","Full In","Container milestones","unsupported","2026-10-08"
"COSCO","COSU","public","","","","","","","vesselLoaded","Vessel Loaded","Container milestones","limited","2026-10-08"
"COSCO","COSU","public","","","","","","","vesselDeparted","Vessel Departed","Container milestones","supported","2026-10-08"
"COSCO","COSU","public","","","","","","","transshipmentArrived","Transshipment Arrived","Container milestones","supported","2026-10-08"
"COSCO","COSU","public","","","","","","","transshipmentDischarged","Transshipment Discharged","Container milestones","limited","2026-10-08"
"COSCO","COSU","public","","","","","","","transshipmentLoaded","Transshipment Loaded","Container milestones","limited","2026-10-08"
"COSCO","COSU","public","","","","","","","transshipmentDeparted","Transshipment Departed","Container milestones","supported","2026-10-08"
"COSCO","COSU","public","","","","","","","vesselArrived","Vessel Arrived","Container milestones","supported","2026-10-08"
"COSCO","COSU","public","","","","","","","vesselBerthed","Vessel Berthed","Container milestones","unsupported","2026-10-08"
"COSCO","COSU","public","","","","","","","vesselDischarged","Vessel Discharged","Container milestones","supported","2026-10-08"
"COSCO","COSU","public","","","","","","","fullOut","Full Out","Container milestones","supported","2026-10-08"
"COSCO","COSU","public","","","","","","","emptyReturned","Empty Returned","Container milestones","supported","2026-10-08"
"COSCO","COSU","public","","","","","","","feederArrived","Feeder Arrived","Additional milestones","unsupported","2026-10-08"
"COSCO","COSU","public","","","","","","","feederDischarged","Feeder Discharged","Additional milestones","unsupported","2026-10-08"
"COSCO","COSU","public","","","","","","","feederLoaded","Feeder Loaded","Additional milestones","unsupported","2026-10-08"
"COSCO","COSU","public","","","","","","","feederDeparted","Feeder Departed","Additional milestones","unsupported","2026-10-08"
"COSCO","COSU","public","","","","","","","railLoaded","Rail Loaded","Additional milestones","limited","2026-10-08"
"COSCO","COSU","public","","","","","","","railDeparted","Rail Departed","Additional milestones","supported","2026-10-08"
"COSCO","COSU","public","","","","","","","railArrived","Rail Arrived","Additional milestones","supported","2026-10-08"
"COSCO","COSU","public","","","","","","","railUnloaded","Rail Unloaded","Additional milestones","supported","2026-10-08"
"COSCO","COSU","public","","","","","","","arrivedAtDestination","Arrived At Destination","Additional milestones","supported","2026-10-08"
"COSCO","COSU","public","","","","","","","delivered","Delivered","Additional milestones","unsupported","2026-10-08"
"COSCO","COSU","public","","","","","","","estimatedArrivalAtFinalDestination","Estimated Arrival at Final Destination","Additional milestones","supported","2026-10-08"
"COSCO","COSU","public","","","","","","","sslLfdChanged","SSL LFD Changed","Other events","unsupported","2026-10-08"
"COSCO","COSU","public","","","","","","","estimatedArrival","Estimated Arrival","Other events","supported","2026-10-08"
"COSCO","COSU","public","","","","","","","bookingCancelled","Booking Cancelled","Other events","unsupported","2026-10-08"
"Crowley","CLAM","public","","","","","","","billOfLading","Bill Of Lading","Tracking identifiers","supported","2026-10-08"
"Crowley","CLAM","public","","","","","","","bookingNumber","Booking Number","Tracking identifiers","unsupported","2026-10-08"
"Crowley","CLAM","public","","","","","","","containerNumber","Container Number","Tracking identifiers","unsupported","2026-10-08"
"Crowley","CLAM","public","","","","","","","polName","POL Name","Origin","supported","2026-10-08"
"Crowley","CLAM","public","","","","","","","polLocode","POL Locode","Origin","supported","2026-10-08"
"Crowley","CLAM","public","","","","","","","polTimezone","POL Timezone","Origin","supported","2026-10-08"
"Crowley","CLAM","public","","","","","","","polEtd","POL ETD","Origin","supported","2026-10-08"
"Crowley","CLAM","public","","","","","","","polAtd","POL ATD","Origin","supported","2026-10-08"
"Crowley","CLAM","public","","","","","","","podName","POD Name","Destination port","supported","2026-10-08"
"Crowley","CLAM","public","","","","","","","podLocode","POD Locode","Destination port","supported","2026-10-08"
"Crowley","CLAM","public","","","","","","","podTerminal","POD Terminal","Destination port","limited","2026-10-08"
"Crowley","CLAM","public","","","","","","","podTimezone","POD Timezone","Destination port","supported","2026-10-08"
"Crowley","CLAM","public","","","","","","","podVoyageNumber","POD Voyage Number","Destination port","supported","2026-10-08"
"Crowley","CLAM","public","","","","","","","podVesselName","POD Vessel Name","Destination port","supported","2026-10-08"
"Crowley","CLAM","public","","","","","","","podVesselImo","POD Vessel IMO","Destination port","supported","2026-10-08"
"Crowley","CLAM","public","","","","","","","podEta","POD ETA","Destination port","supported","2026-10-08"
"Crowley","CLAM","public","","","","","","","podAta","POD ATA","Destination port","supported","2026-10-08"
"Crowley","CLAM","public","","","","","","","destinationName","Destination Name","Inland destination","unsupported","2026-10-08"
"Crowley","CLAM","public","","","","","","","destinationLocode","Destination Locode","Inland destination","unsupported","2026-10-08"
"Crowley","CLAM","public","","","","","","","destinationTimezone","Destination Timezone","Inland destination","unsupported","2026-10-08"
"Crowley","CLAM","public","","","","","","","destinationEta","Destination ETA","Inland destination","unsupported","2026-10-08"
"Crowley","CLAM","public","","","","","","","destinationAta","Destination ATA","Inland destination","unsupported","2026-10-08"
"Crowley","CLAM","public","","","","","","","number","Number","Container attributes","supported","2026-10-08"
"Crowley","CLAM","public","","","","","","","sealNumber","Seal Number","Container attributes","unsupported","2026-10-08"
"Crowley","CLAM","public","","","","","","","equipmentType","Equipment Type","Container attributes","supported","2026-10-08"
"Crowley","CLAM","public","","","","","","","equipmentLength","Equipment Length","Container attributes","supported","2026-10-08"
"Crowley","CLAM","public","","","","","","","equipmentHeight","Equipment Height","Container attributes","supported","2026-10-08"
"Crowley","CLAM","public","","","","","","","weightLbs","Weight (Lbs)","Container attributes","unsupported","2026-10-08"
"Crowley","CLAM","public","","","","","","","podArrivedAt","POD Arrived At","Container attributes","supported","2026-10-08"
"Crowley","CLAM","public","","","","","","","podDischargedAt","POD Discharged At","Container attributes","supported","2026-10-08"
"Crowley","CLAM","public","","","","","","","podFullOutAt","POD Full Out At","Container attributes","supported","2026-10-08"
"Crowley","CLAM","public","","","","","","","destinationArrivedAt","Destination Arrived At","Container attributes","unsupported","2026-10-08"
"Crowley","CLAM","public","","","","","","","destinationFullOutAt","Destination Full Out At","Container attributes","unsupported","2026-10-08"
"Crowley","CLAM","public","","","","","","","emptyTerminatedAt","Empty Terminated At","Container attributes","limited","2026-10-08"
"Crowley","CLAM","public","","","","","","","emptyOut","Empty Out","Container milestones","unsupported","2026-10-08"
"Crowley","CLAM","public","","","","","","","fullIn","Full In","Container milestones","limited","2026-10-08"
"Crowley","CLAM","public","","","","","","","vesselLoaded","Vessel Loaded","Container milestones","supported","2026-10-08"
"Crowley","CLAM","public","","","","","","","vesselDeparted","Vessel Departed","Container milestones","supported","2026-10-08"
"Crowley","CLAM","public","","","","","","","transshipmentArrived","Transshipment Arrived","Container milestones","unsupported","2026-10-08"
"Crowley","CLAM","public","","","","","","","transshipmentDischarged","Transshipment Discharged","Container milestones","unsupported","2026-10-08"
"Crowley","CLAM","public","","","","","","","transshipmentLoaded","Transshipment Loaded","Container milestones","unsupported","2026-10-08"
"Crowley","CLAM","public","","","","","","","transshipmentDeparted","Transshipment Departed","Container milestones","unsupported","2026-10-08"
"Crowley","CLAM","public","","","","","","","vesselArrived","Vessel Arrived","Container milestones","supported","2026-10-08"
"Crowley","CLAM","public","","","","","","","vesselBerthed","Vessel Berthed","Container milestones","unsupported","2026-10-08"
"Crowley","CLAM","public","","","","","","","vesselDischarged","Vessel Discharged","Container milestones","supported","2026-10-08"
"Crowley","CLAM","public","","","","","","","fullOut","Full Out","Container milestones","supported","2026-10-08"
"Crowley","CLAM","public","","","","","","","emptyReturned","Empty Returned","Container milestones","limited","2026-10-08"
"Crowley","CLAM","public","","","","","","","feederArrived","Feeder Arrived","Additional milestones","unsupported","2026-10-08"
"Crowley","CLAM","public","","","","","","","feederDischarged","Feeder Discharged","Additional milestones","unsupported","2026-10-08"
"Crowley","CLAM","public","","","","","","","feederLoaded","Feeder Loaded","Additional milestones","unsupported","2026-10-08"
"Crowley","CLAM","public","","","","","","","feederDeparted","Feeder Departed","Additional milestones","unsupported","2026-10-08"
"Crowley","CLAM","public","","","","","","","railLoaded","Rail Loaded","Additional milestones","unsupported","2026-10-08"
"Crowley","CLAM","public","","","","","","","railDeparted","Rail Departed","Additional milestones","unsupported","2026-10-08"
"Crowley","CLAM","public","","","","","","","railArrived","Rail Arrived","Additional milestones","unsupported","2026-10-08"
"Crowley","CLAM","public","","","","","","","railUnloaded","Rail Unloaded","Additional milestones","supported","2026-10-08"
"Crowley","CLAM","public","","","","","","","arrivedAtDestination","Arrived At Destination","Additional milestones","unsupported","2026-10-08"
"Crowley","CLAM","public","","","","","","","delivered","Delivered","Additional milestones","unsupported","2026-10-08"
"Crowley","CLAM","public","","","","","","","estimatedArrivalAtFinalDestination","Estimated Arrival at Final Destination","Additional milestones","unsupported","2026-10-08"
"Crowley","CLAM","public","","","","","","","sslLfdChanged","SSL LFD Changed","Other events","unsupported","2026-10-08"
"Crowley","CLAM","public","","","","","","","estimatedArrival","Estimated Arrival","Other events","unsupported","2026-10-08"
"Crowley","CLAM","public","","","","","","","bookingCancelled","Booking Cancelled","Other events","unsupported","2026-10-08"
"CULines","CULU","public","","","","","","","billOfLading","Bill Of Lading","Tracking identifiers","supported","2026-10-08"
"CULines","CULU","public","","","","","","","bookingNumber","Booking Number","Tracking identifiers","supported","2026-10-08"
"CULines","CULU","public","","","","","","","containerNumber","Container Number","Tracking identifiers","supported","2026-10-08"
"CULines","CULU","public","","","","","","","polName","POL Name","Origin","supported","2026-10-08"
"CULines","CULU","public","","","","","","","polLocode","POL Locode","Origin","supported","2026-10-08"
"CULines","CULU","public","","","","","","","polTimezone","POL Timezone","Origin","supported","2026-10-08"
"CULines","CULU","public","","","","","","","polEtd","POL ETD","Origin","supported","2026-10-08"
"CULines","CULU","public","","","","","","","polAtd","POL ATD","Origin","supported","2026-10-08"
"CULines","CULU","public","","","","","","","podName","POD Name","Destination port","supported","2026-10-08"
"CULines","CULU","public","","","","","","","podLocode","POD Locode","Destination port","supported","2026-10-08"
"CULines","CULU","public","","","","","","","podTerminal","POD Terminal","Destination port","limited","2026-10-08"
"CULines","CULU","public","","","","","","","podTimezone","POD Timezone","Destination port","supported","2026-10-08"
"CULines","CULU","public","","","","","","","podVoyageNumber","POD Voyage Number","Destination port","supported","2026-10-08"
"CULines","CULU","public","","","","","","","podVesselName","POD Vessel Name","Destination port","supported","2026-10-08"
"CULines","CULU","public","","","","","","","podVesselImo","POD Vessel IMO","Destination port","supported","2026-10-08"
"CULines","CULU","public","","","","","","","podEta","POD ETA","Destination port","supported","2026-10-08"
"CULines","CULU","public","","","","","","","podAta","POD ATA","Destination port","supported","2026-10-08"
"CULines","CULU","public","","","","","","","destinationName","Destination Name","Inland destination","supported","2026-10-08"
"CULines","CULU","public","","","","","","","destinationLocode","Destination Locode","Inland destination","supported","2026-10-08"
"CULines","CULU","public","","","","","","","destinationTimezone","Destination Timezone","Inland destination","supported","2026-10-08"
"CULines","CULU","public","","","","","","","destinationEta","Destination ETA","Inland destination","supported","2026-10-08"
"CULines","CULU","public","","","","","","","destinationAta","Destination ATA","Inland destination","supported","2026-10-08"
"CULines","CULU","public","","","","","","","number","Number","Container attributes","supported","2026-10-08"
"CULines","CULU","public","","","","","","","sealNumber","Seal Number","Container attributes","supported","2026-10-08"
"CULines","CULU","public","","","","","","","equipmentType","Equipment Type","Container attributes","supported","2026-10-08"
"CULines","CULU","public","","","","","","","equipmentLength","Equipment Length","Container attributes","supported","2026-10-08"
"CULines","CULU","public","","","","","","","equipmentHeight","Equipment Height","Container attributes","supported","2026-10-08"
"CULines","CULU","public","","","","","","","weightLbs","Weight (Lbs)","Container attributes","supported","2026-10-08"
"CULines","CULU","public","","","","","","","podArrivedAt","POD Arrived At","Container attributes","supported","2026-10-08"
"CULines","CULU","public","","","","","","","podDischargedAt","POD Discharged At","Container attributes","supported","2026-10-08"
"CULines","CULU","public","","","","","","","podFullOutAt","POD Full Out At","Container attributes","supported","2026-10-08"
"CULines","CULU","public","","","","","","","destinationArrivedAt","Destination Arrived At","Container attributes","unsupported","2026-10-08"
"CULines","CULU","public","","","","","","","destinationFullOutAt","Destination Full Out At","Container attributes","supported","2026-10-08"
"CULines","CULU","public","","","","","","","emptyTerminatedAt","Empty Terminated At","Container attributes","supported","2026-10-08"
"CULines","CULU","public","","","","","","","emptyOut","Empty Out","Container milestones","supported","2026-10-08"
"CULines","CULU","public","","","","","","","fullIn","Full In","Container milestones","supported","2026-10-08"
"CULines","CULU","public","","","","","","","vesselLoaded","Vessel Loaded","Container milestones","supported","2026-10-08"
"CULines","CULU","public","","","","","","","vesselDeparted","Vessel Departed","Container milestones","supported","2026-10-08"
"CULines","CULU","public","","","","","","","transshipmentArrived","Transshipment Arrived","Container milestones","supported","2026-10-08"
"CULines","CULU","public","","","","","","","transshipmentDischarged","Transshipment Discharged","Container milestones","supported","2026-10-08"
"CULines","CULU","public","","","","","","","transshipmentLoaded","Transshipment Loaded","Container milestones","supported","2026-10-08"
"CULines","CULU","public","","","","","","","transshipmentDeparted","Transshipment Departed","Container milestones","supported","2026-10-08"
"CULines","CULU","public","","","","","","","vesselArrived","Vessel Arrived","Container milestones","supported","2026-10-08"
"CULines","CULU","public","","","","","","","vesselBerthed","Vessel Berthed","Container milestones","unsupported","2026-10-08"
"CULines","CULU","public","","","","","","","vesselDischarged","Vessel Discharged","Container milestones","supported","2026-10-08"
"CULines","CULU","public","","","","","","","fullOut","Full Out","Container milestones","supported","2026-10-08"
"CULines","CULU","public","","","","","","","emptyReturned","Empty Returned","Container milestones","supported","2026-10-08"
"CULines","CULU","public","","","","","","","feederArrived","Feeder Arrived","Additional milestones","unsupported","2026-10-08"
"CULines","CULU","public","","","","","","","feederDischarged","Feeder Discharged","Additional milestones","unsupported","2026-10-08"
"CULines","CULU","public","","","","","","","feederLoaded","Feeder Loaded","Additional milestones","unsupported","2026-10-08"
"CULines","CULU","public","","","","","","","feederDeparted","Feeder Departed","Additional milestones","unsupported","2026-10-08"
"CULines","CULU","public","","","","","","","railLoaded","Rail Loaded","Additional milestones","supported","2026-10-08"
"CULines","CULU","public","","","","","","","railDeparted","Rail Departed","Additional milestones","supported","2026-10-08"
"CULines","CULU","public","","","","","","","railArrived","Rail Arrived","Additional milestones","supported","2026-10-08"
"CULines","CULU","public","","","","","","","railUnloaded","Rail Unloaded","Additional milestones","supported","2026-10-08"
"CULines","CULU","public","","","","","","","arrivedAtDestination","Arrived At Destination","Additional milestones","supported","2026-10-08"
"CULines","CULU","public","","","","","","","delivered","Delivered","Additional milestones","unsupported","2026-10-08"
"CULines","CULU","public","","","","","","","estimatedArrivalAtFinalDestination","Estimated Arrival at Final Destination","Additional milestones","supported","2026-10-08"
"CULines","CULU","public","","","","","","","sslLfdChanged","SSL LFD Changed","Other events","unsupported","2026-10-08"
"CULines","CULU","public","","","","","","","estimatedArrival","Estimated Arrival","Other events","supported","2026-10-08"
"CULines","CULU","public","","","","","","","bookingCancelled","Booking Cancelled","Other events","unsupported","2026-10-08"
"Evergreen","EGLV","public","","","","","","","billOfLading","Bill Of Lading","Tracking identifiers","supported","2026-10-08"
"Evergreen","EGLV","public","","","","","","","bookingNumber","Booking Number","Tracking identifiers","supported","2026-10-08"
"Evergreen","EGLV","public","","","","","","","containerNumber","Container Number","Tracking identifiers","supported","2026-10-08"
"Evergreen","EGLV","public","","","","","","","polName","POL Name","Origin","supported","2026-10-08"
"Evergreen","EGLV","public","","","","","","","polLocode","POL Locode","Origin","supported","2026-10-08"
"Evergreen","EGLV","public","","","","","","","polTimezone","POL Timezone","Origin","supported","2026-10-08"
"Evergreen","EGLV","public","","","","","","","polEtd","POL ETD","Origin","supported","2026-10-08"
"Evergreen","EGLV","public","","","","","","","polAtd","POL ATD","Origin","supported","2026-10-08"
"Evergreen","EGLV","public","","","","","","","podName","POD Name","Destination port","supported","2026-10-08"
"Evergreen","EGLV","public","","","","","","","podLocode","POD Locode","Destination port","supported","2026-10-08"
"Evergreen","EGLV","public","","","","","","","podTerminal","POD Terminal","Destination port","supported","2026-10-08"
"Evergreen","EGLV","public","","","","","","","podTimezone","POD Timezone","Destination port","supported","2026-10-08"
"Evergreen","EGLV","public","","","","","","","podVoyageNumber","POD Voyage Number","Destination port","supported","2026-10-08"
"Evergreen","EGLV","public","","","","","","","podVesselName","POD Vessel Name","Destination port","supported","2026-10-08"
"Evergreen","EGLV","public","","","","","","","podVesselImo","POD Vessel IMO","Destination port","supported","2026-10-08"
"Evergreen","EGLV","public","","","","","","","podEta","POD ETA","Destination port","supported","2026-10-08"
"Evergreen","EGLV","public","","","","","","","podAta","POD ATA","Destination port","supported","2026-10-08"
"Evergreen","EGLV","public","","","","","","","destinationName","Destination Name","Inland destination","supported","2026-10-08"
"Evergreen","EGLV","public","","","","","","","destinationLocode","Destination Locode","Inland destination","supported","2026-10-08"
"Evergreen","EGLV","public","","","","","","","destinationTimezone","Destination Timezone","Inland destination","supported","2026-10-08"
"Evergreen","EGLV","public","","","","","","","destinationEta","Destination ETA","Inland destination","supported","2026-10-08"
"Evergreen","EGLV","public","","","","","","","destinationAta","Destination ATA","Inland destination","supported","2026-10-08"
"Evergreen","EGLV","public","","","","","","","number","Number","Container attributes","supported","2026-10-08"
"Evergreen","EGLV","public","","","","","","","sealNumber","Seal Number","Container attributes","supported","2026-10-08"
"Evergreen","EGLV","public","","","","","","","equipmentType","Equipment Type","Container attributes","supported","2026-10-08"
"Evergreen","EGLV","public","","","","","","","equipmentLength","Equipment Length","Container attributes","supported","2026-10-08"
"Evergreen","EGLV","public","","","","","","","equipmentHeight","Equipment Height","Container attributes","supported","2026-10-08"
"Evergreen","EGLV","public","","","","","","","weightLbs","Weight (Lbs)","Container attributes","supported","2026-10-08"
"Evergreen","EGLV","public","","","","","","","podArrivedAt","POD Arrived At","Container attributes","supported","2026-10-08"
"Evergreen","EGLV","public","","","","","","","podDischargedAt","POD Discharged At","Container attributes","supported","2026-10-08"
"Evergreen","EGLV","public","","","","","","","podFullOutAt","POD Full Out At","Container attributes","supported","2026-10-08"
"Evergreen","EGLV","public","","","","","","","destinationArrivedAt","Destination Arrived At","Container attributes","supported","2026-10-08"
"Evergreen","EGLV","public","","","","","","","destinationFullOutAt","Destination Full Out At","Container attributes","supported","2026-10-08"
"Evergreen","EGLV","public","","","","","","","emptyTerminatedAt","Empty Terminated At","Container attributes","supported","2026-10-08"
"Evergreen","EGLV","public","","","","","","","emptyOut","Empty Out","Container milestones","supported","2026-10-08"
"Evergreen","EGLV","public","","","","","","","fullIn","Full In","Container milestones","supported","2026-10-08"
"Evergreen","EGLV","public","","","","","","","vesselLoaded","Vessel Loaded","Container milestones","supported","2026-10-08"
"Evergreen","EGLV","public","","","","","","","vesselDeparted","Vessel Departed","Container milestones","supported","2026-10-08"
"Evergreen","EGLV","public","","","","","","","transshipmentArrived","Transshipment Arrived","Container milestones","unsupported","2026-10-08"
"Evergreen","EGLV","public","","","","","","","transshipmentDischarged","Transshipment Discharged","Container milestones","supported","2026-10-08"
"Evergreen","EGLV","public","","","","","","","transshipmentLoaded","Transshipment Loaded","Container milestones","supported","2026-10-08"
"Evergreen","EGLV","public","","","","","","","transshipmentDeparted","Transshipment Departed","Container milestones","unsupported","2026-10-08"
"Evergreen","EGLV","public","","","","","","","vesselArrived","Vessel Arrived","Container milestones","supported","2026-10-08"
"Evergreen","EGLV","public","","","","","","","vesselBerthed","Vessel Berthed","Container milestones","unsupported","2026-10-08"
"Evergreen","EGLV","public","","","","","","","vesselDischarged","Vessel Discharged","Container milestones","supported","2026-10-08"
"Evergreen","EGLV","public","","","","","","","fullOut","Full Out","Container milestones","supported","2026-10-08"
"Evergreen","EGLV","public","","","","","","","emptyReturned","Empty Returned","Container milestones","supported","2026-10-08"
"Evergreen","EGLV","public","","","","","","","feederArrived","Feeder Arrived","Additional milestones","unsupported","2026-10-08"
"Evergreen","EGLV","public","","","","","","","feederDischarged","Feeder Discharged","Additional milestones","unsupported","2026-10-08"
"Evergreen","EGLV","public","","","","","","","feederLoaded","Feeder Loaded","Additional milestones","unsupported","2026-10-08"
"Evergreen","EGLV","public","","","","","","","feederDeparted","Feeder Departed","Additional milestones","unsupported","2026-10-08"
"Evergreen","EGLV","public","","","","","","","railLoaded","Rail Loaded","Additional milestones","limited","2026-10-08"
"Evergreen","EGLV","public","","","","","","","railDeparted","Rail Departed","Additional milestones","supported","2026-10-08"
"Evergreen","EGLV","public","","","","","","","railArrived","Rail Arrived","Additional milestones","supported","2026-10-08"
"Evergreen","EGLV","public","","","","","","","railUnloaded","Rail Unloaded","Additional milestones","supported","2026-10-08"
"Evergreen","EGLV","public","","","","","","","arrivedAtDestination","Arrived At Destination","Additional milestones","supported","2026-10-08"
"Evergreen","EGLV","public","","","","","","","delivered","Delivered","Additional milestones","unsupported","2026-10-08"
"Evergreen","EGLV","public","","","","","","","estimatedArrivalAtFinalDestination","Estimated Arrival at Final Destination","Additional milestones","limited","2026-10-08"
"Evergreen","EGLV","public","","","","","","","sslLfdChanged","SSL LFD Changed","Other events","limited","2026-10-08"
"Evergreen","EGLV","public","","","","","","","estimatedArrival","Estimated Arrival","Other events","supported","2026-10-08"
"Evergreen","EGLV","public","","","","","","","bookingCancelled","Booking Cancelled","Other events","supported","2026-10-08"
"Gold Star Line","GOSU","public","","","","","","","billOfLading","Bill Of Lading","Tracking identifiers","supported","2026-10-08"
"Gold Star Line","GOSU","public","","","","","","","bookingNumber","Booking Number","Tracking identifiers","supported","2026-10-08"
"Gold Star Line","GOSU","public","","","","","","","containerNumber","Container Number","Tracking identifiers","supported","2026-10-08"
"Gold Star Line","GOSU","public","","","","","","","polName","POL Name","Origin","supported","2026-10-08"
"Gold Star Line","GOSU","public","","","","","","","polLocode","POL Locode","Origin","supported","2026-10-08"
"Gold Star Line","GOSU","public","","","","","","","polTimezone","POL Timezone","Origin","supported","2026-10-08"
"Gold Star Line","GOSU","public","","","","","","","polEtd","POL ETD","Origin","supported","2026-10-08"
"Gold Star Line","GOSU","public","","","","","","","polAtd","POL ATD","Origin","supported","2026-10-08"
"Gold Star Line","GOSU","public","","","","","","","podName","POD Name","Destination port","supported","2026-10-08"
"Gold Star Line","GOSU","public","","","","","","","podLocode","POD Locode","Destination port","supported","2026-10-08"
"Gold Star Line","GOSU","public","","","","","","","podTerminal","POD Terminal","Destination port","supported","2026-10-08"
"Gold Star Line","GOSU","public","","","","","","","podTimezone","POD Timezone","Destination port","supported","2026-10-08"
"Gold Star Line","GOSU","public","","","","","","","podVoyageNumber","POD Voyage Number","Destination port","supported","2026-10-08"
"Gold Star Line","GOSU","public","","","","","","","podVesselName","POD Vessel Name","Destination port","supported","2026-10-08"
"Gold Star Line","GOSU","public","","","","","","","podVesselImo","POD Vessel IMO","Destination port","supported","2026-10-08"
"Gold Star Line","GOSU","public","","","","","","","podEta","POD ETA","Destination port","supported","2026-10-08"
"Gold Star Line","GOSU","public","","","","","","","podAta","POD ATA","Destination port","supported","2026-10-08"
"Gold Star Line","GOSU","public","","","","","","","destinationName","Destination Name","Inland destination","supported","2026-10-08"
"Gold Star Line","GOSU","public","","","","","","","destinationLocode","Destination Locode","Inland destination","supported","2026-10-08"
"Gold Star Line","GOSU","public","","","","","","","destinationTimezone","Destination Timezone","Inland destination","supported","2026-10-08"
"Gold Star Line","GOSU","public","","","","","","","destinationEta","Destination ETA","Inland destination","supported","2026-10-08"
"Gold Star Line","GOSU","public","","","","","","","destinationAta","Destination ATA","Inland destination","supported","2026-10-08"
"Gold Star Line","GOSU","public","","","","","","","number","Number","Container attributes","supported","2026-10-08"
"Gold Star Line","GOSU","public","","","","","","","sealNumber","Seal Number","Container attributes","supported","2026-10-08"
"Gold Star Line","GOSU","public","","","","","","","equipmentType","Equipment Type","Container attributes","supported","2026-10-08"
"Gold Star Line","GOSU","public","","","","","","","equipmentLength","Equipment Length","Container attributes","supported","2026-10-08"
"Gold Star Line","GOSU","public","","","","","","","equipmentHeight","Equipment Height","Container attributes","supported","2026-10-08"
"Gold Star Line","GOSU","public","","","","","","","weightLbs","Weight (Lbs)","Container attributes","supported","2026-10-08"
"Gold Star Line","GOSU","public","","","","","","","podArrivedAt","POD Arrived At","Container attributes","supported","2026-10-08"
"Gold Star Line","GOSU","public","","","","","","","podDischargedAt","POD Discharged At","Container attributes","supported","2026-10-08"
"Gold Star Line","GOSU","public","","","","","","","podFullOutAt","POD Full Out At","Container attributes","supported","2026-10-08"
"Gold Star Line","GOSU","public","","","","","","","destinationArrivedAt","Destination Arrived At","Container attributes","supported","2026-10-08"
"Gold Star Line","GOSU","public","","","","","","","destinationFullOutAt","Destination Full Out At","Container attributes","supported","2026-10-08"
"Gold Star Line","GOSU","public","","","","","","","emptyTerminatedAt","Empty Terminated At","Container attributes","supported","2026-10-08"
"Gold Star Line","GOSU","public","","","","","","","emptyOut","Empty Out","Container milestones","supported","2026-10-08"
"Gold Star Line","GOSU","public","","","","","","","fullIn","Full In","Container milestones","supported","2026-10-08"
"Gold Star Line","GOSU","public","","","","","","","vesselLoaded","Vessel Loaded","Container milestones","supported","2026-10-08"
"Gold Star Line","GOSU","public","","","","","","","vesselDeparted","Vessel Departed","Container milestones","supported","2026-10-08"
"Gold Star Line","GOSU","public","","","","","","","transshipmentArrived","Transshipment Arrived","Container milestones","supported","2026-10-08"
"Gold Star Line","GOSU","public","","","","","","","transshipmentDischarged","Transshipment Discharged","Container milestones","supported","2026-10-08"
"Gold Star Line","GOSU","public","","","","","","","transshipmentLoaded","Transshipment Loaded","Container milestones","supported","2026-10-08"
"Gold Star Line","GOSU","public","","","","","","","transshipmentDeparted","Transshipment Departed","Container milestones","supported","2026-10-08"
"Gold Star Line","GOSU","public","","","","","","","vesselArrived","Vessel Arrived","Container milestones","supported","2026-10-08"
"Gold Star Line","GOSU","public","","","","","","","vesselBerthed","Vessel Berthed","Container milestones","supported","2026-10-08"
"Gold Star Line","GOSU","public","","","","","","","vesselDischarged","Vessel Discharged","Container milestones","supported","2026-10-08"
"Gold Star Line","GOSU","public","","","","","","","fullOut","Full Out","Container milestones","supported","2026-10-08"
"Gold Star Line","GOSU","public","","","","","","","emptyReturned","Empty Returned","Container milestones","supported","2026-10-08"
"Gold Star Line","GOSU","public","","","","","","","feederArrived","Feeder Arrived","Additional milestones","supported","2026-10-08"
"Gold Star Line","GOSU","public","","","","","","","feederDischarged","Feeder Discharged","Additional milestones","supported","2026-10-08"
"Gold Star Line","GOSU","public","","","","","","","feederLoaded","Feeder Loaded","Additional milestones","supported","2026-10-08"
"Gold Star Line","GOSU","public","","","","","","","feederDeparted","Feeder Departed","Additional milestones","supported","2026-10-08"
"Gold Star Line","GOSU","public","","","","","","","railLoaded","Rail Loaded","Additional milestones","supported","2026-10-08"
"Gold Star Line","GOSU","public","","","","","","","railDeparted","Rail Departed","Additional milestones","supported","2026-10-08"
"Gold Star Line","GOSU","public","","","","","","","railArrived","Rail Arrived","Additional milestones","supported","2026-10-08"
"Gold Star Line","GOSU","public","","","","","","","railUnloaded","Rail Unloaded","Additional milestones","supported","2026-10-08"
"Gold Star Line","GOSU","public","","","","","","","arrivedAtDestination","Arrived At Destination","Additional milestones","supported","2026-10-08"
"Gold Star Line","GOSU","public","","","","","","","delivered","Delivered","Additional milestones","supported","2026-10-08"
"Gold Star Line","GOSU","public","","","","","","","estimatedArrivalAtFinalDestination","Estimated Arrival at Final Destination","Additional milestones","supported","2026-10-08"
"Gold Star Line","GOSU","public","","","","","","","sslLfdChanged","SSL LFD Changed","Other events","supported","2026-10-08"
"Gold Star Line","GOSU","public","","","","","","","estimatedArrival","Estimated Arrival","Other events","supported","2026-10-08"
"Gold Star Line","GOSU","public","","","","","","","bookingCancelled","Booking Cancelled","Other events","supported","2026-10-08"
"Hapag-Lloyd","HLCU","public","","","","","","","billOfLading","Bill Of Lading","Tracking identifiers","supported","2026-10-08"
"Hapag-Lloyd","HLCU","public","","","","","","","bookingNumber","Booking Number","Tracking identifiers","supported","2026-10-08"
"Hapag-Lloyd","HLCU","public","","","","","","","containerNumber","Container Number","Tracking identifiers","supported","2026-10-08"
"Hapag-Lloyd","HLCU","public","","","","","","","polName","POL Name","Origin","supported","2026-10-08"
"Hapag-Lloyd","HLCU","public","","","","","","","polLocode","POL Locode","Origin","supported","2026-10-08"
"Hapag-Lloyd","HLCU","public","","","","","","","polTimezone","POL Timezone","Origin","supported","2026-10-08"
"Hapag-Lloyd","HLCU","public","","","","","","","polEtd","POL ETD","Origin","supported","2026-10-08"
"Hapag-Lloyd","HLCU","public","","","","","","","polAtd","POL ATD","Origin","supported","2026-10-08"
"Hapag-Lloyd","HLCU","public","","","","","","","podName","POD Name","Destination port","supported","2026-10-08"
"Hapag-Lloyd","HLCU","public","","","","","","","podLocode","POD Locode","Destination port","supported","2026-10-08"
"Hapag-Lloyd","HLCU","public","","","","","","","podTerminal","POD Terminal","Destination port","limited","2026-10-08"
"Hapag-Lloyd","HLCU","public","","","","","","","podTimezone","POD Timezone","Destination port","supported","2026-10-08"
"Hapag-Lloyd","HLCU","public","","","","","","","podVoyageNumber","POD Voyage Number","Destination port","supported","2026-10-08"
"Hapag-Lloyd","HLCU","public","","","","","","","podVesselName","POD Vessel Name","Destination port","supported","2026-10-08"
"Hapag-Lloyd","HLCU","public","","","","","","","podVesselImo","POD Vessel IMO","Destination port","supported","2026-10-08"
"Hapag-Lloyd","HLCU","public","","","","","","","podEta","POD ETA","Destination port","supported","2026-10-08"
"Hapag-Lloyd","HLCU","public","","","","","","","podAta","POD ATA","Destination port","supported","2026-10-08"
"Hapag-Lloyd","HLCU","public","","","","","","","destinationName","Destination Name","Inland destination","supported","2026-10-08"
"Hapag-Lloyd","HLCU","public","","","","","","","destinationLocode","Destination Locode","Inland destination","supported","2026-10-08"
"Hapag-Lloyd","HLCU","public","","","","","","","destinationTimezone","Destination Timezone","Inland destination","supported","2026-10-08"
"Hapag-Lloyd","HLCU","public","","","","","","","destinationEta","Destination ETA","Inland destination","supported","2026-10-08"
"Hapag-Lloyd","HLCU","public","","","","","","","destinationAta","Destination ATA","Inland destination","supported","2026-10-08"
"Hapag-Lloyd","HLCU","public","","","","","","","number","Number","Container attributes","supported","2026-10-08"
"Hapag-Lloyd","HLCU","public","","","","","","","sealNumber","Seal Number","Container attributes","unsupported","2026-10-08"
"Hapag-Lloyd","HLCU","public","","","","","","","equipmentType","Equipment Type","Container attributes","supported","2026-10-08"
"Hapag-Lloyd","HLCU","public","","","","","","","equipmentLength","Equipment Length","Container attributes","supported","2026-10-08"
"Hapag-Lloyd","HLCU","public","","","","","","","equipmentHeight","Equipment Height","Container attributes","supported","2026-10-08"
"Hapag-Lloyd","HLCU","public","","","","","","","weightLbs","Weight (Lbs)","Container attributes","unsupported","2026-10-08"
"Hapag-Lloyd","HLCU","public","","","","","","","podArrivedAt","POD Arrived At","Container attributes","supported","2026-10-08"
"Hapag-Lloyd","HLCU","public","","","","","","","podDischargedAt","POD Discharged At","Container attributes","supported","2026-10-08"
"Hapag-Lloyd","HLCU","public","","","","","","","podFullOutAt","POD Full Out At","Container attributes","supported","2026-10-08"
"Hapag-Lloyd","HLCU","public","","","","","","","destinationArrivedAt","Destination Arrived At","Container attributes","supported","2026-10-08"
"Hapag-Lloyd","HLCU","public","","","","","","","destinationFullOutAt","Destination Full Out At","Container attributes","supported","2026-10-08"
"Hapag-Lloyd","HLCU","public","","","","","","","emptyTerminatedAt","Empty Terminated At","Container attributes","supported","2026-10-08"
"Hapag-Lloyd","HLCU","public","","","","","","","emptyOut","Empty Out","Container milestones","supported","2026-10-08"
"Hapag-Lloyd","HLCU","public","","","","","","","fullIn","Full In","Container milestones","supported","2026-10-08"
"Hapag-Lloyd","HLCU","public","","","","","","","vesselLoaded","Vessel Loaded","Container milestones","supported","2026-10-08"
"Hapag-Lloyd","HLCU","public","","","","","","","vesselDeparted","Vessel Departed","Container milestones","supported","2026-10-08"
"Hapag-Lloyd","HLCU","public","","","","","","","transshipmentArrived","Transshipment Arrived","Container milestones","unsupported","2026-10-08"
"Hapag-Lloyd","HLCU","public","","","","","","","transshipmentDischarged","Transshipment Discharged","Container milestones","supported","2026-10-08"
"Hapag-Lloyd","HLCU","public","","","","","","","transshipmentLoaded","Transshipment Loaded","Container milestones","supported","2026-10-08"
"Hapag-Lloyd","HLCU","public","","","","","","","transshipmentDeparted","Transshipment Departed","Container milestones","unsupported","2026-10-08"
"Hapag-Lloyd","HLCU","public","","","","","","","vesselArrived","Vessel Arrived","Container milestones","supported","2026-10-08"
"Hapag-Lloyd","HLCU","public","","","","","","","vesselBerthed","Vessel Berthed","Container milestones","unsupported","2026-10-08"
"Hapag-Lloyd","HLCU","public","","","","","","","vesselDischarged","Vessel Discharged","Container milestones","supported","2026-10-08"
"Hapag-Lloyd","HLCU","public","","","","","","","fullOut","Full Out","Container milestones","supported","2026-10-08"
"Hapag-Lloyd","HLCU","public","","","","","","","emptyReturned","Empty Returned","Container milestones","supported","2026-10-08"
"Hapag-Lloyd","HLCU","public","","","","","","","feederArrived","Feeder Arrived","Additional milestones","unsupported","2026-10-08"
"Hapag-Lloyd","HLCU","public","","","","","","","feederDischarged","Feeder Discharged","Additional milestones","supported","2026-10-08"
"Hapag-Lloyd","HLCU","public","","","","","","","feederLoaded","Feeder Loaded","Additional milestones","supported","2026-10-08"
"Hapag-Lloyd","HLCU","public","","","","","","","feederDeparted","Feeder Departed","Additional milestones","unsupported","2026-10-08"
"Hapag-Lloyd","HLCU","public","","","","","","","railLoaded","Rail Loaded","Additional milestones","limited","2026-10-08"
"Hapag-Lloyd","HLCU","public","","","","","","","railDeparted","Rail Departed","Additional milestones","supported","2026-10-08"
"Hapag-Lloyd","HLCU","public","","","","","","","railArrived","Rail Arrived","Additional milestones","supported","2026-10-08"
"Hapag-Lloyd","HLCU","public","","","","","","","railUnloaded","Rail Unloaded","Additional milestones","unsupported","2026-10-08"
"Hapag-Lloyd","HLCU","public","","","","","","","arrivedAtDestination","Arrived At Destination","Additional milestones","supported","2026-10-08"
"Hapag-Lloyd","HLCU","public","","","","","","","delivered","Delivered","Additional milestones","unsupported","2026-10-08"
"Hapag-Lloyd","HLCU","public","","","","","","","estimatedArrivalAtFinalDestination","Estimated Arrival at Final Destination","Additional milestones","limited","2026-10-08"
"Hapag-Lloyd","HLCU","public","","","","","","","sslLfdChanged","SSL LFD Changed","Other events","unsupported","2026-10-08"
"Hapag-Lloyd","HLCU","public","","","","","","","estimatedArrival","Estimated Arrival","Other events","supported","2026-10-08"
"Hapag-Lloyd","HLCU","public","","","","","","","bookingCancelled","Booking Cancelled","Other events","supported","2026-10-08"
"HEDE Shipping","HDUJ","public","","","","","","","billOfLading","Bill Of Lading","Tracking identifiers","supported","2026-10-08"
"HEDE Shipping","HDUJ","public","","","","","","","bookingNumber","Booking Number","Tracking identifiers","supported","2026-10-08"
"HEDE Shipping","HDUJ","public","","","","","","","containerNumber","Container Number","Tracking identifiers","supported","2026-10-08"
"HEDE Shipping","HDUJ","public","","","","","","","polName","POL Name","Origin","supported","2026-10-08"
"HEDE Shipping","HDUJ","public","","","","","","","polLocode","POL Locode","Origin","supported","2026-10-08"
"HEDE Shipping","HDUJ","public","","","","","","","polTimezone","POL Timezone","Origin","supported","2026-10-08"
"HEDE Shipping","HDUJ","public","","","","","","","polEtd","POL ETD","Origin","supported","2026-10-08"
"HEDE Shipping","HDUJ","public","","","","","","","polAtd","POL ATD","Origin","supported","2026-10-08"
"HEDE Shipping","HDUJ","public","","","","","","","podName","POD Name","Destination port","supported","2026-10-08"
"HEDE Shipping","HDUJ","public","","","","","","","podLocode","POD Locode","Destination port","supported","2026-10-08"
"HEDE Shipping","HDUJ","public","","","","","","","podTerminal","POD Terminal","Destination port","supported","2026-10-08"
"HEDE Shipping","HDUJ","public","","","","","","","podTimezone","POD Timezone","Destination port","supported","2026-10-08"
"HEDE Shipping","HDUJ","public","","","","","","","podVoyageNumber","POD Voyage Number","Destination port","supported","2026-10-08"
"HEDE Shipping","HDUJ","public","","","","","","","podVesselName","POD Vessel Name","Destination port","supported","2026-10-08"
"HEDE Shipping","HDUJ","public","","","","","","","podVesselImo","POD Vessel IMO","Destination port","supported","2026-10-08"
"HEDE Shipping","HDUJ","public","","","","","","","podEta","POD ETA","Destination port","supported","2026-10-08"
"HEDE Shipping","HDUJ","public","","","","","","","podAta","POD ATA","Destination port","supported","2026-10-08"
"HEDE Shipping","HDUJ","public","","","","","","","destinationName","Destination Name","Inland destination","supported","2026-10-08"
"HEDE Shipping","HDUJ","public","","","","","","","destinationLocode","Destination Locode","Inland destination","supported","2026-10-08"
"HEDE Shipping","HDUJ","public","","","","","","","destinationTimezone","Destination Timezone","Inland destination","supported","2026-10-08"
"HEDE Shipping","HDUJ","public","","","","","","","destinationEta","Destination ETA","Inland destination","supported","2026-10-08"
"HEDE Shipping","HDUJ","public","","","","","","","destinationAta","Destination ATA","Inland destination","supported","2026-10-08"
"HEDE Shipping","HDUJ","public","","","","","","","number","Number","Container attributes","supported","2026-10-08"
"HEDE Shipping","HDUJ","public","","","","","","","sealNumber","Seal Number","Container attributes","supported","2026-10-08"
"HEDE Shipping","HDUJ","public","","","","","","","equipmentType","Equipment Type","Container attributes","supported","2026-10-08"
"HEDE Shipping","HDUJ","public","","","","","","","equipmentLength","Equipment Length","Container attributes","supported","2026-10-08"
"HEDE Shipping","HDUJ","public","","","","","","","equipmentHeight","Equipment Height","Container attributes","supported","2026-10-08"
"HEDE Shipping","HDUJ","public","","","","","","","weightLbs","Weight (Lbs)","Container attributes","supported","2026-10-08"
"HEDE Shipping","HDUJ","public","","","","","","","podArrivedAt","POD Arrived At","Container attributes","supported","2026-10-08"
"HEDE Shipping","HDUJ","public","","","","","","","podDischargedAt","POD Discharged At","Container attributes","supported","2026-10-08"
"HEDE Shipping","HDUJ","public","","","","","","","podFullOutAt","POD Full Out At","Container attributes","supported","2026-10-08"
"HEDE Shipping","HDUJ","public","","","","","","","destinationArrivedAt","Destination Arrived At","Container attributes","supported","2026-10-08"
"HEDE Shipping","HDUJ","public","","","","","","","destinationFullOutAt","Destination Full Out At","Container attributes","supported","2026-10-08"
"HEDE Shipping","HDUJ","public","","","","","","","emptyTerminatedAt","Empty Terminated At","Container attributes","supported","2026-10-08"
"HEDE Shipping","HDUJ","public","","","","","","","emptyOut","Empty Out","Container milestones","supported","2026-10-08"
"HEDE Shipping","HDUJ","public","","","","","","","fullIn","Full In","Container milestones","supported","2026-10-08"
"HEDE Shipping","HDUJ","public","","","","","","","vesselLoaded","Vessel Loaded","Container milestones","supported","2026-10-08"
"HEDE Shipping","HDUJ","public","","","","","","","vesselDeparted","Vessel Departed","Container milestones","supported","2026-10-08"
"HEDE Shipping","HDUJ","public","","","","","","","transshipmentArrived","Transshipment Arrived","Container milestones","supported","2026-10-08"
"HEDE Shipping","HDUJ","public","","","","","","","transshipmentDischarged","Transshipment Discharged","Container milestones","supported","2026-10-08"
"HEDE Shipping","HDUJ","public","","","","","","","transshipmentLoaded","Transshipment Loaded","Container milestones","supported","2026-10-08"
"HEDE Shipping","HDUJ","public","","","","","","","transshipmentDeparted","Transshipment Departed","Container milestones","supported","2026-10-08"
"HEDE Shipping","HDUJ","public","","","","","","","vesselArrived","Vessel Arrived","Container milestones","supported","2026-10-08"
"HEDE Shipping","HDUJ","public","","","","","","","vesselBerthed","Vessel Berthed","Container milestones","unsupported","2026-10-08"
"HEDE Shipping","HDUJ","public","","","","","","","vesselDischarged","Vessel Discharged","Container milestones","supported","2026-10-08"
"HEDE Shipping","HDUJ","public","","","","","","","fullOut","Full Out","Container milestones","supported","2026-10-08"
"HEDE Shipping","HDUJ","public","","","","","","","emptyReturned","Empty Returned","Container milestones","supported","2026-10-08"
"HEDE Shipping","HDUJ","public","","","","","","","feederArrived","Feeder Arrived","Additional milestones","unsupported","2026-10-08"
"HEDE Shipping","HDUJ","public","","","","","","","feederDischarged","Feeder Discharged","Additional milestones","unsupported","2026-10-08"
"HEDE Shipping","HDUJ","public","","","","","","","feederLoaded","Feeder Loaded","Additional milestones","unsupported","2026-10-08"
"HEDE Shipping","HDUJ","public","","","","","","","feederDeparted","Feeder Departed","Additional milestones","unsupported","2026-10-08"
"HEDE Shipping","HDUJ","public","","","","","","","railLoaded","Rail Loaded","Additional milestones","unsupported","2026-10-08"
"HEDE Shipping","HDUJ","public","","","","","","","railDeparted","Rail Departed","Additional milestones","unsupported","2026-10-08"
"HEDE Shipping","HDUJ","public","","","","","","","railArrived","Rail Arrived","Additional milestones","unsupported","2026-10-08"
"HEDE Shipping","HDUJ","public","","","","","","","railUnloaded","Rail Unloaded","Additional milestones","unsupported","2026-10-08"
"HEDE Shipping","HDUJ","public","","","","","","","arrivedAtDestination","Arrived At Destination","Additional milestones","unsupported","2026-10-08"
"HEDE Shipping","HDUJ","public","","","","","","","delivered","Delivered","Additional milestones","unsupported","2026-10-08"
"HEDE Shipping","HDUJ","public","","","","","","","estimatedArrivalAtFinalDestination","Estimated Arrival at Final Destination","Additional milestones","unsupported","2026-10-08"
"HEDE Shipping","HDUJ","public","","","","","","","sslLfdChanged","SSL LFD Changed","Other events","unsupported","2026-10-08"
"HEDE Shipping","HDUJ","public","","","","","","","estimatedArrival","Estimated Arrival","Other events","unsupported","2026-10-08"
"HEDE Shipping","HDUJ","public","","","","","","","bookingCancelled","Booking Cancelled","Other events","unsupported","2026-10-08"
"HMM","HDMU","public","","","","","","","billOfLading","Bill Of Lading","Tracking identifiers","supported","2026-10-08"
"HMM","HDMU","public","","","","","","","bookingNumber","Booking Number","Tracking identifiers","supported","2026-10-08"
"HMM","HDMU","public","","","","","","","containerNumber","Container Number","Tracking identifiers","supported","2026-10-08"
"HMM","HDMU","public","","","","","","","polName","POL Name","Origin","supported","2026-10-08"
"HMM","HDMU","public","","","","","","","polLocode","POL Locode","Origin","supported","2026-10-08"
"HMM","HDMU","public","","","","","","","polTimezone","POL Timezone","Origin","supported","2026-10-08"
"HMM","HDMU","public","","","","","","","polEtd","POL ETD","Origin","supported","2026-10-08"
"HMM","HDMU","public","","","","","","","polAtd","POL ATD","Origin","supported","2026-10-08"
"HMM","HDMU","public","","","","","","","podName","POD Name","Destination port","supported","2026-10-08"
"HMM","HDMU","public","","","","","","","podLocode","POD Locode","Destination port","supported","2026-10-08"
"HMM","HDMU","public","","","","","","","podTerminal","POD Terminal","Destination port","supported","2026-10-08"
"HMM","HDMU","public","","","","","","","podTimezone","POD Timezone","Destination port","supported","2026-10-08"
"HMM","HDMU","public","","","","","","","podVoyageNumber","POD Voyage Number","Destination port","supported","2026-10-08"
"HMM","HDMU","public","","","","","","","podVesselName","POD Vessel Name","Destination port","supported","2026-10-08"
"HMM","HDMU","public","","","","","","","podVesselImo","POD Vessel IMO","Destination port","supported","2026-10-08"
"HMM","HDMU","public","","","","","","","podEta","POD ETA","Destination port","supported","2026-10-08"
"HMM","HDMU","public","","","","","","","podAta","POD ATA","Destination port","supported","2026-10-08"
"HMM","HDMU","public","","","","","","","destinationName","Destination Name","Inland destination","supported","2026-10-08"
"HMM","HDMU","public","","","","","","","destinationLocode","Destination Locode","Inland destination","supported","2026-10-08"
"HMM","HDMU","public","","","","","","","destinationTimezone","Destination Timezone","Inland destination","supported","2026-10-08"
"HMM","HDMU","public","","","","","","","destinationEta","Destination ETA","Inland destination","supported","2026-10-08"
"HMM","HDMU","public","","","","","","","destinationAta","Destination ATA","Inland destination","supported","2026-10-08"
"HMM","HDMU","public","","","","","","","number","Number","Container attributes","supported","2026-10-08"
"HMM","HDMU","public","","","","","","","sealNumber","Seal Number","Container attributes","supported","2026-10-08"
"HMM","HDMU","public","","","","","","","equipmentType","Equipment Type","Container attributes","supported","2026-10-08"
"HMM","HDMU","public","","","","","","","equipmentLength","Equipment Length","Container attributes","supported","2026-10-08"
"HMM","HDMU","public","","","","","","","equipmentHeight","Equipment Height","Container attributes","supported","2026-10-08"
"HMM","HDMU","public","","","","","","","weightLbs","Weight (Lbs)","Container attributes","supported","2026-10-08"
"HMM","HDMU","public","","","","","","","podArrivedAt","POD Arrived At","Container attributes","supported","2026-10-08"
"HMM","HDMU","public","","","","","","","podDischargedAt","POD Discharged At","Container attributes","supported","2026-10-08"
"HMM","HDMU","public","","","","","","","podFullOutAt","POD Full Out At","Container attributes","supported","2026-10-08"
"HMM","HDMU","public","","","","","","","destinationArrivedAt","Destination Arrived At","Container attributes","supported","2026-10-08"
"HMM","HDMU","public","","","","","","","destinationFullOutAt","Destination Full Out At","Container attributes","supported","2026-10-08"
"HMM","HDMU","public","","","","","","","emptyTerminatedAt","Empty Terminated At","Container attributes","supported","2026-10-08"
"HMM","HDMU","public","","","","","","","emptyOut","Empty Out","Container milestones","supported","2026-10-08"
"HMM","HDMU","public","","","","","","","fullIn","Full In","Container milestones","supported","2026-10-08"
"HMM","HDMU","public","","","","","","","vesselLoaded","Vessel Loaded","Container milestones","supported","2026-10-08"
"HMM","HDMU","public","","","","","","","vesselDeparted","Vessel Departed","Container milestones","supported","2026-10-08"
"HMM","HDMU","public","","","","","","","transshipmentArrived","Transshipment Arrived","Container milestones","limited","2026-10-08"
"HMM","HDMU","public","","","","","","","transshipmentDischarged","Transshipment Discharged","Container milestones","unsupported","2026-10-08"
"HMM","HDMU","public","","","","","","","transshipmentLoaded","Transshipment Loaded","Container milestones","supported","2026-10-08"
"HMM","HDMU","public","","","","","","","transshipmentDeparted","Transshipment Departed","Container milestones","supported","2026-10-08"
"HMM","HDMU","public","","","","","","","vesselArrived","Vessel Arrived","Container milestones","supported","2026-10-08"
"HMM","HDMU","public","","","","","","","vesselBerthed","Vessel Berthed","Container milestones","supported","2026-10-08"
"HMM","HDMU","public","","","","","","","vesselDischarged","Vessel Discharged","Container milestones","supported","2026-10-08"
"HMM","HDMU","public","","","","","","","fullOut","Full Out","Container milestones","supported","2026-10-08"
"HMM","HDMU","public","","","","","","","emptyReturned","Empty Returned","Container milestones","supported","2026-10-08"
"HMM","HDMU","public","","","","","","","feederArrived","Feeder Arrived","Additional milestones","supported","2026-10-08"
"HMM","HDMU","public","","","","","","","feederDischarged","Feeder Discharged","Additional milestones","unsupported","2026-10-08"
"HMM","HDMU","public","","","","","","","feederLoaded","Feeder Loaded","Additional milestones","limited","2026-10-08"
"HMM","HDMU","public","","","","","","","feederDeparted","Feeder Departed","Additional milestones","supported","2026-10-08"
"HMM","HDMU","public","","","","","","","railLoaded","Rail Loaded","Additional milestones","supported","2026-10-08"
"HMM","HDMU","public","","","","","","","railDeparted","Rail Departed","Additional milestones","supported","2026-10-08"
"HMM","HDMU","public","","","","","","","railArrived","Rail Arrived","Additional milestones","supported","2026-10-08"
"HMM","HDMU","public","","","","","","","railUnloaded","Rail Unloaded","Additional milestones","supported","2026-10-08"
"HMM","HDMU","public","","","","","","","arrivedAtDestination","Arrived At Destination","Additional milestones","supported","2026-10-08"
"HMM","HDMU","public","","","","","","","delivered","Delivered","Additional milestones","unsupported","2026-10-08"
"HMM","HDMU","public","","","","","","","estimatedArrivalAtFinalDestination","Estimated Arrival at Final Destination","Additional milestones","supported","2026-10-08"
"HMM","HDMU","public","","","","","","","sslLfdChanged","SSL LFD Changed","Other events","supported","2026-10-08"
"HMM","HDMU","public","","","","","","","estimatedArrival","Estimated Arrival","Other events","supported","2026-10-08"
"HMM","HDMU","public","","","","","","","bookingCancelled","Booking Cancelled","Other events","unsupported","2026-10-08"
"ICL","IILU","public","","","","","","","billOfLading","Bill Of Lading","Tracking identifiers","supported","2026-10-08"
"ICL","IILU","public","","","","","","","bookingNumber","Booking Number","Tracking identifiers","supported","2026-10-08"
"ICL","IILU","public","","","","","","","containerNumber","Container Number","Tracking identifiers","supported","2026-10-08"
"ICL","IILU","public","","","","","","","polName","POL Name","Origin","supported","2026-10-08"
"ICL","IILU","public","","","","","","","polLocode","POL Locode","Origin","supported","2026-10-08"
"ICL","IILU","public","","","","","","","polTimezone","POL Timezone","Origin","supported","2026-10-08"
"ICL","IILU","public","","","","","","","polEtd","POL ETD","Origin","supported","2026-10-08"
"ICL","IILU","public","","","","","","","polAtd","POL ATD","Origin","supported","2026-10-08"
"ICL","IILU","public","","","","","","","podName","POD Name","Destination port","supported","2026-10-08"
"ICL","IILU","public","","","","","","","podLocode","POD Locode","Destination port","supported","2026-10-08"
"ICL","IILU","public","","","","","","","podTerminal","POD Terminal","Destination port","supported","2026-10-08"
"ICL","IILU","public","","","","","","","podTimezone","POD Timezone","Destination port","supported","2026-10-08"
"ICL","IILU","public","","","","","","","podVoyageNumber","POD Voyage Number","Destination port","supported","2026-10-08"
"ICL","IILU","public","","","","","","","podVesselName","POD Vessel Name","Destination port","supported","2026-10-08"
"ICL","IILU","public","","","","","","","podVesselImo","POD Vessel IMO","Destination port","supported","2026-10-08"
"ICL","IILU","public","","","","","","","podEta","POD ETA","Destination port","supported","2026-10-08"
"ICL","IILU","public","","","","","","","podAta","POD ATA","Destination port","supported","2026-10-08"
"ICL","IILU","public","","","","","","","destinationName","Destination Name","Inland destination","supported","2026-10-08"
"ICL","IILU","public","","","","","","","destinationLocode","Destination Locode","Inland destination","supported","2026-10-08"
"ICL","IILU","public","","","","","","","destinationTimezone","Destination Timezone","Inland destination","supported","2026-10-08"
"ICL","IILU","public","","","","","","","destinationEta","Destination ETA","Inland destination","supported","2026-10-08"
"ICL","IILU","public","","","","","","","destinationAta","Destination ATA","Inland destination","supported","2026-10-08"
"ICL","IILU","public","","","","","","","number","Number","Container attributes","supported","2026-10-08"
"ICL","IILU","public","","","","","","","sealNumber","Seal Number","Container attributes","supported","2026-10-08"
"ICL","IILU","public","","","","","","","equipmentType","Equipment Type","Container attributes","supported","2026-10-08"
"ICL","IILU","public","","","","","","","equipmentLength","Equipment Length","Container attributes","supported","2026-10-08"
"ICL","IILU","public","","","","","","","equipmentHeight","Equipment Height","Container attributes","supported","2026-10-08"
"ICL","IILU","public","","","","","","","weightLbs","Weight (Lbs)","Container attributes","supported","2026-10-08"
"ICL","IILU","public","","","","","","","podArrivedAt","POD Arrived At","Container attributes","supported","2026-10-08"
"ICL","IILU","public","","","","","","","podDischargedAt","POD Discharged At","Container attributes","supported","2026-10-08"
"ICL","IILU","public","","","","","","","podFullOutAt","POD Full Out At","Container attributes","supported","2026-10-08"
"ICL","IILU","public","","","","","","","destinationArrivedAt","Destination Arrived At","Container attributes","supported","2026-10-08"
"ICL","IILU","public","","","","","","","destinationFullOutAt","Destination Full Out At","Container attributes","supported","2026-10-08"
"ICL","IILU","public","","","","","","","emptyTerminatedAt","Empty Terminated At","Container attributes","supported","2026-10-08"
"ICL","IILU","public","","","","","","","emptyOut","Empty Out","Container milestones","supported","2026-10-08"
"ICL","IILU","public","","","","","","","fullIn","Full In","Container milestones","supported","2026-10-08"
"ICL","IILU","public","","","","","","","vesselLoaded","Vessel Loaded","Container milestones","supported","2026-10-08"
"ICL","IILU","public","","","","","","","vesselDeparted","Vessel Departed","Container milestones","supported","2026-10-08"
"ICL","IILU","public","","","","","","","transshipmentArrived","Transshipment Arrived","Container milestones","supported","2026-10-08"
"ICL","IILU","public","","","","","","","transshipmentDischarged","Transshipment Discharged","Container milestones","supported","2026-10-08"
"ICL","IILU","public","","","","","","","transshipmentLoaded","Transshipment Loaded","Container milestones","supported","2026-10-08"
"ICL","IILU","public","","","","","","","transshipmentDeparted","Transshipment Departed","Container milestones","supported","2026-10-08"
"ICL","IILU","public","","","","","","","vesselArrived","Vessel Arrived","Container milestones","supported","2026-10-08"
"ICL","IILU","public","","","","","","","vesselBerthed","Vessel Berthed","Container milestones","supported","2026-10-08"
"ICL","IILU","public","","","","","","","vesselDischarged","Vessel Discharged","Container milestones","supported","2026-10-08"
"ICL","IILU","public","","","","","","","fullOut","Full Out","Container milestones","supported","2026-10-08"
"ICL","IILU","public","","","","","","","emptyReturned","Empty Returned","Container milestones","supported","2026-10-08"
"ICL","IILU","public","","","","","","","feederArrived","Feeder Arrived","Additional milestones","supported","2026-10-08"
"ICL","IILU","public","","","","","","","feederDischarged","Feeder Discharged","Additional milestones","supported","2026-10-08"
"ICL","IILU","public","","","","","","","feederLoaded","Feeder Loaded","Additional milestones","supported","2026-10-08"
"ICL","IILU","public","","","","","","","feederDeparted","Feeder Departed","Additional milestones","supported","2026-10-08"
"ICL","IILU","public","","","","","","","railLoaded","Rail Loaded","Additional milestones","supported","2026-10-08"
"ICL","IILU","public","","","","","","","railDeparted","Rail Departed","Additional milestones","supported","2026-10-08"
"ICL","IILU","public","","","","","","","railArrived","Rail Arrived","Additional milestones","supported","2026-10-08"
"ICL","IILU","public","","","","","","","railUnloaded","Rail Unloaded","Additional milestones","supported","2026-10-08"
"ICL","IILU","public","","","","","","","arrivedAtDestination","Arrived At Destination","Additional milestones","supported","2026-10-08"
"ICL","IILU","public","","","","","","","delivered","Delivered","Additional milestones","supported","2026-10-08"
"ICL","IILU","public","","","","","","","estimatedArrivalAtFinalDestination","Estimated Arrival at Final Destination","Additional milestones","supported","2026-10-08"
"ICL","IILU","public","","","","","","","sslLfdChanged","SSL LFD Changed","Other events","supported","2026-10-08"
"ICL","IILU","public","","","","","","","estimatedArrival","Estimated Arrival","Other events","supported","2026-10-08"
"ICL","IILU","public","","","","","","","bookingCancelled","Booking Cancelled","Other events","supported","2026-10-08"
"KMTC","KMTU","public","","","","","","","billOfLading","Bill Of Lading","Tracking identifiers","supported","2026-10-08"
"KMTC","KMTU","public","","","","","","","bookingNumber","Booking Number","Tracking identifiers","supported","2026-10-08"
"KMTC","KMTU","public","","","","","","","containerNumber","Container Number","Tracking identifiers","supported","2026-10-08"
"KMTC","KMTU","public","","","","","","","polName","POL Name","Origin","unknown","2026-10-08"
"KMTC","KMTU","public","","","","","","","polLocode","POL Locode","Origin","unknown","2026-10-08"
"KMTC","KMTU","public","","","","","","","polTimezone","POL Timezone","Origin","unknown","2026-10-08"
"KMTC","KMTU","public","","","","","","","polEtd","POL ETD","Origin","unknown","2026-10-08"
"KMTC","KMTU","public","","","","","","","polAtd","POL ATD","Origin","unknown","2026-10-08"
"KMTC","KMTU","public","","","","","","","podName","POD Name","Destination port","unknown","2026-10-08"
"KMTC","KMTU","public","","","","","","","podLocode","POD Locode","Destination port","unknown","2026-10-08"
"KMTC","KMTU","public","","","","","","","podTerminal","POD Terminal","Destination port","unknown","2026-10-08"
"KMTC","KMTU","public","","","","","","","podTimezone","POD Timezone","Destination port","unknown","2026-10-08"
"KMTC","KMTU","public","","","","","","","podVoyageNumber","POD Voyage Number","Destination port","unknown","2026-10-08"
"KMTC","KMTU","public","","","","","","","podVesselName","POD Vessel Name","Destination port","unknown","2026-10-08"
"KMTC","KMTU","public","","","","","","","podVesselImo","POD Vessel IMO","Destination port","unknown","2026-10-08"
"KMTC","KMTU","public","","","","","","","podEta","POD ETA","Destination port","unknown","2026-10-08"
"KMTC","KMTU","public","","","","","","","podAta","POD ATA","Destination port","unknown","2026-10-08"
"KMTC","KMTU","public","","","","","","","destinationName","Destination Name","Inland destination","unknown","2026-10-08"
"KMTC","KMTU","public","","","","","","","destinationLocode","Destination Locode","Inland destination","unknown","2026-10-08"
"KMTC","KMTU","public","","","","","","","destinationTimezone","Destination Timezone","Inland destination","unknown","2026-10-08"
"KMTC","KMTU","public","","","","","","","destinationEta","Destination ETA","Inland destination","unknown","2026-10-08"
"KMTC","KMTU","public","","","","","","","destinationAta","Destination ATA","Inland destination","unknown","2026-10-08"
"KMTC","KMTU","public","","","","","","","number","Number","Container attributes","unknown","2026-10-08"
"KMTC","KMTU","public","","","","","","","sealNumber","Seal Number","Container attributes","unknown","2026-10-08"
"KMTC","KMTU","public","","","","","","","equipmentType","Equipment Type","Container attributes","unknown","2026-10-08"
"KMTC","KMTU","public","","","","","","","equipmentLength","Equipment Length","Container attributes","unknown","2026-10-08"
"KMTC","KMTU","public","","","","","","","equipmentHeight","Equipment Height","Container attributes","unknown","2026-10-08"
"KMTC","KMTU","public","","","","","","","weightLbs","Weight (Lbs)","Container attributes","unknown","2026-10-08"
"KMTC","KMTU","public","","","","","","","podArrivedAt","POD Arrived At","Container attributes","unknown","2026-10-08"
"KMTC","KMTU","public","","","","","","","podDischargedAt","POD Discharged At","Container attributes","unknown","2026-10-08"
"KMTC","KMTU","public","","","","","","","podFullOutAt","POD Full Out At","Container attributes","unknown","2026-10-08"
"KMTC","KMTU","public","","","","","","","destinationArrivedAt","Destination Arrived At","Container attributes","unknown","2026-10-08"
"KMTC","KMTU","public","","","","","","","destinationFullOutAt","Destination Full Out At","Container attributes","unknown","2026-10-08"
"KMTC","KMTU","public","","","","","","","emptyTerminatedAt","Empty Terminated At","Container attributes","unknown","2026-10-08"
"KMTC","KMTU","public","","","","","","","emptyOut","Empty Out","Container milestones","unknown","2026-10-08"
"KMTC","KMTU","public","","","","","","","fullIn","Full In","Container milestones","unknown","2026-10-08"
"KMTC","KMTU","public","","","","","","","vesselLoaded","Vessel Loaded","Container milestones","unknown","2026-10-08"
"KMTC","KMTU","public","","","","","","","vesselDeparted","Vessel Departed","Container milestones","unknown","2026-10-08"
"KMTC","KMTU","public","","","","","","","transshipmentArrived","Transshipment Arrived","Container milestones","unknown","2026-10-08"
"KMTC","KMTU","public","","","","","","","transshipmentDischarged","Transshipment Discharged","Container milestones","unknown","2026-10-08"
"KMTC","KMTU","public","","","","","","","transshipmentLoaded","Transshipment Loaded","Container milestones","unknown","2026-10-08"
"KMTC","KMTU","public","","","","","","","transshipmentDeparted","Transshipment Departed","Container milestones","unknown","2026-10-08"
"KMTC","KMTU","public","","","","","","","vesselArrived","Vessel Arrived","Container milestones","unknown","2026-10-08"
"KMTC","KMTU","public","","","","","","","vesselBerthed","Vessel Berthed","Container milestones","unknown","2026-10-08"
"KMTC","KMTU","public","","","","","","","vesselDischarged","Vessel Discharged","Container milestones","unknown","2026-10-08"
"KMTC","KMTU","public","","","","","","","fullOut","Full Out","Container milestones","unknown","2026-10-08"
"KMTC","KMTU","public","","","","","","","emptyReturned","Empty Returned","Container milestones","unknown","2026-10-08"
"KMTC","KMTU","public","","","","","","","feederArrived","Feeder Arrived","Additional milestones","unknown","2026-10-08"
"KMTC","KMTU","public","","","","","","","feederDischarged","Feeder Discharged","Additional milestones","unknown","2026-10-08"
"KMTC","KMTU","public","","","","","","","feederLoaded","Feeder Loaded","Additional milestones","unknown","2026-10-08"
"KMTC","KMTU","public","","","","","","","feederDeparted","Feeder Departed","Additional milestones","unknown","2026-10-08"
"KMTC","KMTU","public","","","","","","","railLoaded","Rail Loaded","Additional milestones","unknown","2026-10-08"
"KMTC","KMTU","public","","","","","","","railDeparted","Rail Departed","Additional milestones","unknown","2026-10-08"
"KMTC","KMTU","public","","","","","","","railArrived","Rail Arrived","Additional milestones","unknown","2026-10-08"
"KMTC","KMTU","public","","","","","","","railUnloaded","Rail Unloaded","Additional milestones","unknown","2026-10-08"
"KMTC","KMTU","public","","","","","","","arrivedAtDestination","Arrived At Destination","Additional milestones","unknown","2026-10-08"
"KMTC","KMTU","public","","","","","","","delivered","Delivered","Additional milestones","unknown","2026-10-08"
"KMTC","KMTU","public","","","","","","","estimatedArrivalAtFinalDestination","Estimated Arrival at Final Destination","Additional milestones","unknown","2026-10-08"
"KMTC","KMTU","public","","","","","","","sslLfdChanged","SSL LFD Changed","Other events","unknown","2026-10-08"
"KMTC","KMTU","public","","","","","","","estimatedArrival","Estimated Arrival","Other events","unknown","2026-10-08"
"KMTC","KMTU","public","","","","","","","bookingCancelled","Booking Cancelled","Other events","unknown","2026-10-08"
"Maersk","MAEU","public","","","","","","","billOfLading","Bill Of Lading","Tracking identifiers","supported","2026-10-08"
"Maersk","MAEU","public","","","","","","","bookingNumber","Booking Number","Tracking identifiers","supported","2026-10-08"
"Maersk","MAEU","public","","","","","","","containerNumber","Container Number","Tracking identifiers","supported","2026-10-08"
"Maersk","MAEU","public","","","","","","","polName","POL Name","Origin","supported","2026-10-08"
"Maersk","MAEU","public","","","","","","","polLocode","POL Locode","Origin","supported","2026-10-08"
"Maersk","MAEU","public","","","","","","","polTimezone","POL Timezone","Origin","supported","2026-10-08"
"Maersk","MAEU","public","","","","","","","polEtd","POL ETD","Origin","supported","2026-10-08"
"Maersk","MAEU","public","","","","","","","polAtd","POL ATD","Origin","supported","2026-10-08"
"Maersk","MAEU","public","","","","","","","podName","POD Name","Destination port","supported","2026-10-08"
"Maersk","MAEU","public","","","","","","","podLocode","POD Locode","Destination port","supported","2026-10-08"
"Maersk","MAEU","public","","","","","","","podTerminal","POD Terminal","Destination port","supported","2026-10-08"
"Maersk","MAEU","public","","","","","","","podTimezone","POD Timezone","Destination port","supported","2026-10-08"
"Maersk","MAEU","public","","","","","","","podVoyageNumber","POD Voyage Number","Destination port","supported","2026-10-08"
"Maersk","MAEU","public","","","","","","","podVesselName","POD Vessel Name","Destination port","supported","2026-10-08"
"Maersk","MAEU","public","","","","","","","podVesselImo","POD Vessel IMO","Destination port","supported","2026-10-08"
"Maersk","MAEU","public","","","","","","","podEta","POD ETA","Destination port","supported","2026-10-08"
"Maersk","MAEU","public","","","","","","","podAta","POD ATA","Destination port","supported","2026-10-08"
"Maersk","MAEU","public","","","","","","","destinationName","Destination Name","Inland destination","supported","2026-10-08"
"Maersk","MAEU","public","","","","","","","destinationLocode","Destination Locode","Inland destination","supported","2026-10-08"
"Maersk","MAEU","public","","","","","","","destinationTimezone","Destination Timezone","Inland destination","supported","2026-10-08"
"Maersk","MAEU","public","","","","","","","destinationEta","Destination ETA","Inland destination","supported","2026-10-08"
"Maersk","MAEU","public","","","","","","","destinationAta","Destination ATA","Inland destination","supported","2026-10-08"
"Maersk","MAEU","public","","","","","","","number","Number","Container attributes","supported","2026-10-08"
"Maersk","MAEU","public","","","","","","","sealNumber","Seal Number","Container attributes","unsupported","2026-10-08"
"Maersk","MAEU","public","","","","","","","equipmentType","Equipment Type","Container attributes","supported","2026-10-08"
"Maersk","MAEU","public","","","","","","","equipmentLength","Equipment Length","Container attributes","supported","2026-10-08"
"Maersk","MAEU","public","","","","","","","equipmentHeight","Equipment Height","Container attributes","supported","2026-10-08"
"Maersk","MAEU","public","","","","","","","weightLbs","Weight (Lbs)","Container attributes","unsupported","2026-10-08"
"Maersk","MAEU","public","","","","","","","podArrivedAt","POD Arrived At","Container attributes","supported","2026-10-08"
"Maersk","MAEU","public","","","","","","","podDischargedAt","POD Discharged At","Container attributes","supported","2026-10-08"
"Maersk","MAEU","public","","","","","","","podFullOutAt","POD Full Out At","Container attributes","supported","2026-10-08"
"Maersk","MAEU","public","","","","","","","destinationArrivedAt","Destination Arrived At","Container attributes","supported","2026-10-08"
"Maersk","MAEU","public","","","","","","","destinationFullOutAt","Destination Full Out At","Container attributes","supported","2026-10-08"
"Maersk","MAEU","public","","","","","","","emptyTerminatedAt","Empty Terminated At","Container attributes","supported","2026-10-08"
"Maersk","MAEU","public","","","","","","","emptyOut","Empty Out","Container milestones","supported","2026-10-08"
"Maersk","MAEU","public","","","","","","","fullIn","Full In","Container milestones","supported","2026-10-08"
"Maersk","MAEU","public","","","","","","","vesselLoaded","Vessel Loaded","Container milestones","supported","2026-10-08"
"Maersk","MAEU","public","","","","","","","vesselDeparted","Vessel Departed","Container milestones","supported","2026-10-08"
"Maersk","MAEU","public","","","","","","","transshipmentArrived","Transshipment Arrived","Container milestones","supported","2026-10-08"
"Maersk","MAEU","public","","","","","","","transshipmentDischarged","Transshipment Discharged","Container milestones","supported","2026-10-08"
"Maersk","MAEU","public","","","","","","","transshipmentLoaded","Transshipment Loaded","Container milestones","supported","2026-10-08"
"Maersk","MAEU","public","","","","","","","transshipmentDeparted","Transshipment Departed","Container milestones","supported","2026-10-08"
"Maersk","MAEU","public","","","","","","","vesselArrived","Vessel Arrived","Container milestones","supported","2026-10-08"
"Maersk","MAEU","public","","","","","","","vesselBerthed","Vessel Berthed","Container milestones","unsupported","2026-10-08"
"Maersk","MAEU","public","","","","","","","vesselDischarged","Vessel Discharged","Container milestones","supported","2026-10-08"
"Maersk","MAEU","public","","","","","","","fullOut","Full Out","Container milestones","supported","2026-10-08"
"Maersk","MAEU","public","","","","","","","emptyReturned","Empty Returned","Container milestones","supported","2026-10-08"
"Maersk","MAEU","public","","","","","","","feederArrived","Feeder Arrived","Additional milestones","unsupported","2026-10-08"
"Maersk","MAEU","public","","","","","","","feederDischarged","Feeder Discharged","Additional milestones","unsupported","2026-10-08"
"Maersk","MAEU","public","","","","","","","feederLoaded","Feeder Loaded","Additional milestones","unsupported","2026-10-08"
"Maersk","MAEU","public","","","","","","","feederDeparted","Feeder Departed","Additional milestones","unsupported","2026-10-08"
"Maersk","MAEU","public","","","","","","","railLoaded","Rail Loaded","Additional milestones","supported","2026-10-08"
"Maersk","MAEU","public","","","","","","","railDeparted","Rail Departed","Additional milestones","supported","2026-10-08"
"Maersk","MAEU","public","","","","","","","railArrived","Rail Arrived","Additional milestones","supported","2026-10-08"
"Maersk","MAEU","public","","","","","","","railUnloaded","Rail Unloaded","Additional milestones","supported","2026-10-08"
"Maersk","MAEU","public","","","","","","","arrivedAtDestination","Arrived At Destination","Additional milestones","limited","2026-10-08"
"Maersk","MAEU","public","","","","","","","delivered","Delivered","Additional milestones","unsupported","2026-10-08"
"Maersk","MAEU","public","","","","","","","estimatedArrivalAtFinalDestination","Estimated Arrival at Final Destination","Additional milestones","supported","2026-10-08"
"Maersk","MAEU","public","","","","","","","sslLfdChanged","SSL LFD Changed","Other events","unsupported","2026-10-08"
"Maersk","MAEU","public","","","","","","","estimatedArrival","Estimated Arrival","Other events","supported","2026-10-08"
"Maersk","MAEU","public","","","","","","","bookingCancelled","Booking Cancelled","Other events","unsupported","2026-10-08"
"Matson","MATS","public","","","","","","","billOfLading","Bill Of Lading","Tracking identifiers","supported","2026-10-08"
"Matson","MATS","public","","","","","","","bookingNumber","Booking Number","Tracking identifiers","supported","2026-10-08"
"Matson","MATS","public","","","","","","","containerNumber","Container Number","Tracking identifiers","unsupported","2026-10-08"
"Matson","MATS","public","","","","","","","polName","POL Name","Origin","supported","2026-10-08"
"Matson","MATS","public","","","","","","","polLocode","POL Locode","Origin","supported","2026-10-08"
"Matson","MATS","public","","","","","","","polTimezone","POL Timezone","Origin","supported","2026-10-08"
"Matson","MATS","public","","","","","","","polEtd","POL ETD","Origin","unsupported","2026-10-08"
"Matson","MATS","public","","","","","","","polAtd","POL ATD","Origin","limited","2026-10-08"
"Matson","MATS","public","","","","","","","podName","POD Name","Destination port","supported","2026-10-08"
"Matson","MATS","public","","","","","","","podLocode","POD Locode","Destination port","supported","2026-10-08"
"Matson","MATS","public","","","","","","","podTerminal","POD Terminal","Destination port","supported","2026-10-08"
"Matson","MATS","public","","","","","","","podTimezone","POD Timezone","Destination port","supported","2026-10-08"
"Matson","MATS","public","","","","","","","podVoyageNumber","POD Voyage Number","Destination port","supported","2026-10-08"
"Matson","MATS","public","","","","","","","podVesselName","POD Vessel Name","Destination port","supported","2026-10-08"
"Matson","MATS","public","","","","","","","podVesselImo","POD Vessel IMO","Destination port","supported","2026-10-08"
"Matson","MATS","public","","","","","","","podEta","POD ETA","Destination port","supported","2026-10-08"
"Matson","MATS","public","","","","","","","podAta","POD ATA","Destination port","supported","2026-10-08"
"Matson","MATS","public","","","","","","","destinationName","Destination Name","Inland destination","supported","2026-10-08"
"Matson","MATS","public","","","","","","","destinationLocode","Destination Locode","Inland destination","supported","2026-10-08"
"Matson","MATS","public","","","","","","","destinationTimezone","Destination Timezone","Inland destination","supported","2026-10-08"
"Matson","MATS","public","","","","","","","destinationEta","Destination ETA","Inland destination","supported","2026-10-08"
"Matson","MATS","public","","","","","","","destinationAta","Destination ATA","Inland destination","supported","2026-10-08"
"Matson","MATS","public","","","","","","","number","Number","Container attributes","supported","2026-10-08"
"Matson","MATS","public","","","","","","","sealNumber","Seal Number","Container attributes","supported","2026-10-08"
"Matson","MATS","public","","","","","","","equipmentType","Equipment Type","Container attributes","supported","2026-10-08"
"Matson","MATS","public","","","","","","","equipmentLength","Equipment Length","Container attributes","supported","2026-10-08"
"Matson","MATS","public","","","","","","","equipmentHeight","Equipment Height","Container attributes","supported","2026-10-08"
"Matson","MATS","public","","","","","","","weightLbs","Weight (Lbs)","Container attributes","supported","2026-10-08"
"Matson","MATS","public","","","","","","","podArrivedAt","POD Arrived At","Container attributes","supported","2026-10-08"
"Matson","MATS","public","","","","","","","podDischargedAt","POD Discharged At","Container attributes","supported","2026-10-08"
"Matson","MATS","public","","","","","","","podFullOutAt","POD Full Out At","Container attributes","supported","2026-10-08"
"Matson","MATS","public","","","","","","","destinationArrivedAt","Destination Arrived At","Container attributes","supported","2026-10-08"
"Matson","MATS","public","","","","","","","destinationFullOutAt","Destination Full Out At","Container attributes","unsupported","2026-10-08"
"Matson","MATS","public","","","","","","","emptyTerminatedAt","Empty Terminated At","Container attributes","supported","2026-10-08"
"Matson","MATS","public","","","","","","","emptyOut","Empty Out","Container milestones","unsupported","2026-10-08"
"Matson","MATS","public","","","","","","","fullIn","Full In","Container milestones","supported","2026-10-08"
"Matson","MATS","public","","","","","","","vesselLoaded","Vessel Loaded","Container milestones","supported","2026-10-08"
"Matson","MATS","public","","","","","","","vesselDeparted","Vessel Departed","Container milestones","unsupported","2026-10-08"
"Matson","MATS","public","","","","","","","transshipmentArrived","Transshipment Arrived","Container milestones","unsupported","2026-10-08"
"Matson","MATS","public","","","","","","","transshipmentDischarged","Transshipment Discharged","Container milestones","supported","2026-10-08"
"Matson","MATS","public","","","","","","","transshipmentLoaded","Transshipment Loaded","Container milestones","supported","2026-10-08"
"Matson","MATS","public","","","","","","","transshipmentDeparted","Transshipment Departed","Container milestones","unsupported","2026-10-08"
"Matson","MATS","public","","","","","","","vesselArrived","Vessel Arrived","Container milestones","supported","2026-10-08"
"Matson","MATS","public","","","","","","","vesselBerthed","Vessel Berthed","Container milestones","unsupported","2026-10-08"
"Matson","MATS","public","","","","","","","vesselDischarged","Vessel Discharged","Container milestones","supported","2026-10-08"
"Matson","MATS","public","","","","","","","fullOut","Full Out","Container milestones","supported","2026-10-08"
"Matson","MATS","public","","","","","","","emptyReturned","Empty Returned","Container milestones","supported","2026-10-08"
"Matson","MATS","public","","","","","","","feederArrived","Feeder Arrived","Additional milestones","unsupported","2026-10-08"
"Matson","MATS","public","","","","","","","feederDischarged","Feeder Discharged","Additional milestones","unsupported","2026-10-08"
"Matson","MATS","public","","","","","","","feederLoaded","Feeder Loaded","Additional milestones","unsupported","2026-10-08"
"Matson","MATS","public","","","","","","","feederDeparted","Feeder Departed","Additional milestones","unsupported","2026-10-08"
"Matson","MATS","public","","","","","","","railLoaded","Rail Loaded","Additional milestones","supported","2026-10-08"
"Matson","MATS","public","","","","","","","railDeparted","Rail Departed","Additional milestones","supported","2026-10-08"
"Matson","MATS","public","","","","","","","railArrived","Rail Arrived","Additional milestones","supported","2026-10-08"
"Matson","MATS","public","","","","","","","railUnloaded","Rail Unloaded","Additional milestones","unsupported","2026-10-08"
"Matson","MATS","public","","","","","","","arrivedAtDestination","Arrived At Destination","Additional milestones","supported","2026-10-08"
"Matson","MATS","public","","","","","","","delivered","Delivered","Additional milestones","unsupported","2026-10-08"
"Matson","MATS","public","","","","","","","estimatedArrivalAtFinalDestination","Estimated Arrival at Final Destination","Additional milestones","unsupported","2026-10-08"
"Matson","MATS","public","","","","","","","sslLfdChanged","SSL LFD Changed","Other events","unsupported","2026-10-08"
"Matson","MATS","public","","","","","","","estimatedArrival","Estimated Arrival","Other events","unsupported","2026-10-08"
"Matson","MATS","public","","","","","","","bookingCancelled","Booking Cancelled","Other events","unsupported","2026-10-08"
"MSC","MSCU","public","","","","","","","billOfLading","Bill Of Lading","Tracking identifiers","supported","2026-10-08"
"MSC","MSCU","public","","","","","","","bookingNumber","Booking Number","Tracking identifiers","supported","2026-10-08"
"MSC","MSCU","public","","","","","","","containerNumber","Container Number","Tracking identifiers","supported","2026-10-08"
"MSC","MSCU","public","","","","","","","polName","POL Name","Origin","supported","2026-10-08"
"MSC","MSCU","public","","","","","","","polLocode","POL Locode","Origin","supported","2026-10-08"
"MSC","MSCU","public","","","","","","","polTimezone","POL Timezone","Origin","supported","2026-10-08"
"MSC","MSCU","public","","","","","","","polEtd","POL ETD","Origin","supported","2026-10-08"
"MSC","MSCU","public","","","","","","","polAtd","POL ATD","Origin","supported","2026-10-08"
"MSC","MSCU","public","","","","","","","podName","POD Name","Destination port","supported","2026-10-08"
"MSC","MSCU","public","","","","","","","podLocode","POD Locode","Destination port","supported","2026-10-08"
"MSC","MSCU","public","","","","","","","podTerminal","POD Terminal","Destination port","supported","2026-10-08"
"MSC","MSCU","public","","","","","","","podTimezone","POD Timezone","Destination port","supported","2026-10-08"
"MSC","MSCU","public","","","","","","","podVoyageNumber","POD Voyage Number","Destination port","supported","2026-10-08"
"MSC","MSCU","public","","","","","","","podVesselName","POD Vessel Name","Destination port","supported","2026-10-08"
"MSC","MSCU","public","","","","","","","podVesselImo","POD Vessel IMO","Destination port","supported","2026-10-08"
"MSC","MSCU","public","","","","","","","podEta","POD ETA","Destination port","supported","2026-10-08"
"MSC","MSCU","public","","","","","","","podAta","POD ATA","Destination port","supported","2026-10-08"
"MSC","MSCU","public","","","","","","","destinationName","Destination Name","Inland destination","supported","2026-10-08"
"MSC","MSCU","public","","","","","","","destinationLocode","Destination Locode","Inland destination","supported","2026-10-08"
"MSC","MSCU","public","","","","","","","destinationTimezone","Destination Timezone","Inland destination","supported","2026-10-08"
"MSC","MSCU","public","","","","","","","destinationEta","Destination ETA","Inland destination","supported","2026-10-08"
"MSC","MSCU","public","","","","","","","destinationAta","Destination ATA","Inland destination","supported","2026-10-08"
"MSC","MSCU","public","","","","","","","number","Number","Container attributes","supported","2026-10-08"
"MSC","MSCU","public","","","","","","","sealNumber","Seal Number","Container attributes","unsupported","2026-10-08"
"MSC","MSCU","public","","","","","","","equipmentType","Equipment Type","Container attributes","supported","2026-10-08"
"MSC","MSCU","public","","","","","","","equipmentLength","Equipment Length","Container attributes","supported","2026-10-08"
"MSC","MSCU","public","","","","","","","equipmentHeight","Equipment Height","Container attributes","supported","2026-10-08"
"MSC","MSCU","public","","","","","","","weightLbs","Weight (Lbs)","Container attributes","unsupported","2026-10-08"
"MSC","MSCU","public","","","","","","","podArrivedAt","POD Arrived At","Container attributes","supported","2026-10-08"
"MSC","MSCU","public","","","","","","","podDischargedAt","POD Discharged At","Container attributes","supported","2026-10-08"
"MSC","MSCU","public","","","","","","","podFullOutAt","POD Full Out At","Container attributes","supported","2026-10-08"
"MSC","MSCU","public","","","","","","","destinationArrivedAt","Destination Arrived At","Container attributes","supported","2026-10-08"
"MSC","MSCU","public","","","","","","","destinationFullOutAt","Destination Full Out At","Container attributes","supported","2026-10-08"
"MSC","MSCU","public","","","","","","","emptyTerminatedAt","Empty Terminated At","Container attributes","supported","2026-10-08"
"MSC","MSCU","public","","","","","","","emptyOut","Empty Out","Container milestones","supported","2026-10-08"
"MSC","MSCU","public","","","","","","","fullIn","Full In","Container milestones","supported","2026-10-08"
"MSC","MSCU","public","","","","","","","vesselLoaded","Vessel Loaded","Container milestones","supported","2026-10-08"
"MSC","MSCU","public","","","","","","","vesselDeparted","Vessel Departed","Container milestones","supported","2026-10-08"
"MSC","MSCU","public","","","","","","","transshipmentArrived","Transshipment Arrived","Container milestones","unsupported","2026-10-08"
"MSC","MSCU","public","","","","","","","transshipmentDischarged","Transshipment Discharged","Container milestones","supported","2026-10-08"
"MSC","MSCU","public","","","","","","","transshipmentLoaded","Transshipment Loaded","Container milestones","supported","2026-10-08"
"MSC","MSCU","public","","","","","","","transshipmentDeparted","Transshipment Departed","Container milestones","unsupported","2026-10-08"
"MSC","MSCU","public","","","","","","","vesselArrived","Vessel Arrived","Container milestones","supported","2026-10-08"
"MSC","MSCU","public","","","","","","","vesselBerthed","Vessel Berthed","Container milestones","unsupported","2026-10-08"
"MSC","MSCU","public","","","","","","","vesselDischarged","Vessel Discharged","Container milestones","supported","2026-10-08"
"MSC","MSCU","public","","","","","","","fullOut","Full Out","Container milestones","supported","2026-10-08"
"MSC","MSCU","public","","","","","","","emptyReturned","Empty Returned","Container milestones","supported","2026-10-08"
"MSC","MSCU","public","","","","","","","feederArrived","Feeder Arrived","Additional milestones","unsupported","2026-10-08"
"MSC","MSCU","public","","","","","","","feederDischarged","Feeder Discharged","Additional milestones","supported","2026-10-08"
"MSC","MSCU","public","","","","","","","feederLoaded","Feeder Loaded","Additional milestones","supported","2026-10-08"
"MSC","MSCU","public","","","","","","","feederDeparted","Feeder Departed","Additional milestones","unsupported","2026-10-08"
"MSC","MSCU","public","","","","","","","railLoaded","Rail Loaded","Additional milestones","supported","2026-10-08"
"MSC","MSCU","public","","","","","","","railDeparted","Rail Departed","Additional milestones","supported","2026-10-08"
"MSC","MSCU","public","","","","","","","railArrived","Rail Arrived","Additional milestones","supported","2026-10-08"
"MSC","MSCU","public","","","","","","","railUnloaded","Rail Unloaded","Additional milestones","supported","2026-10-08"
"MSC","MSCU","public","","","","","","","arrivedAtDestination","Arrived At Destination","Additional milestones","limited","2026-10-08"
"MSC","MSCU","public","","","","","","","delivered","Delivered","Additional milestones","unsupported","2026-10-08"
"MSC","MSCU","public","","","","","","","estimatedArrivalAtFinalDestination","Estimated Arrival at Final Destination","Additional milestones","limited","2026-10-08"
"MSC","MSCU","public","","","","","","","sslLfdChanged","SSL LFD Changed","Other events","unsupported","2026-10-08"
"MSC","MSCU","public","","","","","","","estimatedArrival","Estimated Arrival","Other events","supported","2026-10-08"
"MSC","MSCU","public","","","","","","","bookingCancelled","Booking Cancelled","Other events","unsupported","2026-10-08"
"ONE","ONEY","public","","","","","","","billOfLading","Bill Of Lading","Tracking identifiers","supported","2026-10-08"
"ONE","ONEY","public","","","","","","","bookingNumber","Booking Number","Tracking identifiers","supported","2026-10-08"
"ONE","ONEY","public","","","","","","","containerNumber","Container Number","Tracking identifiers","supported","2026-10-08"
"ONE","ONEY","public","","","","","","","polName","POL Name","Origin","supported","2026-10-08"
"ONE","ONEY","public","","","","","","","polLocode","POL Locode","Origin","supported","2026-10-08"
"ONE","ONEY","public","","","","","","","polTimezone","POL Timezone","Origin","supported","2026-10-08"
"ONE","ONEY","public","","","","","","","polEtd","POL ETD","Origin","supported","2026-10-08"
"ONE","ONEY","public","","","","","","","polAtd","POL ATD","Origin","supported","2026-10-08"
"ONE","ONEY","public","","","","","","","podName","POD Name","Destination port","supported","2026-10-08"
"ONE","ONEY","public","","","","","","","podLocode","POD Locode","Destination port","supported","2026-10-08"
"ONE","ONEY","public","","","","","","","podTerminal","POD Terminal","Destination port","supported","2026-10-08"
"ONE","ONEY","public","","","","","","","podTimezone","POD Timezone","Destination port","supported","2026-10-08"
"ONE","ONEY","public","","","","","","","podVoyageNumber","POD Voyage Number","Destination port","supported","2026-10-08"
"ONE","ONEY","public","","","","","","","podVesselName","POD Vessel Name","Destination port","supported","2026-10-08"
"ONE","ONEY","public","","","","","","","podVesselImo","POD Vessel IMO","Destination port","supported","2026-10-08"
"ONE","ONEY","public","","","","","","","podEta","POD ETA","Destination port","supported","2026-10-08"
"ONE","ONEY","public","","","","","","","podAta","POD ATA","Destination port","supported","2026-10-08"
"ONE","ONEY","public","","","","","","","destinationName","Destination Name","Inland destination","supported","2026-10-08"
"ONE","ONEY","public","","","","","","","destinationLocode","Destination Locode","Inland destination","supported","2026-10-08"
"ONE","ONEY","public","","","","","","","destinationTimezone","Destination Timezone","Inland destination","supported","2026-10-08"
"ONE","ONEY","public","","","","","","","destinationEta","Destination ETA","Inland destination","supported","2026-10-08"
"ONE","ONEY","public","","","","","","","destinationAta","Destination ATA","Inland destination","supported","2026-10-08"
"ONE","ONEY","public","","","","","","","number","Number","Container attributes","supported","2026-10-08"
"ONE","ONEY","public","","","","","","","sealNumber","Seal Number","Container attributes","unsupported","2026-10-08"
"ONE","ONEY","public","","","","","","","equipmentType","Equipment Type","Container attributes","supported","2026-10-08"
"ONE","ONEY","public","","","","","","","equipmentLength","Equipment Length","Container attributes","supported","2026-10-08"
"ONE","ONEY","public","","","","","","","equipmentHeight","Equipment Height","Container attributes","supported","2026-10-08"
"ONE","ONEY","public","","","","","","","weightLbs","Weight (Lbs)","Container attributes","supported","2026-10-08"
"ONE","ONEY","public","","","","","","","podArrivedAt","POD Arrived At","Container attributes","supported","2026-10-08"
"ONE","ONEY","public","","","","","","","podDischargedAt","POD Discharged At","Container attributes","supported","2026-10-08"
"ONE","ONEY","public","","","","","","","podFullOutAt","POD Full Out At","Container attributes","supported","2026-10-08"
"ONE","ONEY","public","","","","","","","destinationArrivedAt","Destination Arrived At","Container attributes","supported","2026-10-08"
"ONE","ONEY","public","","","","","","","destinationFullOutAt","Destination Full Out At","Container attributes","supported","2026-10-08"
"ONE","ONEY","public","","","","","","","emptyTerminatedAt","Empty Terminated At","Container attributes","supported","2026-10-08"
"ONE","ONEY","public","","","","","","","emptyOut","Empty Out","Container milestones","supported","2026-10-08"
"ONE","ONEY","public","","","","","","","fullIn","Full In","Container milestones","supported","2026-10-08"
"ONE","ONEY","public","","","","","","","vesselLoaded","Vessel Loaded","Container milestones","supported","2026-10-08"
"ONE","ONEY","public","","","","","","","vesselDeparted","Vessel Departed","Container milestones","supported","2026-10-08"
"ONE","ONEY","public","","","","","","","transshipmentArrived","Transshipment Arrived","Container milestones","supported","2026-10-08"
"ONE","ONEY","public","","","","","","","transshipmentDischarged","Transshipment Discharged","Container milestones","supported","2026-10-08"
"ONE","ONEY","public","","","","","","","transshipmentLoaded","Transshipment Loaded","Container milestones","supported","2026-10-08"
"ONE","ONEY","public","","","","","","","transshipmentDeparted","Transshipment Departed","Container milestones","supported","2026-10-08"
"ONE","ONEY","public","","","","","","","vesselArrived","Vessel Arrived","Container milestones","supported","2026-10-08"
"ONE","ONEY","public","","","","","","","vesselBerthed","Vessel Berthed","Container milestones","unsupported","2026-10-08"
"ONE","ONEY","public","","","","","","","vesselDischarged","Vessel Discharged","Container milestones","supported","2026-10-08"
"ONE","ONEY","public","","","","","","","fullOut","Full Out","Container milestones","supported","2026-10-08"
"ONE","ONEY","public","","","","","","","emptyReturned","Empty Returned","Container milestones","supported","2026-10-08"
"ONE","ONEY","public","","","","","","","feederArrived","Feeder Arrived","Additional milestones","supported","2026-10-08"
"ONE","ONEY","public","","","","","","","feederDischarged","Feeder Discharged","Additional milestones","unsupported","2026-10-08"
"ONE","ONEY","public","","","","","","","feederLoaded","Feeder Loaded","Additional milestones","unsupported","2026-10-08"
"ONE","ONEY","public","","","","","","","feederDeparted","Feeder Departed","Additional milestones","supported","2026-10-08"
"ONE","ONEY","public","","","","","","","railLoaded","Rail Loaded","Additional milestones","supported","2026-10-08"
"ONE","ONEY","public","","","","","","","railDeparted","Rail Departed","Additional milestones","supported","2026-10-08"
"ONE","ONEY","public","","","","","","","railArrived","Rail Arrived","Additional milestones","supported","2026-10-08"
"ONE","ONEY","public","","","","","","","railUnloaded","Rail Unloaded","Additional milestones","supported","2026-10-08"
"ONE","ONEY","public","","","","","","","arrivedAtDestination","Arrived At Destination","Additional milestones","supported","2026-10-08"
"ONE","ONEY","public","","","","","","","delivered","Delivered","Additional milestones","unsupported","2026-10-08"
"ONE","ONEY","public","","","","","","","estimatedArrivalAtFinalDestination","Estimated Arrival at Final Destination","Additional milestones","supported","2026-10-08"
"ONE","ONEY","public","","","","","","","sslLfdChanged","SSL LFD Changed","Other events","limited","2026-10-08"
"ONE","ONEY","public","","","","","","","estimatedArrival","Estimated Arrival","Other events","supported","2026-10-08"
"ONE","ONEY","public","","","","","","","bookingCancelled","Booking Cancelled","Other events","unsupported","2026-10-08"
"OOCL","OOLU","public","","","","","","","billOfLading","Bill Of Lading","Tracking identifiers","supported","2026-10-08"
"OOCL","OOLU","public","","","","","","","bookingNumber","Booking Number","Tracking identifiers","supported","2026-10-08"
"OOCL","OOLU","public","","","","","","","containerNumber","Container Number","Tracking identifiers","supported","2026-10-08"
"OOCL","OOLU","public","","","","","","","polName","POL Name","Origin","supported","2026-10-08"
"OOCL","OOLU","public","","","","","","","polLocode","POL Locode","Origin","supported","2026-10-08"
"OOCL","OOLU","public","","","","","","","polTimezone","POL Timezone","Origin","supported","2026-10-08"
"OOCL","OOLU","public","","","","","","","polEtd","POL ETD","Origin","supported","2026-10-08"
"OOCL","OOLU","public","","","","","","","polAtd","POL ATD","Origin","supported","2026-10-08"
"OOCL","OOLU","public","","","","","","","podName","POD Name","Destination port","supported","2026-10-08"
"OOCL","OOLU","public","","","","","","","podLocode","POD Locode","Destination port","supported","2026-10-08"
"OOCL","OOLU","public","","","","","","","podTerminal","POD Terminal","Destination port","supported","2026-10-08"
"OOCL","OOLU","public","","","","","","","podTimezone","POD Timezone","Destination port","supported","2026-10-08"
"OOCL","OOLU","public","","","","","","","podVoyageNumber","POD Voyage Number","Destination port","supported","2026-10-08"
"OOCL","OOLU","public","","","","","","","podVesselName","POD Vessel Name","Destination port","supported","2026-10-08"
"OOCL","OOLU","public","","","","","","","podVesselImo","POD Vessel IMO","Destination port","supported","2026-10-08"
"OOCL","OOLU","public","","","","","","","podEta","POD ETA","Destination port","supported","2026-10-08"
"OOCL","OOLU","public","","","","","","","podAta","POD ATA","Destination port","supported","2026-10-08"
"OOCL","OOLU","public","","","","","","","destinationName","Destination Name","Inland destination","supported","2026-10-08"
"OOCL","OOLU","public","","","","","","","destinationLocode","Destination Locode","Inland destination","supported","2026-10-08"
"OOCL","OOLU","public","","","","","","","destinationTimezone","Destination Timezone","Inland destination","supported","2026-10-08"
"OOCL","OOLU","public","","","","","","","destinationEta","Destination ETA","Inland destination","supported","2026-10-08"
"OOCL","OOLU","public","","","","","","","destinationAta","Destination ATA","Inland destination","supported","2026-10-08"
"OOCL","OOLU","public","","","","","","","number","Number","Container attributes","supported","2026-10-08"
"OOCL","OOLU","public","","","","","","","sealNumber","Seal Number","Container attributes","unsupported","2026-10-08"
"OOCL","OOLU","public","","","","","","","equipmentType","Equipment Type","Container attributes","supported","2026-10-08"
"OOCL","OOLU","public","","","","","","","equipmentLength","Equipment Length","Container attributes","supported","2026-10-08"
"OOCL","OOLU","public","","","","","","","equipmentHeight","Equipment Height","Container attributes","supported","2026-10-08"
"OOCL","OOLU","public","","","","","","","weightLbs","Weight (Lbs)","Container attributes","supported","2026-10-08"
"OOCL","OOLU","public","","","","","","","podArrivedAt","POD Arrived At","Container attributes","supported","2026-10-08"
"OOCL","OOLU","public","","","","","","","podDischargedAt","POD Discharged At","Container attributes","supported","2026-10-08"
"OOCL","OOLU","public","","","","","","","podFullOutAt","POD Full Out At","Container attributes","supported","2026-10-08"
"OOCL","OOLU","public","","","","","","","destinationArrivedAt","Destination Arrived At","Container attributes","supported","2026-10-08"
"OOCL","OOLU","public","","","","","","","destinationFullOutAt","Destination Full Out At","Container attributes","supported","2026-10-08"
"OOCL","OOLU","public","","","","","","","emptyTerminatedAt","Empty Terminated At","Container attributes","supported","2026-10-08"
"OOCL","OOLU","public","","","","","","","emptyOut","Empty Out","Container milestones","supported","2026-10-08"
"OOCL","OOLU","public","","","","","","","fullIn","Full In","Container milestones","supported","2026-10-08"
"OOCL","OOLU","public","","","","","","","vesselLoaded","Vessel Loaded","Container milestones","supported","2026-10-08"
"OOCL","OOLU","public","","","","","","","vesselDeparted","Vessel Departed","Container milestones","supported","2026-10-08"
"OOCL","OOLU","public","","","","","","","transshipmentArrived","Transshipment Arrived","Container milestones","supported","2026-10-08"
"OOCL","OOLU","public","","","","","","","transshipmentDischarged","Transshipment Discharged","Container milestones","supported","2026-10-08"
"OOCL","OOLU","public","","","","","","","transshipmentLoaded","Transshipment Loaded","Container milestones","supported","2026-10-08"
"OOCL","OOLU","public","","","","","","","transshipmentDeparted","Transshipment Departed","Container milestones","supported","2026-10-08"
"OOCL","OOLU","public","","","","","","","vesselArrived","Vessel Arrived","Container milestones","supported","2026-10-08"
"OOCL","OOLU","public","","","","","","","vesselBerthed","Vessel Berthed","Container milestones","unsupported","2026-10-08"
"OOCL","OOLU","public","","","","","","","vesselDischarged","Vessel Discharged","Container milestones","supported","2026-10-08"
"OOCL","OOLU","public","","","","","","","fullOut","Full Out","Container milestones","supported","2026-10-08"
"OOCL","OOLU","public","","","","","","","emptyReturned","Empty Returned","Container milestones","supported","2026-10-08"
"OOCL","OOLU","public","","","","","","","feederArrived","Feeder Arrived","Additional milestones","supported","2026-10-08"
"OOCL","OOLU","public","","","","","","","feederDischarged","Feeder Discharged","Additional milestones","unsupported","2026-10-08"
"OOCL","OOLU","public","","","","","","","feederLoaded","Feeder Loaded","Additional milestones","unsupported","2026-10-08"
"OOCL","OOLU","public","","","","","","","feederDeparted","Feeder Departed","Additional milestones","limited","2026-10-08"
"OOCL","OOLU","public","","","","","","","railLoaded","Rail Loaded","Additional milestones","limited","2026-10-08"
"OOCL","OOLU","public","","","","","","","railDeparted","Rail Departed","Additional milestones","supported","2026-10-08"
"OOCL","OOLU","public","","","","","","","railArrived","Rail Arrived","Additional milestones","supported","2026-10-08"
"OOCL","OOLU","public","","","","","","","railUnloaded","Rail Unloaded","Additional milestones","limited","2026-10-08"
"OOCL","OOLU","public","","","","","","","arrivedAtDestination","Arrived At Destination","Additional milestones","supported","2026-10-08"
"OOCL","OOLU","public","","","","","","","delivered","Delivered","Additional milestones","unsupported","2026-10-08"
"OOCL","OOLU","public","","","","","","","estimatedArrivalAtFinalDestination","Estimated Arrival at Final Destination","Additional milestones","supported","2026-10-08"
"OOCL","OOLU","public","","","","","","","sslLfdChanged","SSL LFD Changed","Other events","limited","2026-10-08"
"OOCL","OOLU","public","","","","","","","estimatedArrival","Estimated Arrival","Other events","supported","2026-10-08"
"OOCL","OOLU","public","","","","","","","bookingCancelled","Booking Cancelled","Other events","supported","2026-10-08"
"PIL","PCIU","public","","","","","","","billOfLading","Bill Of Lading","Tracking identifiers","supported","2026-10-08"
"PIL","PCIU","public","","","","","","","bookingNumber","Booking Number","Tracking identifiers","supported","2026-10-08"
"PIL","PCIU","public","","","","","","","containerNumber","Container Number","Tracking identifiers","supported","2026-10-08"
"PIL","PCIU","public","","","","","","","polName","POL Name","Origin","supported","2026-10-08"
"PIL","PCIU","public","","","","","","","polLocode","POL Locode","Origin","supported","2026-10-08"
"PIL","PCIU","public","","","","","","","polTimezone","POL Timezone","Origin","supported","2026-10-08"
"PIL","PCIU","public","","","","","","","polEtd","POL ETD","Origin","supported","2026-10-08"
"PIL","PCIU","public","","","","","","","polAtd","POL ATD","Origin","supported","2026-10-08"
"PIL","PCIU","public","","","","","","","podName","POD Name","Destination port","supported","2026-10-08"
"PIL","PCIU","public","","","","","","","podLocode","POD Locode","Destination port","supported","2026-10-08"
"PIL","PCIU","public","","","","","","","podTerminal","POD Terminal","Destination port","limited","2026-10-08"
"PIL","PCIU","public","","","","","","","podTimezone","POD Timezone","Destination port","supported","2026-10-08"
"PIL","PCIU","public","","","","","","","podVoyageNumber","POD Voyage Number","Destination port","supported","2026-10-08"
"PIL","PCIU","public","","","","","","","podVesselName","POD Vessel Name","Destination port","supported","2026-10-08"
"PIL","PCIU","public","","","","","","","podVesselImo","POD Vessel IMO","Destination port","supported","2026-10-08"
"PIL","PCIU","public","","","","","","","podEta","POD ETA","Destination port","supported","2026-10-08"
"PIL","PCIU","public","","","","","","","podAta","POD ATA","Destination port","supported","2026-10-08"
"PIL","PCIU","public","","","","","","","destinationName","Destination Name","Inland destination","unsupported","2026-10-08"
"PIL","PCIU","public","","","","","","","destinationLocode","Destination Locode","Inland destination","unsupported","2026-10-08"
"PIL","PCIU","public","","","","","","","destinationTimezone","Destination Timezone","Inland destination","unsupported","2026-10-08"
"PIL","PCIU","public","","","","","","","destinationEta","Destination ETA","Inland destination","unsupported","2026-10-08"
"PIL","PCIU","public","","","","","","","destinationAta","Destination ATA","Inland destination","unsupported","2026-10-08"
"PIL","PCIU","public","","","","","","","number","Number","Container attributes","supported","2026-10-08"
"PIL","PCIU","public","","","","","","","sealNumber","Seal Number","Container attributes","unsupported","2026-10-08"
"PIL","PCIU","public","","","","","","","equipmentType","Equipment Type","Container attributes","supported","2026-10-08"
"PIL","PCIU","public","","","","","","","equipmentLength","Equipment Length","Container attributes","supported","2026-10-08"
"PIL","PCIU","public","","","","","","","equipmentHeight","Equipment Height","Container attributes","supported","2026-10-08"
"PIL","PCIU","public","","","","","","","weightLbs","Weight (Lbs)","Container attributes","unsupported","2026-10-08"
"PIL","PCIU","public","","","","","","","podArrivedAt","POD Arrived At","Container attributes","supported","2026-10-08"
"PIL","PCIU","public","","","","","","","podDischargedAt","POD Discharged At","Container attributes","supported","2026-10-08"
"PIL","PCIU","public","","","","","","","podFullOutAt","POD Full Out At","Container attributes","supported","2026-10-08"
"PIL","PCIU","public","","","","","","","destinationArrivedAt","Destination Arrived At","Container attributes","unsupported","2026-10-08"
"PIL","PCIU","public","","","","","","","destinationFullOutAt","Destination Full Out At","Container attributes","unsupported","2026-10-08"
"PIL","PCIU","public","","","","","","","emptyTerminatedAt","Empty Terminated At","Container attributes","supported","2026-10-08"
"PIL","PCIU","public","","","","","","","emptyOut","Empty Out","Container milestones","supported","2026-10-08"
"PIL","PCIU","public","","","","","","","fullIn","Full In","Container milestones","supported","2026-10-08"
"PIL","PCIU","public","","","","","","","vesselLoaded","Vessel Loaded","Container milestones","supported","2026-10-08"
"PIL","PCIU","public","","","","","","","vesselDeparted","Vessel Departed","Container milestones","supported","2026-10-08"
"PIL","PCIU","public","","","","","","","transshipmentArrived","Transshipment Arrived","Container milestones","unsupported","2026-10-08"
"PIL","PCIU","public","","","","","","","transshipmentDischarged","Transshipment Discharged","Container milestones","supported","2026-10-08"
"PIL","PCIU","public","","","","","","","transshipmentLoaded","Transshipment Loaded","Container milestones","supported","2026-10-08"
"PIL","PCIU","public","","","","","","","transshipmentDeparted","Transshipment Departed","Container milestones","unsupported","2026-10-08"
"PIL","PCIU","public","","","","","","","vesselArrived","Vessel Arrived","Container milestones","supported","2026-10-08"
"PIL","PCIU","public","","","","","","","vesselBerthed","Vessel Berthed","Container milestones","unsupported","2026-10-08"
"PIL","PCIU","public","","","","","","","vesselDischarged","Vessel Discharged","Container milestones","supported","2026-10-08"
"PIL","PCIU","public","","","","","","","fullOut","Full Out","Container milestones","supported","2026-10-08"
"PIL","PCIU","public","","","","","","","emptyReturned","Empty Returned","Container milestones","supported","2026-10-08"
"PIL","PCIU","public","","","","","","","feederArrived","Feeder Arrived","Additional milestones","unsupported","2026-10-08"
"PIL","PCIU","public","","","","","","","feederDischarged","Feeder Discharged","Additional milestones","unsupported","2026-10-08"
"PIL","PCIU","public","","","","","","","feederLoaded","Feeder Loaded","Additional milestones","unsupported","2026-10-08"
"PIL","PCIU","public","","","","","","","feederDeparted","Feeder Departed","Additional milestones","unsupported","2026-10-08"
"PIL","PCIU","public","","","","","","","railLoaded","Rail Loaded","Additional milestones","unsupported","2026-10-08"
"PIL","PCIU","public","","","","","","","railDeparted","Rail Departed","Additional milestones","unsupported","2026-10-08"
"PIL","PCIU","public","","","","","","","railArrived","Rail Arrived","Additional milestones","unsupported","2026-10-08"
"PIL","PCIU","public","","","","","","","railUnloaded","Rail Unloaded","Additional milestones","unsupported","2026-10-08"
"PIL","PCIU","public","","","","","","","arrivedAtDestination","Arrived At Destination","Additional milestones","unsupported","2026-10-08"
"PIL","PCIU","public","","","","","","","delivered","Delivered","Additional milestones","unsupported","2026-10-08"
"PIL","PCIU","public","","","","","","","estimatedArrivalAtFinalDestination","Estimated Arrival at Final Destination","Additional milestones","unsupported","2026-10-08"
"PIL","PCIU","public","","","","","","","sslLfdChanged","SSL LFD Changed","Other events","unsupported","2026-10-08"
"PIL","PCIU","public","","","","","","","estimatedArrival","Estimated Arrival","Other events","supported","2026-10-08"
"PIL","PCIU","public","","","","","","","bookingCancelled","Booking Cancelled","Other events","unsupported","2026-10-08"
"Safmarine","SAFM","public","","","","","","","billOfLading","Bill Of Lading","Tracking identifiers","supported","2026-10-08"
"Safmarine","SAFM","public","","","","","","","bookingNumber","Booking Number","Tracking identifiers","supported","2026-10-08"
"Safmarine","SAFM","public","","","","","","","containerNumber","Container Number","Tracking identifiers","unsupported","2026-10-08"
"Safmarine","SAFM","public","","","","","","","polName","POL Name","Origin","unknown","2026-10-08"
"Safmarine","SAFM","public","","","","","","","polLocode","POL Locode","Origin","unknown","2026-10-08"
"Safmarine","SAFM","public","","","","","","","polTimezone","POL Timezone","Origin","unknown","2026-10-08"
"Safmarine","SAFM","public","","","","","","","polEtd","POL ETD","Origin","unknown","2026-10-08"
"Safmarine","SAFM","public","","","","","","","polAtd","POL ATD","Origin","unknown","2026-10-08"
"Safmarine","SAFM","public","","","","","","","podName","POD Name","Destination port","unknown","2026-10-08"
"Safmarine","SAFM","public","","","","","","","podLocode","POD Locode","Destination port","unknown","2026-10-08"
"Safmarine","SAFM","public","","","","","","","podTerminal","POD Terminal","Destination port","unknown","2026-10-08"
"Safmarine","SAFM","public","","","","","","","podTimezone","POD Timezone","Destination port","unknown","2026-10-08"
"Safmarine","SAFM","public","","","","","","","podVoyageNumber","POD Voyage Number","Destination port","unknown","2026-10-08"
"Safmarine","SAFM","public","","","","","","","podVesselName","POD Vessel Name","Destination port","unknown","2026-10-08"
"Safmarine","SAFM","public","","","","","","","podVesselImo","POD Vessel IMO","Destination port","unknown","2026-10-08"
"Safmarine","SAFM","public","","","","","","","podEta","POD ETA","Destination port","unknown","2026-10-08"
"Safmarine","SAFM","public","","","","","","","podAta","POD ATA","Destination port","unknown","2026-10-08"
"Safmarine","SAFM","public","","","","","","","destinationName","Destination Name","Inland destination","unknown","2026-10-08"
"Safmarine","SAFM","public","","","","","","","destinationLocode","Destination Locode","Inland destination","unknown","2026-10-08"
"Safmarine","SAFM","public","","","","","","","destinationTimezone","Destination Timezone","Inland destination","unknown","2026-10-08"
"Safmarine","SAFM","public","","","","","","","destinationEta","Destination ETA","Inland destination","unknown","2026-10-08"
"Safmarine","SAFM","public","","","","","","","destinationAta","Destination ATA","Inland destination","unknown","2026-10-08"
"Safmarine","SAFM","public","","","","","","","number","Number","Container attributes","unknown","2026-10-08"
"Safmarine","SAFM","public","","","","","","","sealNumber","Seal Number","Container attributes","unknown","2026-10-08"
"Safmarine","SAFM","public","","","","","","","equipmentType","Equipment Type","Container attributes","unknown","2026-10-08"
"Safmarine","SAFM","public","","","","","","","equipmentLength","Equipment Length","Container attributes","unknown","2026-10-08"
"Safmarine","SAFM","public","","","","","","","equipmentHeight","Equipment Height","Container attributes","unknown","2026-10-08"
"Safmarine","SAFM","public","","","","","","","weightLbs","Weight (Lbs)","Container attributes","unknown","2026-10-08"
"Safmarine","SAFM","public","","","","","","","podArrivedAt","POD Arrived At","Container attributes","unknown","2026-10-08"
"Safmarine","SAFM","public","","","","","","","podDischargedAt","POD Discharged At","Container attributes","unknown","2026-10-08"
"Safmarine","SAFM","public","","","","","","","podFullOutAt","POD Full Out At","Container attributes","unknown","2026-10-08"
"Safmarine","SAFM","public","","","","","","","destinationArrivedAt","Destination Arrived At","Container attributes","unknown","2026-10-08"
"Safmarine","SAFM","public","","","","","","","destinationFullOutAt","Destination Full Out At","Container attributes","unknown","2026-10-08"
"Safmarine","SAFM","public","","","","","","","emptyTerminatedAt","Empty Terminated At","Container attributes","unknown","2026-10-08"
"Safmarine","SAFM","public","","","","","","","emptyOut","Empty Out","Container milestones","unknown","2026-10-08"
"Safmarine","SAFM","public","","","","","","","fullIn","Full In","Container milestones","unknown","2026-10-08"
"Safmarine","SAFM","public","","","","","","","vesselLoaded","Vessel Loaded","Container milestones","unknown","2026-10-08"
"Safmarine","SAFM","public","","","","","","","vesselDeparted","Vessel Departed","Container milestones","unknown","2026-10-08"
"Safmarine","SAFM","public","","","","","","","transshipmentArrived","Transshipment Arrived","Container milestones","unknown","2026-10-08"
"Safmarine","SAFM","public","","","","","","","transshipmentDischarged","Transshipment Discharged","Container milestones","unknown","2026-10-08"
"Safmarine","SAFM","public","","","","","","","transshipmentLoaded","Transshipment Loaded","Container milestones","unknown","2026-10-08"
"Safmarine","SAFM","public","","","","","","","transshipmentDeparted","Transshipment Departed","Container milestones","unknown","2026-10-08"
"Safmarine","SAFM","public","","","","","","","vesselArrived","Vessel Arrived","Container milestones","unknown","2026-10-08"
"Safmarine","SAFM","public","","","","","","","vesselBerthed","Vessel Berthed","Container milestones","unknown","2026-10-08"
"Safmarine","SAFM","public","","","","","","","vesselDischarged","Vessel Discharged","Container milestones","unknown","2026-10-08"
"Safmarine","SAFM","public","","","","","","","fullOut","Full Out","Container milestones","unknown","2026-10-08"
"Safmarine","SAFM","public","","","","","","","emptyReturned","Empty Returned","Container milestones","unknown","2026-10-08"
"Safmarine","SAFM","public","","","","","","","feederArrived","Feeder Arrived","Additional milestones","unknown","2026-10-08"
"Safmarine","SAFM","public","","","","","","","feederDischarged","Feeder Discharged","Additional milestones","unknown","2026-10-08"
"Safmarine","SAFM","public","","","","","","","feederLoaded","Feeder Loaded","Additional milestones","unknown","2026-10-08"
"Safmarine","SAFM","public","","","","","","","feederDeparted","Feeder Departed","Additional milestones","unknown","2026-10-08"
"Safmarine","SAFM","public","","","","","","","railLoaded","Rail Loaded","Additional milestones","unknown","2026-10-08"
"Safmarine","SAFM","public","","","","","","","railDeparted","Rail Departed","Additional milestones","unknown","2026-10-08"
"Safmarine","SAFM","public","","","","","","","railArrived","Rail Arrived","Additional milestones","unknown","2026-10-08"
"Safmarine","SAFM","public","","","","","","","railUnloaded","Rail Unloaded","Additional milestones","unknown","2026-10-08"
"Safmarine","SAFM","public","","","","","","","arrivedAtDestination","Arrived At Destination","Additional milestones","unknown","2026-10-08"
"Safmarine","SAFM","public","","","","","","","delivered","Delivered","Additional milestones","unknown","2026-10-08"
"Safmarine","SAFM","public","","","","","","","estimatedArrivalAtFinalDestination","Estimated Arrival at Final Destination","Additional milestones","unknown","2026-10-08"
"Safmarine","SAFM","public","","","","","","","sslLfdChanged","SSL LFD Changed","Other events","unknown","2026-10-08"
"Safmarine","SAFM","public","","","","","","","estimatedArrival","Estimated Arrival","Other events","unknown","2026-10-08"
"Safmarine","SAFM","public","","","","","","","bookingCancelled","Booking Cancelled","Other events","unknown","2026-10-08"
"Seaboard Marine","SMLU","account","","","","","","","billOfLading","Bill Of Lading","Tracking identifiers","supported","2026-10-08"
"Seaboard Marine","SMLU","account","","","","","","","bookingNumber","Booking Number","Tracking identifiers","supported","2026-10-08"
"Seaboard Marine","SMLU","account","","","","","","","containerNumber","Container Number","Tracking identifiers","unsupported","2026-10-08"
"Seaboard Marine","SMLU","account","","","","","","","polName","POL Name","Origin","unknown","2026-10-08"
"Seaboard Marine","SMLU","account","","","","","","","polLocode","POL Locode","Origin","unknown","2026-10-08"
"Seaboard Marine","SMLU","account","","","","","","","polTimezone","POL Timezone","Origin","unknown","2026-10-08"
"Seaboard Marine","SMLU","account","","","","","","","polEtd","POL ETD","Origin","unknown","2026-10-08"
"Seaboard Marine","SMLU","account","","","","","","","polAtd","POL ATD","Origin","unknown","2026-10-08"
"Seaboard Marine","SMLU","account","","","","","","","podName","POD Name","Destination port","unknown","2026-10-08"
"Seaboard Marine","SMLU","account","","","","","","","podLocode","POD Locode","Destination port","unknown","2026-10-08"
"Seaboard Marine","SMLU","account","","","","","","","podTerminal","POD Terminal","Destination port","unknown","2026-10-08"
"Seaboard Marine","SMLU","account","","","","","","","podTimezone","POD Timezone","Destination port","unknown","2026-10-08"
"Seaboard Marine","SMLU","account","","","","","","","podVoyageNumber","POD Voyage Number","Destination port","unknown","2026-10-08"
"Seaboard Marine","SMLU","account","","","","","","","podVesselName","POD Vessel Name","Destination port","unknown","2026-10-08"
"Seaboard Marine","SMLU","account","","","","","","","podVesselImo","POD Vessel IMO","Destination port","unknown","2026-10-08"
"Seaboard Marine","SMLU","account","","","","","","","podEta","POD ETA","Destination port","unknown","2026-10-08"
"Seaboard Marine","SMLU","account","","","","","","","podAta","POD ATA","Destination port","unknown","2026-10-08"
"Seaboard Marine","SMLU","account","","","","","","","destinationName","Destination Name","Inland destination","unknown","2026-10-08"
"Seaboard Marine","SMLU","account","","","","","","","destinationLocode","Destination Locode","Inland destination","unknown","2026-10-08"
"Seaboard Marine","SMLU","account","","","","","","","destinationTimezone","Destination Timezone","Inland destination","unknown","2026-10-08"
"Seaboard Marine","SMLU","account","","","","","","","destinationEta","Destination ETA","Inland destination","unknown","2026-10-08"
"Seaboard Marine","SMLU","account","","","","","","","destinationAta","Destination ATA","Inland destination","unknown","2026-10-08"
"Seaboard Marine","SMLU","account","","","","","","","number","Number","Container attributes","unknown","2026-10-08"
"Seaboard Marine","SMLU","account","","","","","","","sealNumber","Seal Number","Container attributes","unknown","2026-10-08"
"Seaboard Marine","SMLU","account","","","","","","","equipmentType","Equipment Type","Container attributes","unknown","2026-10-08"
"Seaboard Marine","SMLU","account","","","","","","","equipmentLength","Equipment Length","Container attributes","unknown","2026-10-08"
"Seaboard Marine","SMLU","account","","","","","","","equipmentHeight","Equipment Height","Container attributes","unknown","2026-10-08"
"Seaboard Marine","SMLU","account","","","","","","","weightLbs","Weight (Lbs)","Container attributes","unknown","2026-10-08"
"Seaboard Marine","SMLU","account","","","","","","","podArrivedAt","POD Arrived At","Container attributes","unknown","2026-10-08"
"Seaboard Marine","SMLU","account","","","","","","","podDischargedAt","POD Discharged At","Container attributes","unknown","2026-10-08"
"Seaboard Marine","SMLU","account","","","","","","","podFullOutAt","POD Full Out At","Container attributes","unknown","2026-10-08"
"Seaboard Marine","SMLU","account","","","","","","","destinationArrivedAt","Destination Arrived At","Container attributes","unknown","2026-10-08"
"Seaboard Marine","SMLU","account","","","","","","","destinationFullOutAt","Destination Full Out At","Container attributes","unknown","2026-10-08"
"Seaboard Marine","SMLU","account","","","","","","","emptyTerminatedAt","Empty Terminated At","Container attributes","unknown","2026-10-08"
"Seaboard Marine","SMLU","account","","","","","","","emptyOut","Empty Out","Container milestones","unknown","2026-10-08"
"Seaboard Marine","SMLU","account","","","","","","","fullIn","Full In","Container milestones","unknown","2026-10-08"
"Seaboard Marine","SMLU","account","","","","","","","vesselLoaded","Vessel Loaded","Container milestones","unknown","2026-10-08"
"Seaboard Marine","SMLU","account","","","","","","","vesselDeparted","Vessel Departed","Container milestones","unknown","2026-10-08"
"Seaboard Marine","SMLU","account","","","","","","","transshipmentArrived","Transshipment Arrived","Container milestones","unknown","2026-10-08"
"Seaboard Marine","SMLU","account","","","","","","","transshipmentDischarged","Transshipment Discharged","Container milestones","unknown","2026-10-08"
"Seaboard Marine","SMLU","account","","","","","","","transshipmentLoaded","Transshipment Loaded","Container milestones","unknown","2026-10-08"
"Seaboard Marine","SMLU","account","","","","","","","transshipmentDeparted","Transshipment Departed","Container milestones","unknown","2026-10-08"
"Seaboard Marine","SMLU","account","","","","","","","vesselArrived","Vessel Arrived","Container milestones","unknown","2026-10-08"
"Seaboard Marine","SMLU","account","","","","","","","vesselBerthed","Vessel Berthed","Container milestones","unknown","2026-10-08"
"Seaboard Marine","SMLU","account","","","","","","","vesselDischarged","Vessel Discharged","Container milestones","unknown","2026-10-08"
"Seaboard Marine","SMLU","account","","","","","","","fullOut","Full Out","Container milestones","unknown","2026-10-08"
"Seaboard Marine","SMLU","account","","","","","","","emptyReturned","Empty Returned","Container milestones","unknown","2026-10-08"
"Seaboard Marine","SMLU","account","","","","","","","feederArrived","Feeder Arrived","Additional milestones","unknown","2026-10-08"
"Seaboard Marine","SMLU","account","","","","","","","feederDischarged","Feeder Discharged","Additional milestones","unknown","2026-10-08"
"Seaboard Marine","SMLU","account","","","","","","","feederLoaded","Feeder Loaded","Additional milestones","unknown","2026-10-08"
"Seaboard Marine","SMLU","account","","","","","","","feederDeparted","Feeder Departed","Additional milestones","unknown","2026-10-08"
"Seaboard Marine","SMLU","account","","","","","","","railLoaded","Rail Loaded","Additional milestones","unknown","2026-10-08"
"Seaboard Marine","SMLU","account","","","","","","","railDeparted","Rail Departed","Additional milestones","unknown","2026-10-08"
"Seaboard Marine","SMLU","account","","","","","","","railArrived","Rail Arrived","Additional milestones","unknown","2026-10-08"
"Seaboard Marine","SMLU","account","","","","","","","railUnloaded","Rail Unloaded","Additional milestones","unknown","2026-10-08"
"Seaboard Marine","SMLU","account","","","","","","","arrivedAtDestination","Arrived At Destination","Additional milestones","unknown","2026-10-08"
"Seaboard Marine","SMLU","account","","","","","","","delivered","Delivered","Additional milestones","unknown","2026-10-08"
"Seaboard Marine","SMLU","account","","","","","","","estimatedArrivalAtFinalDestination","Estimated Arrival at Final Destination","Additional milestones","unknown","2026-10-08"
"Seaboard Marine","SMLU","account","","","","","","","sslLfdChanged","SSL LFD Changed","Other events","unknown","2026-10-08"
"Seaboard Marine","SMLU","account","","","","","","","estimatedArrival","Estimated Arrival","Other events","unknown","2026-10-08"
"Seaboard Marine","SMLU","account","","","","","","","bookingCancelled","Booking Cancelled","Other events","unknown","2026-10-08"
"Sealand Americas","SEAU","public","","","","","","","billOfLading","Bill Of Lading","Tracking identifiers","supported","2026-10-08"
"Sealand Americas","SEAU","public","","","","","","","bookingNumber","Booking Number","Tracking identifiers","supported","2026-10-08"
"Sealand Americas","SEAU","public","","","","","","","containerNumber","Container Number","Tracking identifiers","supported","2026-10-08"
"Sealand Americas","SEAU","public","","","","","","","polName","POL Name","Origin","supported","2026-10-08"
"Sealand Americas","SEAU","public","","","","","","","polLocode","POL Locode","Origin","supported","2026-10-08"
"Sealand Americas","SEAU","public","","","","","","","polTimezone","POL Timezone","Origin","supported","2026-10-08"
"Sealand Americas","SEAU","public","","","","","","","polEtd","POL ETD","Origin","supported","2026-10-08"
"Sealand Americas","SEAU","public","","","","","","","polAtd","POL ATD","Origin","supported","2026-10-08"
"Sealand Americas","SEAU","public","","","","","","","podName","POD Name","Destination port","supported","2026-10-08"
"Sealand Americas","SEAU","public","","","","","","","podLocode","POD Locode","Destination port","supported","2026-10-08"
"Sealand Americas","SEAU","public","","","","","","","podTerminal","POD Terminal","Destination port","limited","2026-10-08"
"Sealand Americas","SEAU","public","","","","","","","podTimezone","POD Timezone","Destination port","supported","2026-10-08"
"Sealand Americas","SEAU","public","","","","","","","podVoyageNumber","POD Voyage Number","Destination port","supported","2026-10-08"
"Sealand Americas","SEAU","public","","","","","","","podVesselName","POD Vessel Name","Destination port","supported","2026-10-08"
"Sealand Americas","SEAU","public","","","","","","","podVesselImo","POD Vessel IMO","Destination port","supported","2026-10-08"
"Sealand Americas","SEAU","public","","","","","","","podEta","POD ETA","Destination port","supported","2026-10-08"
"Sealand Americas","SEAU","public","","","","","","","podAta","POD ATA","Destination port","supported","2026-10-08"
"Sealand Americas","SEAU","public","","","","","","","destinationName","Destination Name","Inland destination","supported","2026-10-08"
"Sealand Americas","SEAU","public","","","","","","","destinationLocode","Destination Locode","Inland destination","supported","2026-10-08"
"Sealand Americas","SEAU","public","","","","","","","destinationTimezone","Destination Timezone","Inland destination","supported","2026-10-08"
"Sealand Americas","SEAU","public","","","","","","","destinationEta","Destination ETA","Inland destination","supported","2026-10-08"
"Sealand Americas","SEAU","public","","","","","","","destinationAta","Destination ATA","Inland destination","supported","2026-10-08"
"Sealand Americas","SEAU","public","","","","","","","number","Number","Container attributes","supported","2026-10-08"
"Sealand Americas","SEAU","public","","","","","","","sealNumber","Seal Number","Container attributes","unsupported","2026-10-08"
"Sealand Americas","SEAU","public","","","","","","","equipmentType","Equipment Type","Container attributes","supported","2026-10-08"
"Sealand Americas","SEAU","public","","","","","","","equipmentLength","Equipment Length","Container attributes","supported","2026-10-08"
"Sealand Americas","SEAU","public","","","","","","","equipmentHeight","Equipment Height","Container attributes","supported","2026-10-08"
"Sealand Americas","SEAU","public","","","","","","","weightLbs","Weight (Lbs)","Container attributes","unsupported","2026-10-08"
"Sealand Americas","SEAU","public","","","","","","","podArrivedAt","POD Arrived At","Container attributes","supported","2026-10-08"
"Sealand Americas","SEAU","public","","","","","","","podDischargedAt","POD Discharged At","Container attributes","supported","2026-10-08"
"Sealand Americas","SEAU","public","","","","","","","podFullOutAt","POD Full Out At","Container attributes","unsupported","2026-10-08"
"Sealand Americas","SEAU","public","","","","","","","destinationArrivedAt","Destination Arrived At","Container attributes","unsupported","2026-10-08"
"Sealand Americas","SEAU","public","","","","","","","destinationFullOutAt","Destination Full Out At","Container attributes","supported","2026-10-08"
"Sealand Americas","SEAU","public","","","","","","","emptyTerminatedAt","Empty Terminated At","Container attributes","limited","2026-10-08"
"Sealand Americas","SEAU","public","","","","","","","emptyOut","Empty Out","Container milestones","supported","2026-10-08"
"Sealand Americas","SEAU","public","","","","","","","fullIn","Full In","Container milestones","supported","2026-10-08"
"Sealand Americas","SEAU","public","","","","","","","vesselLoaded","Vessel Loaded","Container milestones","supported","2026-10-08"
"Sealand Americas","SEAU","public","","","","","","","vesselDeparted","Vessel Departed","Container milestones","supported","2026-10-08"
"Sealand Americas","SEAU","public","","","","","","","transshipmentArrived","Transshipment Arrived","Container milestones","supported","2026-10-08"
"Sealand Americas","SEAU","public","","","","","","","transshipmentDischarged","Transshipment Discharged","Container milestones","supported","2026-10-08"
"Sealand Americas","SEAU","public","","","","","","","transshipmentLoaded","Transshipment Loaded","Container milestones","supported","2026-10-08"
"Sealand Americas","SEAU","public","","","","","","","transshipmentDeparted","Transshipment Departed","Container milestones","supported","2026-10-08"
"Sealand Americas","SEAU","public","","","","","","","vesselArrived","Vessel Arrived","Container milestones","supported","2026-10-08"
"Sealand Americas","SEAU","public","","","","","","","vesselBerthed","Vessel Berthed","Container milestones","unsupported","2026-10-08"
"Sealand Americas","SEAU","public","","","","","","","vesselDischarged","Vessel Discharged","Container milestones","supported","2026-10-08"
"Sealand Americas","SEAU","public","","","","","","","fullOut","Full Out","Container milestones","unsupported","2026-10-08"
"Sealand Americas","SEAU","public","","","","","","","emptyReturned","Empty Returned","Container milestones","unsupported","2026-10-08"
"Sealand Americas","SEAU","public","","","","","","","feederArrived","Feeder Arrived","Additional milestones","unsupported","2026-10-08"
"Sealand Americas","SEAU","public","","","","","","","feederDischarged","Feeder Discharged","Additional milestones","unsupported","2026-10-08"
"Sealand Americas","SEAU","public","","","","","","","feederLoaded","Feeder Loaded","Additional milestones","unsupported","2026-10-08"
"Sealand Americas","SEAU","public","","","","","","","feederDeparted","Feeder Departed","Additional milestones","unsupported","2026-10-08"
"Sealand Americas","SEAU","public","","","","","","","railLoaded","Rail Loaded","Additional milestones","supported","2026-10-08"
"Sealand Americas","SEAU","public","","","","","","","railDeparted","Rail Departed","Additional milestones","supported","2026-10-08"
"Sealand Americas","SEAU","public","","","","","","","railArrived","Rail Arrived","Additional milestones","supported","2026-10-08"
"Sealand Americas","SEAU","public","","","","","","","railUnloaded","Rail Unloaded","Additional milestones","supported","2026-10-08"
"Sealand Americas","SEAU","public","","","","","","","arrivedAtDestination","Arrived At Destination","Additional milestones","supported","2026-10-08"
"Sealand Americas","SEAU","public","","","","","","","delivered","Delivered","Additional milestones","unsupported","2026-10-08"
"Sealand Americas","SEAU","public","","","","","","","estimatedArrivalAtFinalDestination","Estimated Arrival at Final Destination","Additional milestones","supported","2026-10-08"
"Sealand Americas","SEAU","public","","","","","","","sslLfdChanged","SSL LFD Changed","Other events","unsupported","2026-10-08"
"Sealand Americas","SEAU","public","","","","","","","estimatedArrival","Estimated Arrival","Other events","supported","2026-10-08"
"Sealand Americas","SEAU","public","","","","","","","bookingCancelled","Booking Cancelled","Other events","unsupported","2026-10-08"
"Sealand Europe","SEJJ","public","","","","","","","billOfLading","Bill Of Lading","Tracking identifiers","supported","2026-10-08"
"Sealand Europe","SEJJ","public","","","","","","","bookingNumber","Booking Number","Tracking identifiers","supported","2026-10-08"
"Sealand Europe","SEJJ","public","","","","","","","containerNumber","Container Number","Tracking identifiers","supported","2026-10-08"
"Sealand Europe","SEJJ","public","","","","","","","polName","POL Name","Origin","unknown","2026-10-08"
"Sealand Europe","SEJJ","public","","","","","","","polLocode","POL Locode","Origin","unknown","2026-10-08"
"Sealand Europe","SEJJ","public","","","","","","","polTimezone","POL Timezone","Origin","unknown","2026-10-08"
"Sealand Europe","SEJJ","public","","","","","","","polEtd","POL ETD","Origin","unknown","2026-10-08"
"Sealand Europe","SEJJ","public","","","","","","","polAtd","POL ATD","Origin","unknown","2026-10-08"
"Sealand Europe","SEJJ","public","","","","","","","podName","POD Name","Destination port","unknown","2026-10-08"
"Sealand Europe","SEJJ","public","","","","","","","podLocode","POD Locode","Destination port","unknown","2026-10-08"
"Sealand Europe","SEJJ","public","","","","","","","podTerminal","POD Terminal","Destination port","unknown","2026-10-08"
"Sealand Europe","SEJJ","public","","","","","","","podTimezone","POD Timezone","Destination port","unknown","2026-10-08"
"Sealand Europe","SEJJ","public","","","","","","","podVoyageNumber","POD Voyage Number","Destination port","unknown","2026-10-08"
"Sealand Europe","SEJJ","public","","","","","","","podVesselName","POD Vessel Name","Destination port","unknown","2026-10-08"
"Sealand Europe","SEJJ","public","","","","","","","podVesselImo","POD Vessel IMO","Destination port","unknown","2026-10-08"
"Sealand Europe","SEJJ","public","","","","","","","podEta","POD ETA","Destination port","unknown","2026-10-08"
"Sealand Europe","SEJJ","public","","","","","","","podAta","POD ATA","Destination port","unknown","2026-10-08"
"Sealand Europe","SEJJ","public","","","","","","","destinationName","Destination Name","Inland destination","unknown","2026-10-08"
"Sealand Europe","SEJJ","public","","","","","","","destinationLocode","Destination Locode","Inland destination","unknown","2026-10-08"
"Sealand Europe","SEJJ","public","","","","","","","destinationTimezone","Destination Timezone","Inland destination","unknown","2026-10-08"
"Sealand Europe","SEJJ","public","","","","","","","destinationEta","Destination ETA","Inland destination","unknown","2026-10-08"
"Sealand Europe","SEJJ","public","","","","","","","destinationAta","Destination ATA","Inland destination","unknown","2026-10-08"
"Sealand Europe","SEJJ","public","","","","","","","number","Number","Container attributes","unknown","2026-10-08"
"Sealand Europe","SEJJ","public","","","","","","","sealNumber","Seal Number","Container attributes","unknown","2026-10-08"
"Sealand Europe","SEJJ","public","","","","","","","equipmentType","Equipment Type","Container attributes","unknown","2026-10-08"
"Sealand Europe","SEJJ","public","","","","","","","equipmentLength","Equipment Length","Container attributes","unknown","2026-10-08"
"Sealand Europe","SEJJ","public","","","","","","","equipmentHeight","Equipment Height","Container attributes","unknown","2026-10-08"
"Sealand Europe","SEJJ","public","","","","","","","weightLbs","Weight (Lbs)","Container attributes","unknown","2026-10-08"
"Sealand Europe","SEJJ","public","","","","","","","podArrivedAt","POD Arrived At","Container attributes","unknown","2026-10-08"
"Sealand Europe","SEJJ","public","","","","","","","podDischargedAt","POD Discharged At","Container attributes","unknown","2026-10-08"
"Sealand Europe","SEJJ","public","","","","","","","podFullOutAt","POD Full Out At","Container attributes","unknown","2026-10-08"
"Sealand Europe","SEJJ","public","","","","","","","destinationArrivedAt","Destination Arrived At","Container attributes","unknown","2026-10-08"
"Sealand Europe","SEJJ","public","","","","","","","destinationFullOutAt","Destination Full Out At","Container attributes","unknown","2026-10-08"
"Sealand Europe","SEJJ","public","","","","","","","emptyTerminatedAt","Empty Terminated At","Container attributes","unknown","2026-10-08"
"Sealand Europe","SEJJ","public","","","","","","","emptyOut","Empty Out","Container milestones","unknown","2026-10-08"
"Sealand Europe","SEJJ","public","","","","","","","fullIn","Full In","Container milestones","unknown","2026-10-08"
"Sealand Europe","SEJJ","public","","","","","","","vesselLoaded","Vessel Loaded","Container milestones","unknown","2026-10-08"
"Sealand Europe","SEJJ","public","","","","","","","vesselDeparted","Vessel Departed","Container milestones","unknown","2026-10-08"
"Sealand Europe","SEJJ","public","","","","","","","transshipmentArrived","Transshipment Arrived","Container milestones","unknown","2026-10-08"
"Sealand Europe","SEJJ","public","","","","","","","transshipmentDischarged","Transshipment Discharged","Container milestones","unknown","2026-10-08"
"Sealand Europe","SEJJ","public","","","","","","","transshipmentLoaded","Transshipment Loaded","Container milestones","unknown","2026-10-08"
"Sealand Europe","SEJJ","public","","","","","","","transshipmentDeparted","Transshipment Departed","Container milestones","unknown","2026-10-08"
"Sealand Europe","SEJJ","public","","","","","","","vesselArrived","Vessel Arrived","Container milestones","unknown","2026-10-08"
"Sealand Europe","SEJJ","public","","","","","","","vesselBerthed","Vessel Berthed","Container milestones","unknown","2026-10-08"
"Sealand Europe","SEJJ","public","","","","","","","vesselDischarged","Vessel Discharged","Container milestones","unknown","2026-10-08"
"Sealand Europe","SEJJ","public","","","","","","","fullOut","Full Out","Container milestones","unknown","2026-10-08"
"Sealand Europe","SEJJ","public","","","","","","","emptyReturned","Empty Returned","Container milestones","unknown","2026-10-08"
"Sealand Europe","SEJJ","public","","","","","","","feederArrived","Feeder Arrived","Additional milestones","unknown","2026-10-08"
"Sealand Europe","SEJJ","public","","","","","","","feederDischarged","Feeder Discharged","Additional milestones","unknown","2026-10-08"
"Sealand Europe","SEJJ","public","","","","","","","feederLoaded","Feeder Loaded","Additional milestones","unknown","2026-10-08"
"Sealand Europe","SEJJ","public","","","","","","","feederDeparted","Feeder Departed","Additional milestones","unknown","2026-10-08"
"Sealand Europe","SEJJ","public","","","","","","","railLoaded","Rail Loaded","Additional milestones","unknown","2026-10-08"
"Sealand Europe","SEJJ","public","","","","","","","railDeparted","Rail Departed","Additional milestones","unknown","2026-10-08"
"Sealand Europe","SEJJ","public","","","","","","","railArrived","Rail Arrived","Additional milestones","unknown","2026-10-08"
"Sealand Europe","SEJJ","public","","","","","","","railUnloaded","Rail Unloaded","Additional milestones","unknown","2026-10-08"
"Sealand Europe","SEJJ","public","","","","","","","arrivedAtDestination","Arrived At Destination","Additional milestones","unknown","2026-10-08"
"Sealand Europe","SEJJ","public","","","","","","","delivered","Delivered","Additional milestones","unknown","2026-10-08"
"Sealand Europe","SEJJ","public","","","","","","","estimatedArrivalAtFinalDestination","Estimated Arrival at Final Destination","Additional milestones","unknown","2026-10-08"
"Sealand Europe","SEJJ","public","","","","","","","sslLfdChanged","SSL LFD Changed","Other events","unknown","2026-10-08"
"Sealand Europe","SEJJ","public","","","","","","","estimatedArrival","Estimated Arrival","Other events","unknown","2026-10-08"
"Sealand Europe","SEJJ","public","","","","","","","bookingCancelled","Booking Cancelled","Other events","unknown","2026-10-08"
"SeaLead","SQQY","public","","","","","","","billOfLading","Bill Of Lading","Tracking identifiers","supported","2026-10-08"
"SeaLead","SQQY","public","","","","","","","bookingNumber","Booking Number","Tracking identifiers","supported","2026-10-08"
"SeaLead","SQQY","public","","","","","","","containerNumber","Container Number","Tracking identifiers","supported","2026-10-08"
"SeaLead","SQQY","public","","","","","","","polName","POL Name","Origin","unknown","2026-10-08"
"SeaLead","SQQY","public","","","","","","","polLocode","POL Locode","Origin","unknown","2026-10-08"
"SeaLead","SQQY","public","","","","","","","polTimezone","POL Timezone","Origin","unknown","2026-10-08"
"SeaLead","SQQY","public","","","","","","","polEtd","POL ETD","Origin","unknown","2026-10-08"
"SeaLead","SQQY","public","","","","","","","polAtd","POL ATD","Origin","unknown","2026-10-08"
"SeaLead","SQQY","public","","","","","","","podName","POD Name","Destination port","unknown","2026-10-08"
"SeaLead","SQQY","public","","","","","","","podLocode","POD Locode","Destination port","unknown","2026-10-08"
"SeaLead","SQQY","public","","","","","","","podTerminal","POD Terminal","Destination port","unknown","2026-10-08"
"SeaLead","SQQY","public","","","","","","","podTimezone","POD Timezone","Destination port","unknown","2026-10-08"
"SeaLead","SQQY","public","","","","","","","podVoyageNumber","POD Voyage Number","Destination port","unknown","2026-10-08"
"SeaLead","SQQY","public","","","","","","","podVesselName","POD Vessel Name","Destination port","unknown","2026-10-08"
"SeaLead","SQQY","public","","","","","","","podVesselImo","POD Vessel IMO","Destination port","unknown","2026-10-08"
"SeaLead","SQQY","public","","","","","","","podEta","POD ETA","Destination port","unknown","2026-10-08"
"SeaLead","SQQY","public","","","","","","","podAta","POD ATA","Destination port","unknown","2026-10-08"
"SeaLead","SQQY","public","","","","","","","destinationName","Destination Name","Inland destination","unknown","2026-10-08"
"SeaLead","SQQY","public","","","","","","","destinationLocode","Destination Locode","Inland destination","unknown","2026-10-08"
"SeaLead","SQQY","public","","","","","","","destinationTimezone","Destination Timezone","Inland destination","unknown","2026-10-08"
"SeaLead","SQQY","public","","","","","","","destinationEta","Destination ETA","Inland destination","unknown","2026-10-08"
"SeaLead","SQQY","public","","","","","","","destinationAta","Destination ATA","Inland destination","unknown","2026-10-08"
"SeaLead","SQQY","public","","","","","","","number","Number","Container attributes","unknown","2026-10-08"
"SeaLead","SQQY","public","","","","","","","sealNumber","Seal Number","Container attributes","unknown","2026-10-08"
"SeaLead","SQQY","public","","","","","","","equipmentType","Equipment Type","Container attributes","unknown","2026-10-08"
"SeaLead","SQQY","public","","","","","","","equipmentLength","Equipment Length","Container attributes","unknown","2026-10-08"
"SeaLead","SQQY","public","","","","","","","equipmentHeight","Equipment Height","Container attributes","unknown","2026-10-08"
"SeaLead","SQQY","public","","","","","","","weightLbs","Weight (Lbs)","Container attributes","unknown","2026-10-08"
"SeaLead","SQQY","public","","","","","","","podArrivedAt","POD Arrived At","Container attributes","unknown","2026-10-08"
"SeaLead","SQQY","public","","","","","","","podDischargedAt","POD Discharged At","Container attributes","unknown","2026-10-08"
"SeaLead","SQQY","public","","","","","","","podFullOutAt","POD Full Out At","Container attributes","unknown","2026-10-08"
"SeaLead","SQQY","public","","","","","","","destinationArrivedAt","Destination Arrived At","Container attributes","unknown","2026-10-08"
"SeaLead","SQQY","public","","","","","","","destinationFullOutAt","Destination Full Out At","Container attributes","unknown","2026-10-08"
"SeaLead","SQQY","public","","","","","","","emptyTerminatedAt","Empty Terminated At","Container attributes","unknown","2026-10-08"
"SeaLead","SQQY","public","","","","","","","emptyOut","Empty Out","Container milestones","unknown","2026-10-08"
"SeaLead","SQQY","public","","","","","","","fullIn","Full In","Container milestones","unknown","2026-10-08"
"SeaLead","SQQY","public","","","","","","","vesselLoaded","Vessel Loaded","Container milestones","unknown","2026-10-08"
"SeaLead","SQQY","public","","","","","","","vesselDeparted","Vessel Departed","Container milestones","unknown","2026-10-08"
"SeaLead","SQQY","public","","","","","","","transshipmentArrived","Transshipment Arrived","Container milestones","unknown","2026-10-08"
"SeaLead","SQQY","public","","","","","","","transshipmentDischarged","Transshipment Discharged","Container milestones","unknown","2026-10-08"
"SeaLead","SQQY","public","","","","","","","transshipmentLoaded","Transshipment Loaded","Container milestones","unknown","2026-10-08"
"SeaLead","SQQY","public","","","","","","","transshipmentDeparted","Transshipment Departed","Container milestones","unknown","2026-10-08"
"SeaLead","SQQY","public","","","","","","","vesselArrived","Vessel Arrived","Container milestones","unknown","2026-10-08"
"SeaLead","SQQY","public","","","","","","","vesselBerthed","Vessel Berthed","Container milestones","unknown","2026-10-08"
"SeaLead","SQQY","public","","","","","","","vesselDischarged","Vessel Discharged","Container milestones","unknown","2026-10-08"
"SeaLead","SQQY","public","","","","","","","fullOut","Full Out","Container milestones","unknown","2026-10-08"
"SeaLead","SQQY","public","","","","","","","emptyReturned","Empty Returned","Container milestones","unknown","2026-10-08"
"SeaLead","SQQY","public","","","","","","","feederArrived","Feeder Arrived","Additional milestones","unknown","2026-10-08"
"SeaLead","SQQY","public","","","","","","","feederDischarged","Feeder Discharged","Additional milestones","unknown","2026-10-08"
"SeaLead","SQQY","public","","","","","","","feederLoaded","Feeder Loaded","Additional milestones","unknown","2026-10-08"
"SeaLead","SQQY","public","","","","","","","feederDeparted","Feeder Departed","Additional milestones","unknown","2026-10-08"
"SeaLead","SQQY","public","","","","","","","railLoaded","Rail Loaded","Additional milestones","unknown","2026-10-08"
"SeaLead","SQQY","public","","","","","","","railDeparted","Rail Departed","Additional milestones","unknown","2026-10-08"
"SeaLead","SQQY","public","","","","","","","railArrived","Rail Arrived","Additional milestones","unknown","2026-10-08"
"SeaLead","SQQY","public","","","","","","","railUnloaded","Rail Unloaded","Additional milestones","unknown","2026-10-08"
"SeaLead","SQQY","public","","","","","","","arrivedAtDestination","Arrived At Destination","Additional milestones","unknown","2026-10-08"
"SeaLead","SQQY","public","","","","","","","delivered","Delivered","Additional milestones","unknown","2026-10-08"
"SeaLead","SQQY","public","","","","","","","estimatedArrivalAtFinalDestination","Estimated Arrival at Final Destination","Additional milestones","unknown","2026-10-08"
"SeaLead","SQQY","public","","","","","","","sslLfdChanged","SSL LFD Changed","Other events","unknown","2026-10-08"
"SeaLead","SQQY","public","","","","","","","estimatedArrival","Estimated Arrival","Other events","unknown","2026-10-08"
"SeaLead","SQQY","public","","","","","","","bookingCancelled","Booking Cancelled","Other events","unknown","2026-10-08"
"Seth Shipping","SSPH","public","","","","","","","billOfLading","Bill Of Lading","Tracking identifiers","supported","2026-10-08"
"Seth Shipping","SSPH","public","","","","","","","bookingNumber","Booking Number","Tracking identifiers","supported","2026-10-08"
"Seth Shipping","SSPH","public","","","","","","","containerNumber","Container Number","Tracking identifiers","supported","2026-10-08"
"Seth Shipping","SSPH","public","","","","","","","polName","POL Name","Origin","supported","2026-10-08"
"Seth Shipping","SSPH","public","","","","","","","polLocode","POL Locode","Origin","supported","2026-10-08"
"Seth Shipping","SSPH","public","","","","","","","polTimezone","POL Timezone","Origin","supported","2026-10-08"
"Seth Shipping","SSPH","public","","","","","","","polEtd","POL ETD","Origin","supported","2026-10-08"
"Seth Shipping","SSPH","public","","","","","","","polAtd","POL ATD","Origin","supported","2026-10-08"
"Seth Shipping","SSPH","public","","","","","","","podName","POD Name","Destination port","supported","2026-10-08"
"Seth Shipping","SSPH","public","","","","","","","podLocode","POD Locode","Destination port","supported","2026-10-08"
"Seth Shipping","SSPH","public","","","","","","","podTerminal","POD Terminal","Destination port","supported","2026-10-08"
"Seth Shipping","SSPH","public","","","","","","","podTimezone","POD Timezone","Destination port","supported","2026-10-08"
"Seth Shipping","SSPH","public","","","","","","","podVoyageNumber","POD Voyage Number","Destination port","supported","2026-10-08"
"Seth Shipping","SSPH","public","","","","","","","podVesselName","POD Vessel Name","Destination port","supported","2026-10-08"
"Seth Shipping","SSPH","public","","","","","","","podVesselImo","POD Vessel IMO","Destination port","supported","2026-10-08"
"Seth Shipping","SSPH","public","","","","","","","podEta","POD ETA","Destination port","supported","2026-10-08"
"Seth Shipping","SSPH","public","","","","","","","podAta","POD ATA","Destination port","supported","2026-10-08"
"Seth Shipping","SSPH","public","","","","","","","destinationName","Destination Name","Inland destination","supported","2026-10-08"
"Seth Shipping","SSPH","public","","","","","","","destinationLocode","Destination Locode","Inland destination","supported","2026-10-08"
"Seth Shipping","SSPH","public","","","","","","","destinationTimezone","Destination Timezone","Inland destination","supported","2026-10-08"
"Seth Shipping","SSPH","public","","","","","","","destinationEta","Destination ETA","Inland destination","supported","2026-10-08"
"Seth Shipping","SSPH","public","","","","","","","destinationAta","Destination ATA","Inland destination","supported","2026-10-08"
"Seth Shipping","SSPH","public","","","","","","","number","Number","Container attributes","supported","2026-10-08"
"Seth Shipping","SSPH","public","","","","","","","sealNumber","Seal Number","Container attributes","supported","2026-10-08"
"Seth Shipping","SSPH","public","","","","","","","equipmentType","Equipment Type","Container attributes","supported","2026-10-08"
"Seth Shipping","SSPH","public","","","","","","","equipmentLength","Equipment Length","Container attributes","supported","2026-10-08"
"Seth Shipping","SSPH","public","","","","","","","equipmentHeight","Equipment Height","Container attributes","supported","2026-10-08"
"Seth Shipping","SSPH","public","","","","","","","weightLbs","Weight (Lbs)","Container attributes","supported","2026-10-08"
"Seth Shipping","SSPH","public","","","","","","","podArrivedAt","POD Arrived At","Container attributes","supported","2026-10-08"
"Seth Shipping","SSPH","public","","","","","","","podDischargedAt","POD Discharged At","Container attributes","supported","2026-10-08"
"Seth Shipping","SSPH","public","","","","","","","podFullOutAt","POD Full Out At","Container attributes","supported","2026-10-08"
"Seth Shipping","SSPH","public","","","","","","","destinationArrivedAt","Destination Arrived At","Container attributes","supported","2026-10-08"
"Seth Shipping","SSPH","public","","","","","","","destinationFullOutAt","Destination Full Out At","Container attributes","supported","2026-10-08"
"Seth Shipping","SSPH","public","","","","","","","emptyTerminatedAt","Empty Terminated At","Container attributes","supported","2026-10-08"
"Seth Shipping","SSPH","public","","","","","","","emptyOut","Empty Out","Container milestones","supported","2026-10-08"
"Seth Shipping","SSPH","public","","","","","","","fullIn","Full In","Container milestones","supported","2026-10-08"
"Seth Shipping","SSPH","public","","","","","","","vesselLoaded","Vessel Loaded","Container milestones","supported","2026-10-08"
"Seth Shipping","SSPH","public","","","","","","","vesselDeparted","Vessel Departed","Container milestones","supported","2026-10-08"
"Seth Shipping","SSPH","public","","","","","","","transshipmentArrived","Transshipment Arrived","Container milestones","supported","2026-10-08"
"Seth Shipping","SSPH","public","","","","","","","transshipmentDischarged","Transshipment Discharged","Container milestones","supported","2026-10-08"
"Seth Shipping","SSPH","public","","","","","","","transshipmentLoaded","Transshipment Loaded","Container milestones","supported","2026-10-08"
"Seth Shipping","SSPH","public","","","","","","","transshipmentDeparted","Transshipment Departed","Container milestones","supported","2026-10-08"
"Seth Shipping","SSPH","public","","","","","","","vesselArrived","Vessel Arrived","Container milestones","supported","2026-10-08"
"Seth Shipping","SSPH","public","","","","","","","vesselBerthed","Vessel Berthed","Container milestones","supported","2026-10-08"
"Seth Shipping","SSPH","public","","","","","","","vesselDischarged","Vessel Discharged","Container milestones","supported","2026-10-08"
"Seth Shipping","SSPH","public","","","","","","","fullOut","Full Out","Container milestones","supported","2026-10-08"
"Seth Shipping","SSPH","public","","","","","","","emptyReturned","Empty Returned","Container milestones","supported","2026-10-08"
"Seth Shipping","SSPH","public","","","","","","","feederArrived","Feeder Arrived","Additional milestones","supported","2026-10-08"
"Seth Shipping","SSPH","public","","","","","","","feederDischarged","Feeder Discharged","Additional milestones","supported","2026-10-08"
"Seth Shipping","SSPH","public","","","","","","","feederLoaded","Feeder Loaded","Additional milestones","supported","2026-10-08"
"Seth Shipping","SSPH","public","","","","","","","feederDeparted","Feeder Departed","Additional milestones","supported","2026-10-08"
"Seth Shipping","SSPH","public","","","","","","","railLoaded","Rail Loaded","Additional milestones","supported","2026-10-08"
"Seth Shipping","SSPH","public","","","","","","","railDeparted","Rail Departed","Additional milestones","supported","2026-10-08"
"Seth Shipping","SSPH","public","","","","","","","railArrived","Rail Arrived","Additional milestones","supported","2026-10-08"
"Seth Shipping","SSPH","public","","","","","","","railUnloaded","Rail Unloaded","Additional milestones","supported","2026-10-08"
"Seth Shipping","SSPH","public","","","","","","","arrivedAtDestination","Arrived At Destination","Additional milestones","supported","2026-10-08"
"Seth Shipping","SSPH","public","","","","","","","delivered","Delivered","Additional milestones","supported","2026-10-08"
"Seth Shipping","SSPH","public","","","","","","","estimatedArrivalAtFinalDestination","Estimated Arrival at Final Destination","Additional milestones","supported","2026-10-08"
"Seth Shipping","SSPH","public","","","","","","","sslLfdChanged","SSL LFD Changed","Other events","supported","2026-10-08"
"Seth Shipping","SSPH","public","","","","","","","estimatedArrival","Estimated Arrival","Other events","supported","2026-10-08"
"Seth Shipping","SSPH","public","","","","","","","bookingCancelled","Booking Cancelled","Other events","supported","2026-10-08"
"SM Line","SMLM","public","","","","","","","billOfLading","Bill Of Lading","Tracking identifiers","supported","2026-10-08"
"SM Line","SMLM","public","","","","","","","bookingNumber","Booking Number","Tracking identifiers","supported","2026-10-08"
"SM Line","SMLM","public","","","","","","","containerNumber","Container Number","Tracking identifiers","unsupported","2026-10-08"
"SM Line","SMLM","public","","","","","","","polName","POL Name","Origin","supported","2026-10-08"
"SM Line","SMLM","public","","","","","","","polLocode","POL Locode","Origin","supported","2026-10-08"
"SM Line","SMLM","public","","","","","","","polTimezone","POL Timezone","Origin","supported","2026-10-08"
"SM Line","SMLM","public","","","","","","","polEtd","POL ETD","Origin","supported","2026-10-08"
"SM Line","SMLM","public","","","","","","","polAtd","POL ATD","Origin","supported","2026-10-08"
"SM Line","SMLM","public","","","","","","","podName","POD Name","Destination port","supported","2026-10-08"
"SM Line","SMLM","public","","","","","","","podLocode","POD Locode","Destination port","supported","2026-10-08"
"SM Line","SMLM","public","","","","","","","podTerminal","POD Terminal","Destination port","supported","2026-10-08"
"SM Line","SMLM","public","","","","","","","podTimezone","POD Timezone","Destination port","supported","2026-10-08"
"SM Line","SMLM","public","","","","","","","podVoyageNumber","POD Voyage Number","Destination port","supported","2026-10-08"
"SM Line","SMLM","public","","","","","","","podVesselName","POD Vessel Name","Destination port","supported","2026-10-08"
"SM Line","SMLM","public","","","","","","","podVesselImo","POD Vessel IMO","Destination port","supported","2026-10-08"
"SM Line","SMLM","public","","","","","","","podEta","POD ETA","Destination port","supported","2026-10-08"
"SM Line","SMLM","public","","","","","","","podAta","POD ATA","Destination port","supported","2026-10-08"
"SM Line","SMLM","public","","","","","","","destinationName","Destination Name","Inland destination","supported","2026-10-08"
"SM Line","SMLM","public","","","","","","","destinationLocode","Destination Locode","Inland destination","supported","2026-10-08"
"SM Line","SMLM","public","","","","","","","destinationTimezone","Destination Timezone","Inland destination","supported","2026-10-08"
"SM Line","SMLM","public","","","","","","","destinationEta","Destination ETA","Inland destination","supported","2026-10-08"
"SM Line","SMLM","public","","","","","","","destinationAta","Destination ATA","Inland destination","supported","2026-10-08"
"SM Line","SMLM","public","","","","","","","number","Number","Container attributes","supported","2026-10-08"
"SM Line","SMLM","public","","","","","","","sealNumber","Seal Number","Container attributes","supported","2026-10-08"
"SM Line","SMLM","public","","","","","","","equipmentType","Equipment Type","Container attributes","supported","2026-10-08"
"SM Line","SMLM","public","","","","","","","equipmentLength","Equipment Length","Container attributes","supported","2026-10-08"
"SM Line","SMLM","public","","","","","","","equipmentHeight","Equipment Height","Container attributes","supported","2026-10-08"
"SM Line","SMLM","public","","","","","","","weightLbs","Weight (Lbs)","Container attributes","supported","2026-10-08"
"SM Line","SMLM","public","","","","","","","podArrivedAt","POD Arrived At","Container attributes","supported","2026-10-08"
"SM Line","SMLM","public","","","","","","","podDischargedAt","POD Discharged At","Container attributes","supported","2026-10-08"
"SM Line","SMLM","public","","","","","","","podFullOutAt","POD Full Out At","Container attributes","supported","2026-10-08"
"SM Line","SMLM","public","","","","","","","destinationArrivedAt","Destination Arrived At","Container attributes","supported","2026-10-08"
"SM Line","SMLM","public","","","","","","","destinationFullOutAt","Destination Full Out At","Container attributes","supported","2026-10-08"
"SM Line","SMLM","public","","","","","","","emptyTerminatedAt","Empty Terminated At","Container attributes","supported","2026-10-08"
"SM Line","SMLM","public","","","","","","","emptyOut","Empty Out","Container milestones","supported","2026-10-08"
"SM Line","SMLM","public","","","","","","","fullIn","Full In","Container milestones","supported","2026-10-08"
"SM Line","SMLM","public","","","","","","","vesselLoaded","Vessel Loaded","Container milestones","supported","2026-10-08"
"SM Line","SMLM","public","","","","","","","vesselDeparted","Vessel Departed","Container milestones","supported","2026-10-08"
"SM Line","SMLM","public","","","","","","","transshipmentArrived","Transshipment Arrived","Container milestones","supported","2026-10-08"
"SM Line","SMLM","public","","","","","","","transshipmentDischarged","Transshipment Discharged","Container milestones","supported","2026-10-08"
"SM Line","SMLM","public","","","","","","","transshipmentLoaded","Transshipment Loaded","Container milestones","supported","2026-10-08"
"SM Line","SMLM","public","","","","","","","transshipmentDeparted","Transshipment Departed","Container milestones","supported","2026-10-08"
"SM Line","SMLM","public","","","","","","","vesselArrived","Vessel Arrived","Container milestones","supported","2026-10-08"
"SM Line","SMLM","public","","","","","","","vesselBerthed","Vessel Berthed","Container milestones","unsupported","2026-10-08"
"SM Line","SMLM","public","","","","","","","vesselDischarged","Vessel Discharged","Container milestones","supported","2026-10-08"
"SM Line","SMLM","public","","","","","","","fullOut","Full Out","Container milestones","supported","2026-10-08"
"SM Line","SMLM","public","","","","","","","emptyReturned","Empty Returned","Container milestones","supported","2026-10-08"
"SM Line","SMLM","public","","","","","","","feederArrived","Feeder Arrived","Additional milestones","unsupported","2026-10-08"
"SM Line","SMLM","public","","","","","","","feederDischarged","Feeder Discharged","Additional milestones","unsupported","2026-10-08"
"SM Line","SMLM","public","","","","","","","feederLoaded","Feeder Loaded","Additional milestones","unsupported","2026-10-08"
"SM Line","SMLM","public","","","","","","","feederDeparted","Feeder Departed","Additional milestones","unsupported","2026-10-08"
"SM Line","SMLM","public","","","","","","","railLoaded","Rail Loaded","Additional milestones","supported","2026-10-08"
"SM Line","SMLM","public","","","","","","","railDeparted","Rail Departed","Additional milestones","supported","2026-10-08"
"SM Line","SMLM","public","","","","","","","railArrived","Rail Arrived","Additional milestones","supported","2026-10-08"
"SM Line","SMLM","public","","","","","","","railUnloaded","Rail Unloaded","Additional milestones","supported","2026-10-08"
"SM Line","SMLM","public","","","","","","","arrivedAtDestination","Arrived At Destination","Additional milestones","limited","2026-10-08"
"SM Line","SMLM","public","","","","","","","delivered","Delivered","Additional milestones","unsupported","2026-10-08"
"SM Line","SMLM","public","","","","","","","estimatedArrivalAtFinalDestination","Estimated Arrival at Final Destination","Additional milestones","supported","2026-10-08"
"SM Line","SMLM","public","","","","","","","sslLfdChanged","SSL LFD Changed","Other events","supported","2026-10-08"
"SM Line","SMLM","public","","","","","","","estimatedArrival","Estimated Arrival","Other events","supported","2026-10-08"
"SM Line","SMLM","public","","","","","","","bookingCancelled","Booking Cancelled","Other events","unsupported","2026-10-08"
"Swire","SSBF","public","","","","","","","billOfLading","Bill Of Lading","Tracking identifiers","supported","2026-10-08"
"Swire","SSBF","public","","","","","","","bookingNumber","Booking Number","Tracking identifiers","supported","2026-10-08"
"Swire","SSBF","public","","","","","","","containerNumber","Container Number","Tracking identifiers","unsupported","2026-10-08"
"Swire","SSBF","public","","","","","","","polName","POL Name","Origin","supported","2026-10-08"
"Swire","SSBF","public","","","","","","","polLocode","POL Locode","Origin","supported","2026-10-08"
"Swire","SSBF","public","","","","","","","polTimezone","POL Timezone","Origin","supported","2026-10-08"
"Swire","SSBF","public","","","","","","","polEtd","POL ETD","Origin","supported","2026-10-08"
"Swire","SSBF","public","","","","","","","polAtd","POL ATD","Origin","supported","2026-10-08"
"Swire","SSBF","public","","","","","","","podName","POD Name","Destination port","supported","2026-10-08"
"Swire","SSBF","public","","","","","","","podLocode","POD Locode","Destination port","supported","2026-10-08"
"Swire","SSBF","public","","","","","","","podTerminal","POD Terminal","Destination port","supported","2026-10-08"
"Swire","SSBF","public","","","","","","","podTimezone","POD Timezone","Destination port","supported","2026-10-08"
"Swire","SSBF","public","","","","","","","podVoyageNumber","POD Voyage Number","Destination port","supported","2026-10-08"
"Swire","SSBF","public","","","","","","","podVesselName","POD Vessel Name","Destination port","limited","2026-10-08"
"Swire","SSBF","public","","","","","","","podVesselImo","POD Vessel IMO","Destination port","limited","2026-10-08"
"Swire","SSBF","public","","","","","","","podEta","POD ETA","Destination port","supported","2026-10-08"
"Swire","SSBF","public","","","","","","","podAta","POD ATA","Destination port","supported","2026-10-08"
"Swire","SSBF","public","","","","","","","destinationName","Destination Name","Inland destination","supported","2026-10-08"
"Swire","SSBF","public","","","","","","","destinationLocode","Destination Locode","Inland destination","supported","2026-10-08"
"Swire","SSBF","public","","","","","","","destinationTimezone","Destination Timezone","Inland destination","supported","2026-10-08"
"Swire","SSBF","public","","","","","","","destinationEta","Destination ETA","Inland destination","supported","2026-10-08"
"Swire","SSBF","public","","","","","","","destinationAta","Destination ATA","Inland destination","supported","2026-10-08"
"Swire","SSBF","public","","","","","","","number","Number","Container attributes","supported","2026-10-08"
"Swire","SSBF","public","","","","","","","sealNumber","Seal Number","Container attributes","unsupported","2026-10-08"
"Swire","SSBF","public","","","","","","","equipmentType","Equipment Type","Container attributes","supported","2026-10-08"
"Swire","SSBF","public","","","","","","","equipmentLength","Equipment Length","Container attributes","supported","2026-10-08"
"Swire","SSBF","public","","","","","","","equipmentHeight","Equipment Height","Container attributes","supported","2026-10-08"
"Swire","SSBF","public","","","","","","","weightLbs","Weight (Lbs)","Container attributes","unsupported","2026-10-08"
"Swire","SSBF","public","","","","","","","podArrivedAt","POD Arrived At","Container attributes","supported","2026-10-08"
"Swire","SSBF","public","","","","","","","podDischargedAt","POD Discharged At","Container attributes","supported","2026-10-08"
"Swire","SSBF","public","","","","","","","podFullOutAt","POD Full Out At","Container attributes","supported","2026-10-08"
"Swire","SSBF","public","","","","","","","destinationArrivedAt","Destination Arrived At","Container attributes","supported","2026-10-08"
"Swire","SSBF","public","","","","","","","destinationFullOutAt","Destination Full Out At","Container attributes","supported","2026-10-08"
"Swire","SSBF","public","","","","","","","emptyTerminatedAt","Empty Terminated At","Container attributes","supported","2026-10-08"
"Swire","SSBF","public","","","","","","","emptyOut","Empty Out","Container milestones","supported","2026-10-08"
"Swire","SSBF","public","","","","","","","fullIn","Full In","Container milestones","supported","2026-10-08"
"Swire","SSBF","public","","","","","","","vesselLoaded","Vessel Loaded","Container milestones","supported","2026-10-08"
"Swire","SSBF","public","","","","","","","vesselDeparted","Vessel Departed","Container milestones","supported","2026-10-08"
"Swire","SSBF","public","","","","","","","transshipmentArrived","Transshipment Arrived","Container milestones","unsupported","2026-10-08"
"Swire","SSBF","public","","","","","","","transshipmentDischarged","Transshipment Discharged","Container milestones","unsupported","2026-10-08"
"Swire","SSBF","public","","","","","","","transshipmentLoaded","Transshipment Loaded","Container milestones","unsupported","2026-10-08"
"Swire","SSBF","public","","","","","","","transshipmentDeparted","Transshipment Departed","Container milestones","unsupported","2026-10-08"
"Swire","SSBF","public","","","","","","","vesselArrived","Vessel Arrived","Container milestones","supported","2026-10-08"
"Swire","SSBF","public","","","","","","","vesselBerthed","Vessel Berthed","Container milestones","unsupported","2026-10-08"
"Swire","SSBF","public","","","","","","","vesselDischarged","Vessel Discharged","Container milestones","supported","2026-10-08"
"Swire","SSBF","public","","","","","","","fullOut","Full Out","Container milestones","supported","2026-10-08"
"Swire","SSBF","public","","","","","","","emptyReturned","Empty Returned","Container milestones","limited","2026-10-08"
"Swire","SSBF","public","","","","","","","feederArrived","Feeder Arrived","Additional milestones","unsupported","2026-10-08"
"Swire","SSBF","public","","","","","","","feederDischarged","Feeder Discharged","Additional milestones","unsupported","2026-10-08"
"Swire","SSBF","public","","","","","","","feederLoaded","Feeder Loaded","Additional milestones","unsupported","2026-10-08"
"Swire","SSBF","public","","","","","","","feederDeparted","Feeder Departed","Additional milestones","unsupported","2026-10-08"
"Swire","SSBF","public","","","","","","","railLoaded","Rail Loaded","Additional milestones","supported","2026-10-08"
"Swire","SSBF","public","","","","","","","railDeparted","Rail Departed","Additional milestones","supported","2026-10-08"
"Swire","SSBF","public","","","","","","","railArrived","Rail Arrived","Additional milestones","supported","2026-10-08"
"Swire","SSBF","public","","","","","","","railUnloaded","Rail Unloaded","Additional milestones","supported","2026-10-08"
"Swire","SSBF","public","","","","","","","arrivedAtDestination","Arrived At Destination","Additional milestones","limited","2026-10-08"
"Swire","SSBF","public","","","","","","","delivered","Delivered","Additional milestones","unsupported","2026-10-08"
"Swire","SSBF","public","","","","","","","estimatedArrivalAtFinalDestination","Estimated Arrival at Final Destination","Additional milestones","limited","2026-10-08"
"Swire","SSBF","public","","","","","","","sslLfdChanged","SSL LFD Changed","Other events","unsupported","2026-10-08"
"Swire","SSBF","public","","","","","","","estimatedArrival","Estimated Arrival","Other events","supported","2026-10-08"
"Swire","SSBF","public","","","","","","","bookingCancelled","Booking Cancelled","Other events","unsupported","2026-10-08"
"Swire Shipping","CHVW","public","","","","","","","billOfLading","Bill Of Lading","Tracking identifiers","supported","2026-10-08"
"Swire Shipping","CHVW","public","","","","","","","bookingNumber","Booking Number","Tracking identifiers","supported","2026-10-08"
"Swire Shipping","CHVW","public","","","","","","","containerNumber","Container Number","Tracking identifiers","unsupported","2026-10-08"
"Swire Shipping","CHVW","public","","","","","","","polName","POL Name","Origin","unknown","2026-10-08"
"Swire Shipping","CHVW","public","","","","","","","polLocode","POL Locode","Origin","unknown","2026-10-08"
"Swire Shipping","CHVW","public","","","","","","","polTimezone","POL Timezone","Origin","unknown","2026-10-08"
"Swire Shipping","CHVW","public","","","","","","","polEtd","POL ETD","Origin","unknown","2026-10-08"
"Swire Shipping","CHVW","public","","","","","","","polAtd","POL ATD","Origin","unknown","2026-10-08"
"Swire Shipping","CHVW","public","","","","","","","podName","POD Name","Destination port","unknown","2026-10-08"
"Swire Shipping","CHVW","public","","","","","","","podLocode","POD Locode","Destination port","unknown","2026-10-08"
"Swire Shipping","CHVW","public","","","","","","","podTerminal","POD Terminal","Destination port","unknown","2026-10-08"
"Swire Shipping","CHVW","public","","","","","","","podTimezone","POD Timezone","Destination port","unknown","2026-10-08"
"Swire Shipping","CHVW","public","","","","","","","podVoyageNumber","POD Voyage Number","Destination port","unknown","2026-10-08"
"Swire Shipping","CHVW","public","","","","","","","podVesselName","POD Vessel Name","Destination port","unknown","2026-10-08"
"Swire Shipping","CHVW","public","","","","","","","podVesselImo","POD Vessel IMO","Destination port","unknown","2026-10-08"
"Swire Shipping","CHVW","public","","","","","","","podEta","POD ETA","Destination port","unknown","2026-10-08"
"Swire Shipping","CHVW","public","","","","","","","podAta","POD ATA","Destination port","unknown","2026-10-08"
"Swire Shipping","CHVW","public","","","","","","","destinationName","Destination Name","Inland destination","unknown","2026-10-08"
"Swire Shipping","CHVW","public","","","","","","","destinationLocode","Destination Locode","Inland destination","unknown","2026-10-08"
"Swire Shipping","CHVW","public","","","","","","","destinationTimezone","Destination Timezone","Inland destination","unknown","2026-10-08"
"Swire Shipping","CHVW","public","","","","","","","destinationEta","Destination ETA","Inland destination","unknown","2026-10-08"
"Swire Shipping","CHVW","public","","","","","","","destinationAta","Destination ATA","Inland destination","unknown","2026-10-08"
"Swire Shipping","CHVW","public","","","","","","","number","Number","Container attributes","unknown","2026-10-08"
"Swire Shipping","CHVW","public","","","","","","","sealNumber","Seal Number","Container attributes","unknown","2026-10-08"
"Swire Shipping","CHVW","public","","","","","","","equipmentType","Equipment Type","Container attributes","unknown","2026-10-08"
"Swire Shipping","CHVW","public","","","","","","","equipmentLength","Equipment Length","Container attributes","unknown","2026-10-08"
"Swire Shipping","CHVW","public","","","","","","","equipmentHeight","Equipment Height","Container attributes","unknown","2026-10-08"
"Swire Shipping","CHVW","public","","","","","","","weightLbs","Weight (Lbs)","Container attributes","unknown","2026-10-08"
"Swire Shipping","CHVW","public","","","","","","","podArrivedAt","POD Arrived At","Container attributes","unknown","2026-10-08"
"Swire Shipping","CHVW","public","","","","","","","podDischargedAt","POD Discharged At","Container attributes","unknown","2026-10-08"
"Swire Shipping","CHVW","public","","","","","","","podFullOutAt","POD Full Out At","Container attributes","unknown","2026-10-08"
"Swire Shipping","CHVW","public","","","","","","","destinationArrivedAt","Destination Arrived At","Container attributes","unknown","2026-10-08"
"Swire Shipping","CHVW","public","","","","","","","destinationFullOutAt","Destination Full Out At","Container attributes","unknown","2026-10-08"
"Swire Shipping","CHVW","public","","","","","","","emptyTerminatedAt","Empty Terminated At","Container attributes","unknown","2026-10-08"
"Swire Shipping","CHVW","public","","","","","","","emptyOut","Empty Out","Container milestones","unknown","2026-10-08"
"Swire Shipping","CHVW","public","","","","","","","fullIn","Full In","Container milestones","unknown","2026-10-08"
"Swire Shipping","CHVW","public","","","","","","","vesselLoaded","Vessel Loaded","Container milestones","unknown","2026-10-08"
"Swire Shipping","CHVW","public","","","","","","","vesselDeparted","Vessel Departed","Container milestones","unknown","2026-10-08"
"Swire Shipping","CHVW","public","","","","","","","transshipmentArrived","Transshipment Arrived","Container milestones","unknown","2026-10-08"
"Swire Shipping","CHVW","public","","","","","","","transshipmentDischarged","Transshipment Discharged","Container milestones","unknown","2026-10-08"
"Swire Shipping","CHVW","public","","","","","","","transshipmentLoaded","Transshipment Loaded","Container milestones","unknown","2026-10-08"
"Swire Shipping","CHVW","public","","","","","","","transshipmentDeparted","Transshipment Departed","Container milestones","unknown","2026-10-08"
"Swire Shipping","CHVW","public","","","","","","","vesselArrived","Vessel Arrived","Container milestones","unknown","2026-10-08"
"Swire Shipping","CHVW","public","","","","","","","vesselBerthed","Vessel Berthed","Container milestones","unknown","2026-10-08"
"Swire Shipping","CHVW","public","","","","","","","vesselDischarged","Vessel Discharged","Container milestones","unknown","2026-10-08"
"Swire Shipping","CHVW","public","","","","","","","fullOut","Full Out","Container milestones","unknown","2026-10-08"
"Swire Shipping","CHVW","public","","","","","","","emptyReturned","Empty Returned","Container milestones","unknown","2026-10-08"
"Swire Shipping","CHVW","public","","","","","","","feederArrived","Feeder Arrived","Additional milestones","unknown","2026-10-08"
"Swire Shipping","CHVW","public","","","","","","","feederDischarged","Feeder Discharged","Additional milestones","unknown","2026-10-08"
"Swire Shipping","CHVW","public","","","","","","","feederLoaded","Feeder Loaded","Additional milestones","unknown","2026-10-08"
"Swire Shipping","CHVW","public","","","","","","","feederDeparted","Feeder Departed","Additional milestones","unknown","2026-10-08"
"Swire Shipping","CHVW","public","","","","","","","railLoaded","Rail Loaded","Additional milestones","unknown","2026-10-08"
"Swire Shipping","CHVW","public","","","","","","","railDeparted","Rail Departed","Additional milestones","unknown","2026-10-08"
"Swire Shipping","CHVW","public","","","","","","","railArrived","Rail Arrived","Additional milestones","unknown","2026-10-08"
"Swire Shipping","CHVW","public","","","","","","","railUnloaded","Rail Unloaded","Additional milestones","unknown","2026-10-08"
"Swire Shipping","CHVW","public","","","","","","","arrivedAtDestination","Arrived At Destination","Additional milestones","unknown","2026-10-08"
"Swire Shipping","CHVW","public","","","","","","","delivered","Delivered","Additional milestones","unknown","2026-10-08"
"Swire Shipping","CHVW","public","","","","","","","estimatedArrivalAtFinalDestination","Estimated Arrival at Final Destination","Additional milestones","unknown","2026-10-08"
"Swire Shipping","CHVW","public","","","","","","","sslLfdChanged","SSL LFD Changed","Other events","unknown","2026-10-08"
"Swire Shipping","CHVW","public","","","","","","","estimatedArrival","Estimated Arrival","Other events","unknown","2026-10-08"
"Swire Shipping","CHVW","public","","","","","","","bookingCancelled","Booking Cancelled","Other events","unknown","2026-10-08"
"Trailer Bridge","TRBR","account","","","","","","","billOfLading","Bill Of Lading","Tracking identifiers","unsupported","2026-10-08"
"Trailer Bridge","TRBR","account","","","","","","","bookingNumber","Booking Number","Tracking identifiers","supported","2026-10-08"
"Trailer Bridge","TRBR","account","","","","","","","containerNumber","Container Number","Tracking identifiers","unsupported","2026-10-08"
"Trailer Bridge","TRBR","account","","","","","","","polName","POL Name","Origin","unknown","2026-10-08"
"Trailer Bridge","TRBR","account","","","","","","","polLocode","POL Locode","Origin","unknown","2026-10-08"
"Trailer Bridge","TRBR","account","","","","","","","polTimezone","POL Timezone","Origin","unknown","2026-10-08"
"Trailer Bridge","TRBR","account","","","","","","","polEtd","POL ETD","Origin","unknown","2026-10-08"
"Trailer Bridge","TRBR","account","","","","","","","polAtd","POL ATD","Origin","unknown","2026-10-08"
"Trailer Bridge","TRBR","account","","","","","","","podName","POD Name","Destination port","unknown","2026-10-08"
"Trailer Bridge","TRBR","account","","","","","","","podLocode","POD Locode","Destination port","unknown","2026-10-08"
"Trailer Bridge","TRBR","account","","","","","","","podTerminal","POD Terminal","Destination port","unknown","2026-10-08"
"Trailer Bridge","TRBR","account","","","","","","","podTimezone","POD Timezone","Destination port","unknown","2026-10-08"
"Trailer Bridge","TRBR","account","","","","","","","podVoyageNumber","POD Voyage Number","Destination port","unknown","2026-10-08"
"Trailer Bridge","TRBR","account","","","","","","","podVesselName","POD Vessel Name","Destination port","unknown","2026-10-08"
"Trailer Bridge","TRBR","account","","","","","","","podVesselImo","POD Vessel IMO","Destination port","unknown","2026-10-08"
"Trailer Bridge","TRBR","account","","","","","","","podEta","POD ETA","Destination port","unknown","2026-10-08"
"Trailer Bridge","TRBR","account","","","","","","","podAta","POD ATA","Destination port","unknown","2026-10-08"
"Trailer Bridge","TRBR","account","","","","","","","destinationName","Destination Name","Inland destination","unknown","2026-10-08"
"Trailer Bridge","TRBR","account","","","","","","","destinationLocode","Destination Locode","Inland destination","unknown","2026-10-08"
"Trailer Bridge","TRBR","account","","","","","","","destinationTimezone","Destination Timezone","Inland destination","unknown","2026-10-08"
"Trailer Bridge","TRBR","account","","","","","","","destinationEta","Destination ETA","Inland destination","unknown","2026-10-08"
"Trailer Bridge","TRBR","account","","","","","","","destinationAta","Destination ATA","Inland destination","unknown","2026-10-08"
"Trailer Bridge","TRBR","account","","","","","","","number","Number","Container attributes","unknown","2026-10-08"
"Trailer Bridge","TRBR","account","","","","","","","sealNumber","Seal Number","Container attributes","unknown","2026-10-08"
"Trailer Bridge","TRBR","account","","","","","","","equipmentType","Equipment Type","Container attributes","unknown","2026-10-08"
"Trailer Bridge","TRBR","account","","","","","","","equipmentLength","Equipment Length","Container attributes","unknown","2026-10-08"
"Trailer Bridge","TRBR","account","","","","","","","equipmentHeight","Equipment Height","Container attributes","unknown","2026-10-08"
"Trailer Bridge","TRBR","account","","","","","","","weightLbs","Weight (Lbs)","Container attributes","unknown","2026-10-08"
"Trailer Bridge","TRBR","account","","","","","","","podArrivedAt","POD Arrived At","Container attributes","unknown","2026-10-08"
"Trailer Bridge","TRBR","account","","","","","","","podDischargedAt","POD Discharged At","Container attributes","unknown","2026-10-08"
"Trailer Bridge","TRBR","account","","","","","","","podFullOutAt","POD Full Out At","Container attributes","unknown","2026-10-08"
"Trailer Bridge","TRBR","account","","","","","","","destinationArrivedAt","Destination Arrived At","Container attributes","unknown","2026-10-08"
"Trailer Bridge","TRBR","account","","","","","","","destinationFullOutAt","Destination Full Out At","Container attributes","unknown","2026-10-08"
"Trailer Bridge","TRBR","account","","","","","","","emptyTerminatedAt","Empty Terminated At","Container attributes","unknown","2026-10-08"
"Trailer Bridge","TRBR","account","","","","","","","emptyOut","Empty Out","Container milestones","unknown","2026-10-08"
"Trailer Bridge","TRBR","account","","","","","","","fullIn","Full In","Container milestones","unknown","2026-10-08"
"Trailer Bridge","TRBR","account","","","","","","","vesselLoaded","Vessel Loaded","Container milestones","unknown","2026-10-08"
"Trailer Bridge","TRBR","account","","","","","","","vesselDeparted","Vessel Departed","Container milestones","unknown","2026-10-08"
"Trailer Bridge","TRBR","account","","","","","","","transshipmentArrived","Transshipment Arrived","Container milestones","unknown","2026-10-08"
"Trailer Bridge","TRBR","account","","","","","","","transshipmentDischarged","Transshipment Discharged","Container milestones","unknown","2026-10-08"
"Trailer Bridge","TRBR","account","","","","","","","transshipmentLoaded","Transshipment Loaded","Container milestones","unknown","2026-10-08"
"Trailer Bridge","TRBR","account","","","","","","","transshipmentDeparted","Transshipment Departed","Container milestones","unknown","2026-10-08"
"Trailer Bridge","TRBR","account","","","","","","","vesselArrived","Vessel Arrived","Container milestones","unknown","2026-10-08"
"Trailer Bridge","TRBR","account","","","","","","","vesselBerthed","Vessel Berthed","Container milestones","unknown","2026-10-08"
"Trailer Bridge","TRBR","account","","","","","","","vesselDischarged","Vessel Discharged","Container milestones","unknown","2026-10-08"
"Trailer Bridge","TRBR","account","","","","","","","fullOut","Full Out","Container milestones","unknown","2026-10-08"
"Trailer Bridge","TRBR","account","","","","","","","emptyReturned","Empty Returned","Container milestones","unknown","2026-10-08"
"Trailer Bridge","TRBR","account","","","","","","","feederArrived","Feeder Arrived","Additional milestones","unknown","2026-10-08"
"Trailer Bridge","TRBR","account","","","","","","","feederDischarged","Feeder Discharged","Additional milestones","unknown","2026-10-08"
"Trailer Bridge","TRBR","account","","","","","","","feederLoaded","Feeder Loaded","Additional milestones","unknown","2026-10-08"
"Trailer Bridge","TRBR","account","","","","","","","feederDeparted","Feeder Departed","Additional milestones","unknown","2026-10-08"
"Trailer Bridge","TRBR","account","","","","","","","railLoaded","Rail Loaded","Additional milestones","unknown","2026-10-08"
"Trailer Bridge","TRBR","account","","","","","","","railDeparted","Rail Departed","Additional milestones","unknown","2026-10-08"
"Trailer Bridge","TRBR","account","","","","","","","railArrived","Rail Arrived","Additional milestones","unknown","2026-10-08"
"Trailer Bridge","TRBR","account","","","","","","","railUnloaded","Rail Unloaded","Additional milestones","unknown","2026-10-08"
"Trailer Bridge","TRBR","account","","","","","","","arrivedAtDestination","Arrived At Destination","Additional milestones","unknown","2026-10-08"
"Trailer Bridge","TRBR","account","","","","","","","delivered","Delivered","Additional milestones","unknown","2026-10-08"
"Trailer Bridge","TRBR","account","","","","","","","estimatedArrivalAtFinalDestination","Estimated Arrival at Final Destination","Additional milestones","unknown","2026-10-08"
"Trailer Bridge","TRBR","account","","","","","","","sslLfdChanged","SSL LFD Changed","Other events","unknown","2026-10-08"
"Trailer Bridge","TRBR","account","","","","","","","estimatedArrival","Estimated Arrival","Other events","unknown","2026-10-08"
"Trailer Bridge","TRBR","account","","","","","","","bookingCancelled","Booking Cancelled","Other events","unknown","2026-10-08"
"Transfar","TJFH","public","","","","","","","billOfLading","Bill Of Lading","Tracking identifiers","supported","2026-10-08"
"Transfar","TJFH","public","","","","","","","bookingNumber","Booking Number","Tracking identifiers","supported","2026-10-08"
"Transfar","TJFH","public","","","","","","","containerNumber","Container Number","Tracking identifiers","supported","2026-10-08"
"Transfar","TJFH","public","","","","","","","polName","POL Name","Origin","supported","2026-10-08"
"Transfar","TJFH","public","","","","","","","polLocode","POL Locode","Origin","supported","2026-10-08"
"Transfar","TJFH","public","","","","","","","polTimezone","POL Timezone","Origin","supported","2026-10-08"
"Transfar","TJFH","public","","","","","","","polEtd","POL ETD","Origin","supported","2026-10-08"
"Transfar","TJFH","public","","","","","","","polAtd","POL ATD","Origin","supported","2026-10-08"
"Transfar","TJFH","public","","","","","","","podName","POD Name","Destination port","supported","2026-10-08"
"Transfar","TJFH","public","","","","","","","podLocode","POD Locode","Destination port","supported","2026-10-08"
"Transfar","TJFH","public","","","","","","","podTerminal","POD Terminal","Destination port","supported","2026-10-08"
"Transfar","TJFH","public","","","","","","","podTimezone","POD Timezone","Destination port","supported","2026-10-08"
"Transfar","TJFH","public","","","","","","","podVoyageNumber","POD Voyage Number","Destination port","supported","2026-10-08"
"Transfar","TJFH","public","","","","","","","podVesselName","POD Vessel Name","Destination port","supported","2026-10-08"
"Transfar","TJFH","public","","","","","","","podVesselImo","POD Vessel IMO","Destination port","supported","2026-10-08"
"Transfar","TJFH","public","","","","","","","podEta","POD ETA","Destination port","supported","2026-10-08"
"Transfar","TJFH","public","","","","","","","podAta","POD ATA","Destination port","supported","2026-10-08"
"Transfar","TJFH","public","","","","","","","destinationName","Destination Name","Inland destination","supported","2026-10-08"
"Transfar","TJFH","public","","","","","","","destinationLocode","Destination Locode","Inland destination","supported","2026-10-08"
"Transfar","TJFH","public","","","","","","","destinationTimezone","Destination Timezone","Inland destination","supported","2026-10-08"
"Transfar","TJFH","public","","","","","","","destinationEta","Destination ETA","Inland destination","supported","2026-10-08"
"Transfar","TJFH","public","","","","","","","destinationAta","Destination ATA","Inland destination","supported","2026-10-08"
"Transfar","TJFH","public","","","","","","","number","Number","Container attributes","supported","2026-10-08"
"Transfar","TJFH","public","","","","","","","sealNumber","Seal Number","Container attributes","supported","2026-10-08"
"Transfar","TJFH","public","","","","","","","equipmentType","Equipment Type","Container attributes","supported","2026-10-08"
"Transfar","TJFH","public","","","","","","","equipmentLength","Equipment Length","Container attributes","supported","2026-10-08"
"Transfar","TJFH","public","","","","","","","equipmentHeight","Equipment Height","Container attributes","supported","2026-10-08"
"Transfar","TJFH","public","","","","","","","weightLbs","Weight (Lbs)","Container attributes","supported","2026-10-08"
"Transfar","TJFH","public","","","","","","","podArrivedAt","POD Arrived At","Container attributes","supported","2026-10-08"
"Transfar","TJFH","public","","","","","","","podDischargedAt","POD Discharged At","Container attributes","supported","2026-10-08"
"Transfar","TJFH","public","","","","","","","podFullOutAt","POD Full Out At","Container attributes","supported","2026-10-08"
"Transfar","TJFH","public","","","","","","","destinationArrivedAt","Destination Arrived At","Container attributes","supported","2026-10-08"
"Transfar","TJFH","public","","","","","","","destinationFullOutAt","Destination Full Out At","Container attributes","supported","2026-10-08"
"Transfar","TJFH","public","","","","","","","emptyTerminatedAt","Empty Terminated At","Container attributes","supported","2026-10-08"
"Transfar","TJFH","public","","","","","","","emptyOut","Empty Out","Container milestones","supported","2026-10-08"
"Transfar","TJFH","public","","","","","","","fullIn","Full In","Container milestones","supported","2026-10-08"
"Transfar","TJFH","public","","","","","","","vesselLoaded","Vessel Loaded","Container milestones","supported","2026-10-08"
"Transfar","TJFH","public","","","","","","","vesselDeparted","Vessel Departed","Container milestones","supported","2026-10-08"
"Transfar","TJFH","public","","","","","","","transshipmentArrived","Transshipment Arrived","Container milestones","supported","2026-10-08"
"Transfar","TJFH","public","","","","","","","transshipmentDischarged","Transshipment Discharged","Container milestones","supported","2026-10-08"
"Transfar","TJFH","public","","","","","","","transshipmentLoaded","Transshipment Loaded","Container milestones","supported","2026-10-08"
"Transfar","TJFH","public","","","","","","","transshipmentDeparted","Transshipment Departed","Container milestones","supported","2026-10-08"
"Transfar","TJFH","public","","","","","","","vesselArrived","Vessel Arrived","Container milestones","supported","2026-10-08"
"Transfar","TJFH","public","","","","","","","vesselBerthed","Vessel Berthed","Container milestones","supported","2026-10-08"
"Transfar","TJFH","public","","","","","","","vesselDischarged","Vessel Discharged","Container milestones","supported","2026-10-08"
"Transfar","TJFH","public","","","","","","","fullOut","Full Out","Container milestones","supported","2026-10-08"
"Transfar","TJFH","public","","","","","","","emptyReturned","Empty Returned","Container milestones","supported","2026-10-08"
"Transfar","TJFH","public","","","","","","","feederArrived","Feeder Arrived","Additional milestones","supported","2026-10-08"
"Transfar","TJFH","public","","","","","","","feederDischarged","Feeder Discharged","Additional milestones","supported","2026-10-08"
"Transfar","TJFH","public","","","","","","","feederLoaded","Feeder Loaded","Additional milestones","supported","2026-10-08"
"Transfar","TJFH","public","","","","","","","feederDeparted","Feeder Departed","Additional milestones","supported","2026-10-08"
"Transfar","TJFH","public","","","","","","","railLoaded","Rail Loaded","Additional milestones","supported","2026-10-08"
"Transfar","TJFH","public","","","","","","","railDeparted","Rail Departed","Additional milestones","supported","2026-10-08"
"Transfar","TJFH","public","","","","","","","railArrived","Rail Arrived","Additional milestones","supported","2026-10-08"
"Transfar","TJFH","public","","","","","","","railUnloaded","Rail Unloaded","Additional milestones","supported","2026-10-08"
"Transfar","TJFH","public","","","","","","","arrivedAtDestination","Arrived At Destination","Additional milestones","supported","2026-10-08"
"Transfar","TJFH","public","","","","","","","delivered","Delivered","Additional milestones","supported","2026-10-08"
"Transfar","TJFH","public","","","","","","","estimatedArrivalAtFinalDestination","Estimated Arrival at Final Destination","Additional milestones","supported","2026-10-08"
"Transfar","TJFH","public","","","","","","","sslLfdChanged","SSL LFD Changed","Other events","supported","2026-10-08"
"Transfar","TJFH","public","","","","","","","estimatedArrival","Estimated Arrival","Other events","supported","2026-10-08"
"Transfar","TJFH","public","","","","","","","bookingCancelled","Booking Cancelled","Other events","supported","2026-10-08"
"TS Lines","TXZJ","public","","","","","","","billOfLading","Bill Of Lading","Tracking identifiers","supported","2026-10-08"
"TS Lines","TXZJ","public","","","","","","","bookingNumber","Booking Number","Tracking identifiers","supported","2026-10-08"
"TS Lines","TXZJ","public","","","","","","","containerNumber","Container Number","Tracking identifiers","supported","2026-10-08"
"TS Lines","TXZJ","public","","","","","","","polName","POL Name","Origin","supported","2026-10-08"
"TS Lines","TXZJ","public","","","","","","","polLocode","POL Locode","Origin","supported","2026-10-08"
"TS Lines","TXZJ","public","","","","","","","polTimezone","POL Timezone","Origin","supported","2026-10-08"
"TS Lines","TXZJ","public","","","","","","","polEtd","POL ETD","Origin","supported","2026-10-08"
"TS Lines","TXZJ","public","","","","","","","polAtd","POL ATD","Origin","supported","2026-10-08"
"TS Lines","TXZJ","public","","","","","","","podName","POD Name","Destination port","supported","2026-10-08"
"TS Lines","TXZJ","public","","","","","","","podLocode","POD Locode","Destination port","supported","2026-10-08"
"TS Lines","TXZJ","public","","","","","","","podTerminal","POD Terminal","Destination port","supported","2026-10-08"
"TS Lines","TXZJ","public","","","","","","","podTimezone","POD Timezone","Destination port","supported","2026-10-08"
"TS Lines","TXZJ","public","","","","","","","podVoyageNumber","POD Voyage Number","Destination port","supported","2026-10-08"
"TS Lines","TXZJ","public","","","","","","","podVesselName","POD Vessel Name","Destination port","supported","2026-10-08"
"TS Lines","TXZJ","public","","","","","","","podVesselImo","POD Vessel IMO","Destination port","supported","2026-10-08"
"TS Lines","TXZJ","public","","","","","","","podEta","POD ETA","Destination port","supported","2026-10-08"
"TS Lines","TXZJ","public","","","","","","","podAta","POD ATA","Destination port","supported","2026-10-08"
"TS Lines","TXZJ","public","","","","","","","destinationName","Destination Name","Inland destination","supported","2026-10-08"
"TS Lines","TXZJ","public","","","","","","","destinationLocode","Destination Locode","Inland destination","supported","2026-10-08"
"TS Lines","TXZJ","public","","","","","","","destinationTimezone","Destination Timezone","Inland destination","supported","2026-10-08"
"TS Lines","TXZJ","public","","","","","","","destinationEta","Destination ETA","Inland destination","supported","2026-10-08"
"TS Lines","TXZJ","public","","","","","","","destinationAta","Destination ATA","Inland destination","supported","2026-10-08"
"TS Lines","TXZJ","public","","","","","","","number","Number","Container attributes","supported","2026-10-08"
"TS Lines","TXZJ","public","","","","","","","sealNumber","Seal Number","Container attributes","supported","2026-10-08"
"TS Lines","TXZJ","public","","","","","","","equipmentType","Equipment Type","Container attributes","supported","2026-10-08"
"TS Lines","TXZJ","public","","","","","","","equipmentLength","Equipment Length","Container attributes","supported","2026-10-08"
"TS Lines","TXZJ","public","","","","","","","equipmentHeight","Equipment Height","Container attributes","supported","2026-10-08"
"TS Lines","TXZJ","public","","","","","","","weightLbs","Weight (Lbs)","Container attributes","supported","2026-10-08"
"TS Lines","TXZJ","public","","","","","","","podArrivedAt","POD Arrived At","Container attributes","supported","2026-10-08"
"TS Lines","TXZJ","public","","","","","","","podDischargedAt","POD Discharged At","Container attributes","supported","2026-10-08"
"TS Lines","TXZJ","public","","","","","","","podFullOutAt","POD Full Out At","Container attributes","supported","2026-10-08"
"TS Lines","TXZJ","public","","","","","","","destinationArrivedAt","Destination Arrived At","Container attributes","supported","2026-10-08"
"TS Lines","TXZJ","public","","","","","","","destinationFullOutAt","Destination Full Out At","Container attributes","supported","2026-10-08"
"TS Lines","TXZJ","public","","","","","","","emptyTerminatedAt","Empty Terminated At","Container attributes","supported","2026-10-08"
"TS Lines","TXZJ","public","","","","","","","emptyOut","Empty Out","Container milestones","supported","2026-10-08"
"TS Lines","TXZJ","public","","","","","","","fullIn","Full In","Container milestones","supported","2026-10-08"
"TS Lines","TXZJ","public","","","","","","","vesselLoaded","Vessel Loaded","Container milestones","supported","2026-10-08"
"TS Lines","TXZJ","public","","","","","","","vesselDeparted","Vessel Departed","Container milestones","supported","2026-10-08"
"TS Lines","TXZJ","public","","","","","","","transshipmentArrived","Transshipment Arrived","Container milestones","supported","2026-10-08"
"TS Lines","TXZJ","public","","","","","","","transshipmentDischarged","Transshipment Discharged","Container milestones","supported","2026-10-08"
"TS Lines","TXZJ","public","","","","","","","transshipmentLoaded","Transshipment Loaded","Container milestones","supported","2026-10-08"
"TS Lines","TXZJ","public","","","","","","","transshipmentDeparted","Transshipment Departed","Container milestones","supported","2026-10-08"
"TS Lines","TXZJ","public","","","","","","","vesselArrived","Vessel Arrived","Container milestones","supported","2026-10-08"
"TS Lines","TXZJ","public","","","","","","","vesselBerthed","Vessel Berthed","Container milestones","supported","2026-10-08"
"TS Lines","TXZJ","public","","","","","","","vesselDischarged","Vessel Discharged","Container milestones","supported","2026-10-08"
"TS Lines","TXZJ","public","","","","","","","fullOut","Full Out","Container milestones","supported","2026-10-08"
"TS Lines","TXZJ","public","","","","","","","emptyReturned","Empty Returned","Container milestones","supported","2026-10-08"
"TS Lines","TXZJ","public","","","","","","","feederArrived","Feeder Arrived","Additional milestones","supported","2026-10-08"
"TS Lines","TXZJ","public","","","","","","","feederDischarged","Feeder Discharged","Additional milestones","supported","2026-10-08"
"TS Lines","TXZJ","public","","","","","","","feederLoaded","Feeder Loaded","Additional milestones","supported","2026-10-08"
"TS Lines","TXZJ","public","","","","","","","feederDeparted","Feeder Departed","Additional milestones","supported","2026-10-08"
"TS Lines","TXZJ","public","","","","","","","railLoaded","Rail Loaded","Additional milestones","supported","2026-10-08"
"TS Lines","TXZJ","public","","","","","","","railDeparted","Rail Departed","Additional milestones","supported","2026-10-08"
"TS Lines","TXZJ","public","","","","","","","railArrived","Rail Arrived","Additional milestones","supported","2026-10-08"
"TS Lines","TXZJ","public","","","","","","","railUnloaded","Rail Unloaded","Additional milestones","supported","2026-10-08"
"TS Lines","TXZJ","public","","","","","","","arrivedAtDestination","Arrived At Destination","Additional milestones","supported","2026-10-08"
"TS Lines","TXZJ","public","","","","","","","delivered","Delivered","Additional milestones","supported","2026-10-08"
"TS Lines","TXZJ","public","","","","","","","estimatedArrivalAtFinalDestination","Estimated Arrival at Final Destination","Additional milestones","supported","2026-10-08"
"TS Lines","TXZJ","public","","","","","","","sslLfdChanged","SSL LFD Changed","Other events","supported","2026-10-08"
"TS Lines","TXZJ","public","","","","","","","estimatedArrival","Estimated Arrival","Other events","supported","2026-10-08"
"TS Lines","TXZJ","public","","","","","","","bookingCancelled","Booking Cancelled","Other events","supported","2026-10-08"
"Turkon","TRKU","public","","","","","","","billOfLading","Bill Of Lading","Tracking identifiers","supported","2026-10-08"
"Turkon","TRKU","public","","","","","","","bookingNumber","Booking Number","Tracking identifiers","supported","2026-10-08"
"Turkon","TRKU","public","","","","","","","containerNumber","Container Number","Tracking identifiers","supported","2026-10-08"
"Turkon","TRKU","public","","","","","","","polName","POL Name","Origin","supported","2026-10-08"
"Turkon","TRKU","public","","","","","","","polLocode","POL Locode","Origin","supported","2026-10-08"
"Turkon","TRKU","public","","","","","","","polTimezone","POL Timezone","Origin","supported","2026-10-08"
"Turkon","TRKU","public","","","","","","","polEtd","POL ETD","Origin","supported","2026-10-08"
"Turkon","TRKU","public","","","","","","","polAtd","POL ATD","Origin","unsupported","2026-10-08"
"Turkon","TRKU","public","","","","","","","podName","POD Name","Destination port","supported","2026-10-08"
"Turkon","TRKU","public","","","","","","","podLocode","POD Locode","Destination port","supported","2026-10-08"
"Turkon","TRKU","public","","","","","","","podTerminal","POD Terminal","Destination port","supported","2026-10-08"
"Turkon","TRKU","public","","","","","","","podTimezone","POD Timezone","Destination port","supported","2026-10-08"
"Turkon","TRKU","public","","","","","","","podVoyageNumber","POD Voyage Number","Destination port","supported","2026-10-08"
"Turkon","TRKU","public","","","","","","","podVesselName","POD Vessel Name","Destination port","supported","2026-10-08"
"Turkon","TRKU","public","","","","","","","podVesselImo","POD Vessel IMO","Destination port","supported","2026-10-08"
"Turkon","TRKU","public","","","","","","","podEta","POD ETA","Destination port","supported","2026-10-08"
"Turkon","TRKU","public","","","","","","","podAta","POD ATA","Destination port","supported","2026-10-08"
"Turkon","TRKU","public","","","","","","","destinationName","Destination Name","Inland destination","unsupported","2026-10-08"
"Turkon","TRKU","public","","","","","","","destinationLocode","Destination Locode","Inland destination","unsupported","2026-10-08"
"Turkon","TRKU","public","","","","","","","destinationTimezone","Destination Timezone","Inland destination","unsupported","2026-10-08"
"Turkon","TRKU","public","","","","","","","destinationEta","Destination ETA","Inland destination","unsupported","2026-10-08"
"Turkon","TRKU","public","","","","","","","destinationAta","Destination ATA","Inland destination","unsupported","2026-10-08"
"Turkon","TRKU","public","","","","","","","number","Number","Container attributes","supported","2026-10-08"
"Turkon","TRKU","public","","","","","","","sealNumber","Seal Number","Container attributes","unsupported","2026-10-08"
"Turkon","TRKU","public","","","","","","","equipmentType","Equipment Type","Container attributes","supported","2026-10-08"
"Turkon","TRKU","public","","","","","","","equipmentLength","Equipment Length","Container attributes","supported","2026-10-08"
"Turkon","TRKU","public","","","","","","","equipmentHeight","Equipment Height","Container attributes","supported","2026-10-08"
"Turkon","TRKU","public","","","","","","","weightLbs","Weight (Lbs)","Container attributes","supported","2026-10-08"
"Turkon","TRKU","public","","","","","","","podArrivedAt","POD Arrived At","Container attributes","supported","2026-10-08"
"Turkon","TRKU","public","","","","","","","podDischargedAt","POD Discharged At","Container attributes","supported","2026-10-08"
"Turkon","TRKU","public","","","","","","","podFullOutAt","POD Full Out At","Container attributes","supported","2026-10-08"
"Turkon","TRKU","public","","","","","","","destinationArrivedAt","Destination Arrived At","Container attributes","unsupported","2026-10-08"
"Turkon","TRKU","public","","","","","","","destinationFullOutAt","Destination Full Out At","Container attributes","unsupported","2026-10-08"
"Turkon","TRKU","public","","","","","","","emptyTerminatedAt","Empty Terminated At","Container attributes","limited","2026-10-08"
"Turkon","TRKU","public","","","","","","","emptyOut","Empty Out","Container milestones","supported","2026-10-08"
"Turkon","TRKU","public","","","","","","","fullIn","Full In","Container milestones","supported","2026-10-08"
"Turkon","TRKU","public","","","","","","","vesselLoaded","Vessel Loaded","Container milestones","limited","2026-10-08"
"Turkon","TRKU","public","","","","","","","vesselDeparted","Vessel Departed","Container milestones","supported","2026-10-08"
"Turkon","TRKU","public","","","","","","","transshipmentArrived","Transshipment Arrived","Container milestones","unsupported","2026-10-08"
"Turkon","TRKU","public","","","","","","","transshipmentDischarged","Transshipment Discharged","Container milestones","unsupported","2026-10-08"
"Turkon","TRKU","public","","","","","","","transshipmentLoaded","Transshipment Loaded","Container milestones","supported","2026-10-08"
"Turkon","TRKU","public","","","","","","","transshipmentDeparted","Transshipment Departed","Container milestones","unsupported","2026-10-08"
"Turkon","TRKU","public","","","","","","","vesselArrived","Vessel Arrived","Container milestones","supported","2026-10-08"
"Turkon","TRKU","public","","","","","","","vesselBerthed","Vessel Berthed","Container milestones","unsupported","2026-10-08"
"Turkon","TRKU","public","","","","","","","vesselDischarged","Vessel Discharged","Container milestones","supported","2026-10-08"
"Turkon","TRKU","public","","","","","","","fullOut","Full Out","Container milestones","supported","2026-10-08"
"Turkon","TRKU","public","","","","","","","emptyReturned","Empty Returned","Container milestones","supported","2026-10-08"
"Turkon","TRKU","public","","","","","","","feederArrived","Feeder Arrived","Additional milestones","unsupported","2026-10-08"
"Turkon","TRKU","public","","","","","","","feederDischarged","Feeder Discharged","Additional milestones","unsupported","2026-10-08"
"Turkon","TRKU","public","","","","","","","feederLoaded","Feeder Loaded","Additional milestones","unsupported","2026-10-08"
"Turkon","TRKU","public","","","","","","","feederDeparted","Feeder Departed","Additional milestones","unsupported","2026-10-08"
"Turkon","TRKU","public","","","","","","","railLoaded","Rail Loaded","Additional milestones","limited","2026-10-08"
"Turkon","TRKU","public","","","","","","","railDeparted","Rail Departed","Additional milestones","unsupported","2026-10-08"
"Turkon","TRKU","public","","","","","","","railArrived","Rail Arrived","Additional milestones","unsupported","2026-10-08"
"Turkon","TRKU","public","","","","","","","railUnloaded","Rail Unloaded","Additional milestones","supported","2026-10-08"
"Turkon","TRKU","public","","","","","","","arrivedAtDestination","Arrived At Destination","Additional milestones","unsupported","2026-10-08"
"Turkon","TRKU","public","","","","","","","delivered","Delivered","Additional milestones","unsupported","2026-10-08"
"Turkon","TRKU","public","","","","","","","estimatedArrivalAtFinalDestination","Estimated Arrival at Final Destination","Additional milestones","unsupported","2026-10-08"
"Turkon","TRKU","public","","","","","","","sslLfdChanged","SSL LFD Changed","Other events","unsupported","2026-10-08"
"Turkon","TRKU","public","","","","","","","estimatedArrival","Estimated Arrival","Other events","limited","2026-10-08"
"Turkon","TRKU","public","","","","","","","bookingCancelled","Booking Cancelled","Other events","unsupported","2026-10-08"
"Wan Hai","WHLC","public","","","","","","","billOfLading","Bill Of Lading","Tracking identifiers","supported","2026-10-08"
"Wan Hai","WHLC","public","","","","","","","bookingNumber","Booking Number","Tracking identifiers","supported","2026-10-08"
"Wan Hai","WHLC","public","","","","","","","containerNumber","Container Number","Tracking identifiers","supported","2026-10-08"
"Wan Hai","WHLC","public","","","","","","","polName","POL Name","Origin","supported","2026-10-08"
"Wan Hai","WHLC","public","","","","","","","polLocode","POL Locode","Origin","supported","2026-10-08"
"Wan Hai","WHLC","public","","","","","","","polTimezone","POL Timezone","Origin","supported","2026-10-08"
"Wan Hai","WHLC","public","","","","","","","polEtd","POL ETD","Origin","supported","2026-10-08"
"Wan Hai","WHLC","public","","","","","","","polAtd","POL ATD","Origin","supported","2026-10-08"
"Wan Hai","WHLC","public","","","","","","","podName","POD Name","Destination port","supported","2026-10-08"
"Wan Hai","WHLC","public","","","","","","","podLocode","POD Locode","Destination port","supported","2026-10-08"
"Wan Hai","WHLC","public","","","","","","","podTerminal","POD Terminal","Destination port","supported","2026-10-08"
"Wan Hai","WHLC","public","","","","","","","podTimezone","POD Timezone","Destination port","supported","2026-10-08"
"Wan Hai","WHLC","public","","","","","","","podVoyageNumber","POD Voyage Number","Destination port","supported","2026-10-08"
"Wan Hai","WHLC","public","","","","","","","podVesselName","POD Vessel Name","Destination port","supported","2026-10-08"
"Wan Hai","WHLC","public","","","","","","","podVesselImo","POD Vessel IMO","Destination port","supported","2026-10-08"
"Wan Hai","WHLC","public","","","","","","","podEta","POD ETA","Destination port","supported","2026-10-08"
"Wan Hai","WHLC","public","","","","","","","podAta","POD ATA","Destination port","supported","2026-10-08"
"Wan Hai","WHLC","public","","","","","","","destinationName","Destination Name","Inland destination","supported","2026-10-08"
"Wan Hai","WHLC","public","","","","","","","destinationLocode","Destination Locode","Inland destination","supported","2026-10-08"
"Wan Hai","WHLC","public","","","","","","","destinationTimezone","Destination Timezone","Inland destination","supported","2026-10-08"
"Wan Hai","WHLC","public","","","","","","","destinationEta","Destination ETA","Inland destination","supported","2026-10-08"
"Wan Hai","WHLC","public","","","","","","","destinationAta","Destination ATA","Inland destination","limited","2026-10-08"
"Wan Hai","WHLC","public","","","","","","","number","Number","Container attributes","supported","2026-10-08"
"Wan Hai","WHLC","public","","","","","","","sealNumber","Seal Number","Container attributes","supported","2026-10-08"
"Wan Hai","WHLC","public","","","","","","","equipmentType","Equipment Type","Container attributes","supported","2026-10-08"
"Wan Hai","WHLC","public","","","","","","","equipmentLength","Equipment Length","Container attributes","supported","2026-10-08"
"Wan Hai","WHLC","public","","","","","","","equipmentHeight","Equipment Height","Container attributes","supported","2026-10-08"
"Wan Hai","WHLC","public","","","","","","","weightLbs","Weight (Lbs)","Container attributes","unsupported","2026-10-08"
"Wan Hai","WHLC","public","","","","","","","podArrivedAt","POD Arrived At","Container attributes","supported","2026-10-08"
"Wan Hai","WHLC","public","","","","","","","podDischargedAt","POD Discharged At","Container attributes","supported","2026-10-08"
"Wan Hai","WHLC","public","","","","","","","podFullOutAt","POD Full Out At","Container attributes","supported","2026-10-08"
"Wan Hai","WHLC","public","","","","","","","destinationArrivedAt","Destination Arrived At","Container attributes","limited","2026-10-08"
"Wan Hai","WHLC","public","","","","","","","destinationFullOutAt","Destination Full Out At","Container attributes","supported","2026-10-08"
"Wan Hai","WHLC","public","","","","","","","emptyTerminatedAt","Empty Terminated At","Container attributes","supported","2026-10-08"
"Wan Hai","WHLC","public","","","","","","","emptyOut","Empty Out","Container milestones","supported","2026-10-08"
"Wan Hai","WHLC","public","","","","","","","fullIn","Full In","Container milestones","supported","2026-10-08"
"Wan Hai","WHLC","public","","","","","","","vesselLoaded","Vessel Loaded","Container milestones","supported","2026-10-08"
"Wan Hai","WHLC","public","","","","","","","vesselDeparted","Vessel Departed","Container milestones","supported","2026-10-08"
"Wan Hai","WHLC","public","","","","","","","transshipmentArrived","Transshipment Arrived","Container milestones","unsupported","2026-10-08"
"Wan Hai","WHLC","public","","","","","","","transshipmentDischarged","Transshipment Discharged","Container milestones","supported","2026-10-08"
"Wan Hai","WHLC","public","","","","","","","transshipmentLoaded","Transshipment Loaded","Container milestones","supported","2026-10-08"
"Wan Hai","WHLC","public","","","","","","","transshipmentDeparted","Transshipment Departed","Container milestones","unsupported","2026-10-08"
"Wan Hai","WHLC","public","","","","","","","vesselArrived","Vessel Arrived","Container milestones","supported","2026-10-08"
"Wan Hai","WHLC","public","","","","","","","vesselBerthed","Vessel Berthed","Container milestones","unsupported","2026-10-08"
"Wan Hai","WHLC","public","","","","","","","vesselDischarged","Vessel Discharged","Container milestones","supported","2026-10-08"
"Wan Hai","WHLC","public","","","","","","","fullOut","Full Out","Container milestones","supported","2026-10-08"
"Wan Hai","WHLC","public","","","","","","","emptyReturned","Empty Returned","Container milestones","supported","2026-10-08"
"Wan Hai","WHLC","public","","","","","","","feederArrived","Feeder Arrived","Additional milestones","unsupported","2026-10-08"
"Wan Hai","WHLC","public","","","","","","","feederDischarged","Feeder Discharged","Additional milestones","unsupported","2026-10-08"
"Wan Hai","WHLC","public","","","","","","","feederLoaded","Feeder Loaded","Additional milestones","unsupported","2026-10-08"
"Wan Hai","WHLC","public","","","","","","","feederDeparted","Feeder Departed","Additional milestones","unsupported","2026-10-08"
"Wan Hai","WHLC","public","","","","","","","railLoaded","Rail Loaded","Additional milestones","supported","2026-10-08"
"Wan Hai","WHLC","public","","","","","","","railDeparted","Rail Departed","Additional milestones","supported","2026-10-08"
"Wan Hai","WHLC","public","","","","","","","railArrived","Rail Arrived","Additional milestones","supported","2026-10-08"
"Wan Hai","WHLC","public","","","","","","","railUnloaded","Rail Unloaded","Additional milestones","supported","2026-10-08"
"Wan Hai","WHLC","public","","","","","","","arrivedAtDestination","Arrived At Destination","Additional milestones","supported","2026-10-08"
"Wan Hai","WHLC","public","","","","","","","delivered","Delivered","Additional milestones","unsupported","2026-10-08"
"Wan Hai","WHLC","public","","","","","","","estimatedArrivalAtFinalDestination","Estimated Arrival at Final Destination","Additional milestones","supported","2026-10-08"
"Wan Hai","WHLC","public","","","","","","","sslLfdChanged","SSL LFD Changed","Other events","unsupported","2026-10-08"
"Wan Hai","WHLC","public","","","","","","","estimatedArrival","Estimated Arrival","Other events","supported","2026-10-08"
"Wan Hai","WHLC","public","","","","","","","bookingCancelled","Booking Cancelled","Other events","unsupported","2026-10-08"
"World Direct Shipping","WDSB","public","","","","","","","billOfLading","Bill Of Lading","Tracking identifiers","unsupported","2026-10-08"
"World Direct Shipping","WDSB","public","","","","","","","bookingNumber","Booking Number","Tracking identifiers","unsupported","2026-10-08"
"World Direct Shipping","WDSB","public","","","","","","","containerNumber","Container Number","Tracking identifiers","supported","2026-10-08"
"World Direct Shipping","WDSB","public","","","","","","","polName","POL Name","Origin","unknown","2026-10-08"
"World Direct Shipping","WDSB","public","","","","","","","polLocode","POL Locode","Origin","unknown","2026-10-08"
"World Direct Shipping","WDSB","public","","","","","","","polTimezone","POL Timezone","Origin","unknown","2026-10-08"
"World Direct Shipping","WDSB","public","","","","","","","polEtd","POL ETD","Origin","unknown","2026-10-08"
"World Direct Shipping","WDSB","public","","","","","","","polAtd","POL ATD","Origin","unknown","2026-10-08"
"World Direct Shipping","WDSB","public","","","","","","","podName","POD Name","Destination port","unknown","2026-10-08"
"World Direct Shipping","WDSB","public","","","","","","","podLocode","POD Locode","Destination port","unknown","2026-10-08"
"World Direct Shipping","WDSB","public","","","","","","","podTerminal","POD Terminal","Destination port","unknown","2026-10-08"
"World Direct Shipping","WDSB","public","","","","","","","podTimezone","POD Timezone","Destination port","unknown","2026-10-08"
"World Direct Shipping","WDSB","public","","","","","","","podVoyageNumber","POD Voyage Number","Destination port","unknown","2026-10-08"
"World Direct Shipping","WDSB","public","","","","","","","podVesselName","POD Vessel Name","Destination port","unknown","2026-10-08"
"World Direct Shipping","WDSB","public","","","","","","","podVesselImo","POD Vessel IMO","Destination port","unknown","2026-10-08"
"World Direct Shipping","WDSB","public","","","","","","","podEta","POD ETA","Destination port","unknown","2026-10-08"
"World Direct Shipping","WDSB","public","","","","","","","podAta","POD ATA","Destination port","unknown","2026-10-08"
"World Direct Shipping","WDSB","public","","","","","","","destinationName","Destination Name","Inland destination","unknown","2026-10-08"
"World Direct Shipping","WDSB","public","","","","","","","destinationLocode","Destination Locode","Inland destination","unknown","2026-10-08"
"World Direct Shipping","WDSB","public","","","","","","","destinationTimezone","Destination Timezone","Inland destination","unknown","2026-10-08"
"World Direct Shipping","WDSB","public","","","","","","","destinationEta","Destination ETA","Inland destination","unknown","2026-10-08"
"World Direct Shipping","WDSB","public","","","","","","","destinationAta","Destination ATA","Inland destination","unknown","2026-10-08"
"World Direct Shipping","WDSB","public","","","","","","","number","Number","Container attributes","unknown","2026-10-08"
"World Direct Shipping","WDSB","public","","","","","","","sealNumber","Seal Number","Container attributes","unknown","2026-10-08"
"World Direct Shipping","WDSB","public","","","","","","","equipmentType","Equipment Type","Container attributes","unknown","2026-10-08"
"World Direct Shipping","WDSB","public","","","","","","","equipmentLength","Equipment Length","Container attributes","unknown","2026-10-08"
"World Direct Shipping","WDSB","public","","","","","","","equipmentHeight","Equipment Height","Container attributes","unknown","2026-10-08"
"World Direct Shipping","WDSB","public","","","","","","","weightLbs","Weight (Lbs)","Container attributes","unknown","2026-10-08"
"World Direct Shipping","WDSB","public","","","","","","","podArrivedAt","POD Arrived At","Container attributes","unknown","2026-10-08"
"World Direct Shipping","WDSB","public","","","","","","","podDischargedAt","POD Discharged At","Container attributes","unknown","2026-10-08"
"World Direct Shipping","WDSB","public","","","","","","","podFullOutAt","POD Full Out At","Container attributes","unknown","2026-10-08"
"World Direct Shipping","WDSB","public","","","","","","","destinationArrivedAt","Destination Arrived At","Container attributes","unknown","2026-10-08"
"World Direct Shipping","WDSB","public","","","","","","","destinationFullOutAt","Destination Full Out At","Container attributes","unknown","2026-10-08"
"World Direct Shipping","WDSB","public","","","","","","","emptyTerminatedAt","Empty Terminated At","Container attributes","unknown","2026-10-08"
"World Direct Shipping","WDSB","public","","","","","","","emptyOut","Empty Out","Container milestones","unknown","2026-10-08"
"World Direct Shipping","WDSB","public","","","","","","","fullIn","Full In","Container milestones","unknown","2026-10-08"
"World Direct Shipping","WDSB","public","","","","","","","vesselLoaded","Vessel Loaded","Container milestones","unknown","2026-10-08"
"World Direct Shipping","WDSB","public","","","","","","","vesselDeparted","Vessel Departed","Container milestones","unknown","2026-10-08"
"World Direct Shipping","WDSB","public","","","","","","","transshipmentArrived","Transshipment Arrived","Container milestones","unknown","2026-10-08"
"World Direct Shipping","WDSB","public","","","","","","","transshipmentDischarged","Transshipment Discharged","Container milestones","unknown","2026-10-08"
"World Direct Shipping","WDSB","public","","","","","","","transshipmentLoaded","Transshipment Loaded","Container milestones","unknown","2026-10-08"
"World Direct Shipping","WDSB","public","","","","","","","transshipmentDeparted","Transshipment Departed","Container milestones","unknown","2026-10-08"
"World Direct Shipping","WDSB","public","","","","","","","vesselArrived","Vessel Arrived","Container milestones","unknown","2026-10-08"
"World Direct Shipping","WDSB","public","","","","","","","vesselBerthed","Vessel Berthed","Container milestones","unknown","2026-10-08"
"World Direct Shipping","WDSB","public","","","","","","","vesselDischarged","Vessel Discharged","Container milestones","unknown","2026-10-08"
"World Direct Shipping","WDSB","public","","","","","","","fullOut","Full Out","Container milestones","unknown","2026-10-08"
"World Direct Shipping","WDSB","public","","","","","","","emptyReturned","Empty Returned","Container milestones","unknown","2026-10-08"
"World Direct Shipping","WDSB","public","","","","","","","feederArrived","Feeder Arrived","Additional milestones","unknown","2026-10-08"
"World Direct Shipping","WDSB","public","","","","","","","feederDischarged","Feeder Discharged","Additional milestones","unknown","2026-10-08"
"World Direct Shipping","WDSB","public","","","","","","","feederLoaded","Feeder Loaded","Additional milestones","unknown","2026-10-08"
"World Direct Shipping","WDSB","public","","","","","","","feederDeparted","Feeder Departed","Additional milestones","unknown","2026-10-08"
"World Direct Shipping","WDSB","public","","","","","","","railLoaded","Rail Loaded","Additional milestones","unknown","2026-10-08"
"World Direct Shipping","WDSB","public","","","","","","","railDeparted","Rail Departed","Additional milestones","unknown","2026-10-08"
"World Direct Shipping","WDSB","public","","","","","","","railArrived","Rail Arrived","Additional milestones","unknown","2026-10-08"
"World Direct Shipping","WDSB","public","","","","","","","railUnloaded","Rail Unloaded","Additional milestones","unknown","2026-10-08"
"World Direct Shipping","WDSB","public","","","","","","","arrivedAtDestination","Arrived At Destination","Additional milestones","unknown","2026-10-08"
"World Direct Shipping","WDSB","public","","","","","","","delivered","Delivered","Additional milestones","unknown","2026-10-08"
"World Direct Shipping","WDSB","public","","","","","","","estimatedArrivalAtFinalDestination","Estimated Arrival at Final Destination","Additional milestones","unknown","2026-10-08"
"World Direct Shipping","WDSB","public","","","","","","","sslLfdChanged","SSL LFD Changed","Other events","unknown","2026-10-08"
"World Direct Shipping","WDSB","public","","","","","","","estimatedArrival","Estimated Arrival","Other events","unknown","2026-10-08"
"World Direct Shipping","WDSB","public","","","","","","","bookingCancelled","Booking Cancelled","Other events","unknown","2026-10-08"
"Yang Ming","YMLU","public","","","","","","","billOfLading","Bill Of Lading","Tracking identifiers","supported","2026-10-08"
"Yang Ming","YMLU","public","","","","","","","bookingNumber","Booking Number","Tracking identifiers","supported","2026-10-08"
"Yang Ming","YMLU","public","","","","","","","containerNumber","Container Number","Tracking identifiers","supported","2026-10-08"
"Yang Ming","YMLU","public","","","","","","","polName","POL Name","Origin","supported","2026-10-08"
"Yang Ming","YMLU","public","","","","","","","polLocode","POL Locode","Origin","supported","2026-10-08"
"Yang Ming","YMLU","public","","","","","","","polTimezone","POL Timezone","Origin","supported","2026-10-08"
"Yang Ming","YMLU","public","","","","","","","polEtd","POL ETD","Origin","supported","2026-10-08"
"Yang Ming","YMLU","public","","","","","","","polAtd","POL ATD","Origin","supported","2026-10-08"
"Yang Ming","YMLU","public","","","","","","","podName","POD Name","Destination port","supported","2026-10-08"
"Yang Ming","YMLU","public","","","","","","","podLocode","POD Locode","Destination port","supported","2026-10-08"
"Yang Ming","YMLU","public","","","","","","","podTerminal","POD Terminal","Destination port","supported","2026-10-08"
"Yang Ming","YMLU","public","","","","","","","podTimezone","POD Timezone","Destination port","supported","2026-10-08"
"Yang Ming","YMLU","public","","","","","","","podVoyageNumber","POD Voyage Number","Destination port","supported","2026-10-08"
"Yang Ming","YMLU","public","","","","","","","podVesselName","POD Vessel Name","Destination port","supported","2026-10-08"
"Yang Ming","YMLU","public","","","","","","","podVesselImo","POD Vessel IMO","Destination port","supported","2026-10-08"
"Yang Ming","YMLU","public","","","","","","","podEta","POD ETA","Destination port","supported","2026-10-08"
"Yang Ming","YMLU","public","","","","","","","podAta","POD ATA","Destination port","supported","2026-10-08"
"Yang Ming","YMLU","public","","","","","","","destinationName","Destination Name","Inland destination","supported","2026-10-08"
"Yang Ming","YMLU","public","","","","","","","destinationLocode","Destination Locode","Inland destination","supported","2026-10-08"
"Yang Ming","YMLU","public","","","","","","","destinationTimezone","Destination Timezone","Inland destination","supported","2026-10-08"
"Yang Ming","YMLU","public","","","","","","","destinationEta","Destination ETA","Inland destination","supported","2026-10-08"
"Yang Ming","YMLU","public","","","","","","","destinationAta","Destination ATA","Inland destination","supported","2026-10-08"
"Yang Ming","YMLU","public","","","","","","","number","Number","Container attributes","supported","2026-10-08"
"Yang Ming","YMLU","public","","","","","","","sealNumber","Seal Number","Container attributes","supported","2026-10-08"
"Yang Ming","YMLU","public","","","","","","","equipmentType","Equipment Type","Container attributes","supported","2026-10-08"
"Yang Ming","YMLU","public","","","","","","","equipmentLength","Equipment Length","Container attributes","supported","2026-10-08"
"Yang Ming","YMLU","public","","","","","","","equipmentHeight","Equipment Height","Container attributes","supported","2026-10-08"
"Yang Ming","YMLU","public","","","","","","","weightLbs","Weight (Lbs)","Container attributes","supported","2026-10-08"
"Yang Ming","YMLU","public","","","","","","","podArrivedAt","POD Arrived At","Container attributes","supported","2026-10-08"
"Yang Ming","YMLU","public","","","","","","","podDischargedAt","POD Discharged At","Container attributes","supported","2026-10-08"
"Yang Ming","YMLU","public","","","","","","","podFullOutAt","POD Full Out At","Container attributes","supported","2026-10-08"
"Yang Ming","YMLU","public","","","","","","","destinationArrivedAt","Destination Arrived At","Container attributes","supported","2026-10-08"
"Yang Ming","YMLU","public","","","","","","","destinationFullOutAt","Destination Full Out At","Container attributes","supported","2026-10-08"
"Yang Ming","YMLU","public","","","","","","","emptyTerminatedAt","Empty Terminated At","Container attributes","supported","2026-10-08"
"Yang Ming","YMLU","public","","","","","","","emptyOut","Empty Out","Container milestones","supported","2026-10-08"
"Yang Ming","YMLU","public","","","","","","","fullIn","Full In","Container milestones","supported","2026-10-08"
"Yang Ming","YMLU","public","","","","","","","vesselLoaded","Vessel Loaded","Container milestones","supported","2026-10-08"
"Yang Ming","YMLU","public","","","","","","","vesselDeparted","Vessel Departed","Container milestones","supported","2026-10-08"
"Yang Ming","YMLU","public","","","","","","","transshipmentArrived","Transshipment Arrived","Container milestones","limited","2026-10-08"
"Yang Ming","YMLU","public","","","","","","","transshipmentDischarged","Transshipment Discharged","Container milestones","supported","2026-10-08"
"Yang Ming","YMLU","public","","","","","","","transshipmentLoaded","Transshipment Loaded","Container milestones","supported","2026-10-08"
"Yang Ming","YMLU","public","","","","","","","transshipmentDeparted","Transshipment Departed","Container milestones","supported","2026-10-08"
"Yang Ming","YMLU","public","","","","","","","vesselArrived","Vessel Arrived","Container milestones","supported","2026-10-08"
"Yang Ming","YMLU","public","","","","","","","vesselBerthed","Vessel Berthed","Container milestones","unsupported","2026-10-08"
"Yang Ming","YMLU","public","","","","","","","vesselDischarged","Vessel Discharged","Container milestones","supported","2026-10-08"
"Yang Ming","YMLU","public","","","","","","","fullOut","Full Out","Container milestones","supported","2026-10-08"
"Yang Ming","YMLU","public","","","","","","","emptyReturned","Empty Returned","Container milestones","supported","2026-10-08"
"Yang Ming","YMLU","public","","","","","","","feederArrived","Feeder Arrived","Additional milestones","supported","2026-10-08"
"Yang Ming","YMLU","public","","","","","","","feederDischarged","Feeder Discharged","Additional milestones","unsupported","2026-10-08"
"Yang Ming","YMLU","public","","","","","","","feederLoaded","Feeder Loaded","Additional milestones","unsupported","2026-10-08"
"Yang Ming","YMLU","public","","","","","","","feederDeparted","Feeder Departed","Additional milestones","supported","2026-10-08"
"Yang Ming","YMLU","public","","","","","","","railLoaded","Rail Loaded","Additional milestones","unsupported","2026-10-08"
"Yang Ming","YMLU","public","","","","","","","railDeparted","Rail Departed","Additional milestones","supported","2026-10-08"
"Yang Ming","YMLU","public","","","","","","","railArrived","Rail Arrived","Additional milestones","supported","2026-10-08"
"Yang Ming","YMLU","public","","","","","","","railUnloaded","Rail Unloaded","Additional milestones","unsupported","2026-10-08"
"Yang Ming","YMLU","public","","","","","","","arrivedAtDestination","Arrived At Destination","Additional milestones","limited","2026-10-08"
"Yang Ming","YMLU","public","","","","","","","delivered","Delivered","Additional milestones","unsupported","2026-10-08"
"Yang Ming","YMLU","public","","","","","","","estimatedArrivalAtFinalDestination","Estimated Arrival at Final Destination","Additional milestones","limited","2026-10-08"
"Yang Ming","YMLU","public","","","","","","","sslLfdChanged","SSL LFD Changed","Other events","limited","2026-10-08"
"Yang Ming","YMLU","public","","","","","","","estimatedArrival","Estimated Arrival","Other events","supported","2026-10-08"
"Yang Ming","YMLU","public","","","","","","","bookingCancelled","Booking Cancelled","Other events","unsupported","2026-10-08"
"ZIM","ZIMU","public","","","","","","","billOfLading","Bill Of Lading","Tracking identifiers","supported","2026-10-08"
"ZIM","ZIMU","public","","","","","","","bookingNumber","Booking Number","Tracking identifiers","supported","2026-10-08"
"ZIM","ZIMU","public","","","","","","","containerNumber","Container Number","Tracking identifiers","supported","2026-10-08"
"ZIM","ZIMU","public","","","","","","","polName","POL Name","Origin","supported","2026-10-08"
"ZIM","ZIMU","public","","","","","","","polLocode","POL Locode","Origin","supported","2026-10-08"
"ZIM","ZIMU","public","","","","","","","polTimezone","POL Timezone","Origin","supported","2026-10-08"
"ZIM","ZIMU","public","","","","","","","polEtd","POL ETD","Origin","supported","2026-10-08"
"ZIM","ZIMU","public","","","","","","","polAtd","POL ATD","Origin","supported","2026-10-08"
"ZIM","ZIMU","public","","","","","","","podName","POD Name","Destination port","supported","2026-10-08"
"ZIM","ZIMU","public","","","","","","","podLocode","POD Locode","Destination port","supported","2026-10-08"
"ZIM","ZIMU","public","","","","","","","podTerminal","POD Terminal","Destination port","supported","2026-10-08"
"ZIM","ZIMU","public","","","","","","","podTimezone","POD Timezone","Destination port","supported","2026-10-08"
"ZIM","ZIMU","public","","","","","","","podVoyageNumber","POD Voyage Number","Destination port","supported","2026-10-08"
"ZIM","ZIMU","public","","","","","","","podVesselName","POD Vessel Name","Destination port","supported","2026-10-08"
"ZIM","ZIMU","public","","","","","","","podVesselImo","POD Vessel IMO","Destination port","supported","2026-10-08"
"ZIM","ZIMU","public","","","","","","","podEta","POD ETA","Destination port","supported","2026-10-08"
"ZIM","ZIMU","public","","","","","","","podAta","POD ATA","Destination port","supported","2026-10-08"
"ZIM","ZIMU","public","","","","","","","destinationName","Destination Name","Inland destination","supported","2026-10-08"
"ZIM","ZIMU","public","","","","","","","destinationLocode","Destination Locode","Inland destination","supported","2026-10-08"
"ZIM","ZIMU","public","","","","","","","destinationTimezone","Destination Timezone","Inland destination","supported","2026-10-08"
"ZIM","ZIMU","public","","","","","","","destinationEta","Destination ETA","Inland destination","supported","2026-10-08"
"ZIM","ZIMU","public","","","","","","","destinationAta","Destination ATA","Inland destination","supported","2026-10-08"
"ZIM","ZIMU","public","","","","","","","number","Number","Container attributes","supported","2026-10-08"
"ZIM","ZIMU","public","","","","","","","sealNumber","Seal Number","Container attributes","unsupported","2026-10-08"
"ZIM","ZIMU","public","","","","","","","equipmentType","Equipment Type","Container attributes","supported","2026-10-08"
"ZIM","ZIMU","public","","","","","","","equipmentLength","Equipment Length","Container attributes","supported","2026-10-08"
"ZIM","ZIMU","public","","","","","","","equipmentHeight","Equipment Height","Container attributes","supported","2026-10-08"
"ZIM","ZIMU","public","","","","","","","weightLbs","Weight (Lbs)","Container attributes","unsupported","2026-10-08"
"ZIM","ZIMU","public","","","","","","","podArrivedAt","POD Arrived At","Container attributes","supported","2026-10-08"
"ZIM","ZIMU","public","","","","","","","podDischargedAt","POD Discharged At","Container attributes","supported","2026-10-08"
"ZIM","ZIMU","public","","","","","","","podFullOutAt","POD Full Out At","Container attributes","supported","2026-10-08"
"ZIM","ZIMU","public","","","","","","","destinationArrivedAt","Destination Arrived At","Container attributes","supported","2026-10-08"
"ZIM","ZIMU","public","","","","","","","destinationFullOutAt","Destination Full Out At","Container attributes","supported","2026-10-08"
"ZIM","ZIMU","public","","","","","","","emptyTerminatedAt","Empty Terminated At","Container attributes","supported","2026-10-08"
"ZIM","ZIMU","public","","","","","","","emptyOut","Empty Out","Container milestones","supported","2026-10-08"
"ZIM","ZIMU","public","","","","","","","fullIn","Full In","Container milestones","supported","2026-10-08"
"ZIM","ZIMU","public","","","","","","","vesselLoaded","Vessel Loaded","Container milestones","supported","2026-10-08"
"ZIM","ZIMU","public","","","","","","","vesselDeparted","Vessel Departed","Container milestones","supported","2026-10-08"
"ZIM","ZIMU","public","","","","","","","transshipmentArrived","Transshipment Arrived","Container milestones","supported","2026-10-08"
"ZIM","ZIMU","public","","","","","","","transshipmentDischarged","Transshipment Discharged","Container milestones","supported","2026-10-08"
"ZIM","ZIMU","public","","","","","","","transshipmentLoaded","Transshipment Loaded","Container milestones","supported","2026-10-08"
"ZIM","ZIMU","public","","","","","","","transshipmentDeparted","Transshipment Departed","Container milestones","supported","2026-10-08"
"ZIM","ZIMU","public","","","","","","","vesselArrived","Vessel Arrived","Container milestones","supported","2026-10-08"
"ZIM","ZIMU","public","","","","","","","vesselBerthed","Vessel Berthed","Container milestones","unsupported","2026-10-08"
"ZIM","ZIMU","public","","","","","","","vesselDischarged","Vessel Discharged","Container milestones","supported","2026-10-08"
"ZIM","ZIMU","public","","","","","","","fullOut","Full Out","Container milestones","supported","2026-10-08"
"ZIM","ZIMU","public","","","","","","","emptyReturned","Empty Returned","Container milestones","supported","2026-10-08"
"ZIM","ZIMU","public","","","","","","","feederArrived","Feeder Arrived","Additional milestones","unsupported","2026-10-08"
"ZIM","ZIMU","public","","","","","","","feederDischarged","Feeder Discharged","Additional milestones","supported","2026-10-08"
"ZIM","ZIMU","public","","","","","","","feederLoaded","Feeder Loaded","Additional milestones","unsupported","2026-10-08"
"ZIM","ZIMU","public","","","","","","","feederDeparted","Feeder Departed","Additional milestones","unsupported","2026-10-08"
"ZIM","ZIMU","public","","","","","","","railLoaded","Rail Loaded","Additional milestones","unsupported","2026-10-08"
"ZIM","ZIMU","public","","","","","","","railDeparted","Rail Departed","Additional milestones","supported","2026-10-08"
"ZIM","ZIMU","public","","","","","","","railArrived","Rail Arrived","Additional milestones","supported","2026-10-08"
"ZIM","ZIMU","public","","","","","","","railUnloaded","Rail Unloaded","Additional milestones","unsupported","2026-10-08"
"ZIM","ZIMU","public","","","","","","","arrivedAtDestination","Arrived At Destination","Additional milestones","supported","2026-10-08"
"ZIM","ZIMU","public","","","","","","","delivered","Delivered","Additional milestones","unsupported","2026-10-08"
"ZIM","ZIMU","public","","","","","","","estimatedArrivalAtFinalDestination","Estimated Arrival at Final Destination","Additional milestones","supported","2026-10-08"
"ZIM","ZIMU","public","","","","","","","sslLfdChanged","SSL LFD Changed","Other events","unsupported","2026-10-08"
"ZIM","ZIMU","public","","","","","","","estimatedArrival","Estimated Arrival","Other events","supported","2026-10-08"
"ZIM","ZIMU","public","","","","","","","bookingCancelled","Booking Cancelled","Other events","unsupported","2026-10-08"
