"name","scac","access","port","locode","country","region","firmsCode","group","feature","label","section","status","updatedOn"
"APM Terminals Buenos Aires T4","","","Buenos Aires","ARBUE","Argentina","Latin America","ARBUETERM4","","importMilestones","Import milestones","Container milestones","supported","2026-10-09"
"APM Terminals Buenos Aires T4","","","Buenos Aires","ARBUE","Argentina","Latin America","ARBUETERM4","","availableForPickup","Available for pickup","Pickup & availability","supported","2026-10-09"
"APM Terminals Buenos Aires T4","","","Buenos Aires","ARBUE","Argentina","Latin America","ARBUETERM4","","lastFreeDay","Terminal LFD","Pickup & availability","unsupported","2026-10-09"
"APM Terminals Buenos Aires T4","","","Buenos Aires","ARBUE","Argentina","Latin America","ARBUETERM4","","holds","Holds & releases","Holds & fees","limited","2026-10-09"
"APM Terminals Buenos Aires T4","","","Buenos Aires","ARBUE","Argentina","Latin America","ARBUETERM4","","feeType","Fee type","Holds & fees","supported","2026-10-09"
"APM Terminals Buenos Aires T4","","","Buenos Aires","ARBUE","Argentina","Latin America","ARBUETERM4","","feeAmount","Fee amount","Holds & fees","supported","2026-10-09"
"APM Terminals Buenos Aires T4","","","Buenos Aires","ARBUE","Argentina","Latin America","ARBUETERM4","","pickupAppointment","Pickup appointment","Gate & yard","supported","2026-10-09"
"APM Terminals Buenos Aires T4","","","Buenos Aires","ARBUE","Argentina","Latin America","ARBUETERM4","","yardLocation","Yard location","Gate & yard","unsupported","2026-10-09"
"APM Terminals Buenos Aires T4","","","Buenos Aires","ARBUE","Argentina","Latin America","ARBUETERM4","","vesselDischarged","Vessel discharged","Container milestones","supported","2026-10-09"
"APM Terminals Buenos Aires T4","","","Buenos Aires","ARBUE","Argentina","Latin America","ARBUETERM4","","fullOut","Full out","Container milestones","unsupported","2026-10-09"
"APM Terminals Buenos Aires T4","","","Buenos Aires","ARBUE","Argentina","Latin America","ARBUETERM4","","chassisNumber","Chassis number","Gate & yard","unsupported","2026-10-09"
"APM Terminals Buenos Aires T4","","","Buenos Aires","ARBUE","Argentina","Latin America","ARBUETERM4","","onRail","On rail","Container milestones","supported","2026-10-09"
"APM Terminals Buenos Aires T4","","","Buenos Aires","ARBUE","Argentina","Latin America","ARBUETERM4","","emptyReturned","Empty returned","Container milestones","unsupported","2026-10-09"
"Flinders Adelaide Container Terminal","","","Adelaide","AUADL","Australia","Australia","AUADLFLACT","","importMilestones","Import milestones","Container milestones","supported","2026-10-09"
"Flinders Adelaide Container Terminal","","","Adelaide","AUADL","Australia","Australia","AUADLFLACT","","availableForPickup","Available for pickup","Pickup & availability","supported","2026-10-09"
"Flinders Adelaide Container Terminal","","","Adelaide","AUADL","Australia","Australia","AUADLFLACT","","lastFreeDay","Terminal LFD","Pickup & availability","supported","2026-10-09"
"Flinders Adelaide Container Terminal","","","Adelaide","AUADL","Australia","Australia","AUADLFLACT","","holds","Holds & releases","Holds & fees","limited","2026-10-09"
"Flinders Adelaide Container Terminal","","","Adelaide","AUADL","Australia","Australia","AUADLFLACT","","feeType","Fee type","Holds & fees","supported","2026-10-09"
"Flinders Adelaide Container Terminal","","","Adelaide","AUADL","Australia","Australia","AUADLFLACT","","feeAmount","Fee amount","Holds & fees","supported","2026-10-09"
"Flinders Adelaide Container Terminal","","","Adelaide","AUADL","Australia","Australia","AUADLFLACT","","pickupAppointment","Pickup appointment","Gate & yard","supported","2026-10-09"
"Flinders Adelaide Container Terminal","","","Adelaide","AUADL","Australia","Australia","AUADLFLACT","","yardLocation","Yard location","Gate & yard","supported","2026-10-09"
"Flinders Adelaide Container Terminal","","","Adelaide","AUADL","Australia","Australia","AUADLFLACT","","vesselDischarged","Vessel discharged","Container milestones","supported","2026-10-09"
"Flinders Adelaide Container Terminal","","","Adelaide","AUADL","Australia","Australia","AUADLFLACT","","fullOut","Full out","Container milestones","supported","2026-10-09"
"Flinders Adelaide Container Terminal","","","Adelaide","AUADL","Australia","Australia","AUADLFLACT","","chassisNumber","Chassis number","Gate & yard","supported","2026-10-09"
"Flinders Adelaide Container Terminal","","","Adelaide","AUADL","Australia","Australia","AUADLFLACT","","onRail","On rail","Container milestones","supported","2026-10-09"
"Flinders Adelaide Container Terminal","","","Adelaide","AUADL","Australia","Australia","AUADLFLACT","","emptyReturned","Empty returned","Container milestones","supported","2026-10-09"
"Brisbane Autostrad","","","Brisbane","AUBNE","Australia","Australia","AUBNEPTFIT","","importMilestones","Import milestones","Container milestones","supported","2026-10-09"
"Brisbane Autostrad","","","Brisbane","AUBNE","Australia","Australia","AUBNEPTFIT","","availableForPickup","Available for pickup","Pickup & availability","unknown","2026-10-09"
"Brisbane Autostrad","","","Brisbane","AUBNE","Australia","Australia","AUBNEPTFIT","","lastFreeDay","Terminal LFD","Pickup & availability","unknown","2026-10-09"
"Brisbane Autostrad","","","Brisbane","AUBNE","Australia","Australia","AUBNEPTFIT","","holds","Holds & releases","Holds & fees","unknown","2026-10-09"
"Brisbane Autostrad","","","Brisbane","AUBNE","Australia","Australia","AUBNEPTFIT","","feeType","Fee type","Holds & fees","unknown","2026-10-09"
"Brisbane Autostrad","","","Brisbane","AUBNE","Australia","Australia","AUBNEPTFIT","","feeAmount","Fee amount","Holds & fees","unknown","2026-10-09"
"Brisbane Autostrad","","","Brisbane","AUBNE","Australia","Australia","AUBNEPTFIT","","pickupAppointment","Pickup appointment","Gate & yard","unknown","2026-10-09"
"Brisbane Autostrad","","","Brisbane","AUBNE","Australia","Australia","AUBNEPTFIT","","yardLocation","Yard location","Gate & yard","unknown","2026-10-09"
"Brisbane Autostrad","","","Brisbane","AUBNE","Australia","Australia","AUBNEPTFIT","","vesselDischarged","Vessel discharged","Container milestones","unknown","2026-10-09"
"Brisbane Autostrad","","","Brisbane","AUBNE","Australia","Australia","AUBNEPTFIT","","fullOut","Full out","Container milestones","unknown","2026-10-09"
"Brisbane Autostrad","","","Brisbane","AUBNE","Australia","Australia","AUBNEPTFIT","","chassisNumber","Chassis number","Gate & yard","unknown","2026-10-09"
"Brisbane Autostrad","","","Brisbane","AUBNE","Australia","Australia","AUBNEPTFIT","","onRail","On rail","Container milestones","unknown","2026-10-09"
"Brisbane Autostrad","","","Brisbane","AUBNE","Australia","Australia","AUBNEPTFIT","","emptyReturned","Empty returned","Container milestones","unknown","2026-10-09"
"DP World Brisbane","","","Brisbane","AUBNE","Australia","Australia","","","importMilestones","Import milestones","Container milestones","supported","2026-10-09"
"DP World Brisbane","","","Brisbane","AUBNE","Australia","Australia","","","availableForPickup","Available for pickup","Pickup & availability","unknown","2026-10-09"
"DP World Brisbane","","","Brisbane","AUBNE","Australia","Australia","","","lastFreeDay","Terminal LFD","Pickup & availability","unknown","2026-10-09"
"DP World Brisbane","","","Brisbane","AUBNE","Australia","Australia","","","holds","Holds & releases","Holds & fees","unknown","2026-10-09"
"DP World Brisbane","","","Brisbane","AUBNE","Australia","Australia","","","feeType","Fee type","Holds & fees","unknown","2026-10-09"
"DP World Brisbane","","","Brisbane","AUBNE","Australia","Australia","","","feeAmount","Fee amount","Holds & fees","unknown","2026-10-09"
"DP World Brisbane","","","Brisbane","AUBNE","Australia","Australia","","","pickupAppointment","Pickup appointment","Gate & yard","unknown","2026-10-09"
"DP World Brisbane","","","Brisbane","AUBNE","Australia","Australia","","","yardLocation","Yard location","Gate & yard","unknown","2026-10-09"
"DP World Brisbane","","","Brisbane","AUBNE","Australia","Australia","","","vesselDischarged","Vessel discharged","Container milestones","unknown","2026-10-09"
"DP World Brisbane","","","Brisbane","AUBNE","Australia","Australia","","","fullOut","Full out","Container milestones","unknown","2026-10-09"
"DP World Brisbane","","","Brisbane","AUBNE","Australia","Australia","","","chassisNumber","Chassis number","Gate & yard","unknown","2026-10-09"
"DP World Brisbane","","","Brisbane","AUBNE","Australia","Australia","","","onRail","On rail","Container milestones","unknown","2026-10-09"
"DP World Brisbane","","","Brisbane","AUBNE","Australia","Australia","","","emptyReturned","Empty returned","Container milestones","unknown","2026-10-09"
"Hutchison Brisbane Container Terminals","","","Brisbane","AUBNE","Australia","Australia","AUBNEHPAFI","","importMilestones","Import milestones","Container milestones","supported","2026-10-09"
"Hutchison Brisbane Container Terminals","","","Brisbane","AUBNE","Australia","Australia","AUBNEHPAFI","","availableForPickup","Available for pickup","Pickup & availability","supported","2026-10-09"
"Hutchison Brisbane Container Terminals","","","Brisbane","AUBNE","Australia","Australia","AUBNEHPAFI","","lastFreeDay","Terminal LFD","Pickup & availability","supported","2026-10-09"
"Hutchison Brisbane Container Terminals","","","Brisbane","AUBNE","Australia","Australia","AUBNEHPAFI","","holds","Holds & releases","Holds & fees","supported","2026-10-09"
"Hutchison Brisbane Container Terminals","","","Brisbane","AUBNE","Australia","Australia","AUBNEHPAFI","","feeType","Fee type","Holds & fees","supported","2026-10-09"
"Hutchison Brisbane Container Terminals","","","Brisbane","AUBNE","Australia","Australia","AUBNEHPAFI","","feeAmount","Fee amount","Holds & fees","supported","2026-10-09"
"Hutchison Brisbane Container Terminals","","","Brisbane","AUBNE","Australia","Australia","AUBNEHPAFI","","pickupAppointment","Pickup appointment","Gate & yard","supported","2026-10-09"
"Hutchison Brisbane Container Terminals","","","Brisbane","AUBNE","Australia","Australia","AUBNEHPAFI","","yardLocation","Yard location","Gate & yard","supported","2026-10-09"
"Hutchison Brisbane Container Terminals","","","Brisbane","AUBNE","Australia","Australia","AUBNEHPAFI","","vesselDischarged","Vessel discharged","Container milestones","supported","2026-10-09"
"Hutchison Brisbane Container Terminals","","","Brisbane","AUBNE","Australia","Australia","AUBNEHPAFI","","fullOut","Full out","Container milestones","supported","2026-10-09"
"Hutchison Brisbane Container Terminals","","","Brisbane","AUBNE","Australia","Australia","AUBNEHPAFI","","chassisNumber","Chassis number","Gate & yard","supported","2026-10-09"
"Hutchison Brisbane Container Terminals","","","Brisbane","AUBNE","Australia","Australia","AUBNEHPAFI","","onRail","On rail","Container milestones","supported","2026-10-09"
"Hutchison Brisbane Container Terminals","","","Brisbane","AUBNE","Australia","Australia","AUBNEHPAFI","","emptyReturned","Empty returned","Container milestones","supported","2026-10-09"
"DP World Fremantle","","","Fremantle","AUFRE","Australia","Australia","","","importMilestones","Import milestones","Container milestones","supported","2026-10-09"
"DP World Fremantle","","","Fremantle","AUFRE","Australia","Australia","","","availableForPickup","Available for pickup","Pickup & availability","unknown","2026-10-09"
"DP World Fremantle","","","Fremantle","AUFRE","Australia","Australia","","","lastFreeDay","Terminal LFD","Pickup & availability","unknown","2026-10-09"
"DP World Fremantle","","","Fremantle","AUFRE","Australia","Australia","","","holds","Holds & releases","Holds & fees","unknown","2026-10-09"
"DP World Fremantle","","","Fremantle","AUFRE","Australia","Australia","","","feeType","Fee type","Holds & fees","unknown","2026-10-09"
"DP World Fremantle","","","Fremantle","AUFRE","Australia","Australia","","","feeAmount","Fee amount","Holds & fees","unknown","2026-10-09"
"DP World Fremantle","","","Fremantle","AUFRE","Australia","Australia","","","pickupAppointment","Pickup appointment","Gate & yard","unknown","2026-10-09"
"DP World Fremantle","","","Fremantle","AUFRE","Australia","Australia","","","yardLocation","Yard location","Gate & yard","unknown","2026-10-09"
"DP World Fremantle","","","Fremantle","AUFRE","Australia","Australia","","","vesselDischarged","Vessel discharged","Container milestones","unknown","2026-10-09"
"DP World Fremantle","","","Fremantle","AUFRE","Australia","Australia","","","fullOut","Full out","Container milestones","unknown","2026-10-09"
"DP World Fremantle","","","Fremantle","AUFRE","Australia","Australia","","","chassisNumber","Chassis number","Gate & yard","unknown","2026-10-09"
"DP World Fremantle","","","Fremantle","AUFRE","Australia","Australia","","","onRail","On rail","Container milestones","unknown","2026-10-09"
"DP World Fremantle","","","Fremantle","AUFRE","Australia","Australia","","","emptyReturned","Empty returned","Container milestones","unknown","2026-10-09"
"Fremantle","","","Fremantle","AUFRE","Australia","Australia","AUFREASLFR","","importMilestones","Import milestones","Container milestones","supported","2026-10-09"
"Fremantle","","","Fremantle","AUFRE","Australia","Australia","AUFREASLFR","","availableForPickup","Available for pickup","Pickup & availability","unknown","2026-10-09"
"Fremantle","","","Fremantle","AUFRE","Australia","Australia","AUFREASLFR","","lastFreeDay","Terminal LFD","Pickup & availability","unknown","2026-10-09"
"Fremantle","","","Fremantle","AUFRE","Australia","Australia","AUFREASLFR","","holds","Holds & releases","Holds & fees","unknown","2026-10-09"
"Fremantle","","","Fremantle","AUFRE","Australia","Australia","AUFREASLFR","","feeType","Fee type","Holds & fees","unknown","2026-10-09"
"Fremantle","","","Fremantle","AUFRE","Australia","Australia","AUFREASLFR","","feeAmount","Fee amount","Holds & fees","unknown","2026-10-09"
"Fremantle","","","Fremantle","AUFRE","Australia","Australia","AUFREASLFR","","pickupAppointment","Pickup appointment","Gate & yard","unknown","2026-10-09"
"Fremantle","","","Fremantle","AUFRE","Australia","Australia","AUFREASLFR","","yardLocation","Yard location","Gate & yard","unknown","2026-10-09"
"Fremantle","","","Fremantle","AUFRE","Australia","Australia","AUFREASLFR","","vesselDischarged","Vessel discharged","Container milestones","unknown","2026-10-09"
"Fremantle","","","Fremantle","AUFRE","Australia","Australia","AUFREASLFR","","fullOut","Full out","Container milestones","unknown","2026-10-09"
"Fremantle","","","Fremantle","AUFRE","Australia","Australia","AUFREASLFR","","chassisNumber","Chassis number","Gate & yard","unknown","2026-10-09"
"Fremantle","","","Fremantle","AUFRE","Australia","Australia","AUFREASLFR","","onRail","On rail","Container milestones","unknown","2026-10-09"
"Fremantle","","","Fremantle","AUFRE","Australia","Australia","AUFREASLFR","","emptyReturned","Empty returned","Container milestones","unknown","2026-10-09"
"DP World West Swanson Dock","","","Melbourne","AUMEL","Australia","Australia","","","importMilestones","Import milestones","Container milestones","supported","2026-10-09"
"DP World West Swanson Dock","","","Melbourne","AUMEL","Australia","Australia","","","availableForPickup","Available for pickup","Pickup & availability","unsupported","2026-10-09"
"DP World West Swanson Dock","","","Melbourne","AUMEL","Australia","Australia","","","lastFreeDay","Terminal LFD","Pickup & availability","limited","2026-10-09"
"DP World West Swanson Dock","","","Melbourne","AUMEL","Australia","Australia","","","holds","Holds & releases","Holds & fees","supported","2026-10-09"
"DP World West Swanson Dock","","","Melbourne","AUMEL","Australia","Australia","","","feeType","Fee type","Holds & fees","supported","2026-10-09"
"DP World West Swanson Dock","","","Melbourne","AUMEL","Australia","Australia","","","feeAmount","Fee amount","Holds & fees","supported","2026-10-09"
"DP World West Swanson Dock","","","Melbourne","AUMEL","Australia","Australia","","","pickupAppointment","Pickup appointment","Gate & yard","supported","2026-10-09"
"DP World West Swanson Dock","","","Melbourne","AUMEL","Australia","Australia","","","yardLocation","Yard location","Gate & yard","unsupported","2026-10-09"
"DP World West Swanson Dock","","","Melbourne","AUMEL","Australia","Australia","","","vesselDischarged","Vessel discharged","Container milestones","limited","2026-10-09"
"DP World West Swanson Dock","","","Melbourne","AUMEL","Australia","Australia","","","fullOut","Full out","Container milestones","supported","2026-10-09"
"DP World West Swanson Dock","","","Melbourne","AUMEL","Australia","Australia","","","chassisNumber","Chassis number","Gate & yard","unsupported","2026-10-09"
"DP World West Swanson Dock","","","Melbourne","AUMEL","Australia","Australia","","","onRail","On rail","Container milestones","supported","2026-10-09"
"DP World West Swanson Dock","","","Melbourne","AUMEL","Australia","Australia","","","emptyReturned","Empty returned","Container milestones","unsupported","2026-10-09"
"East Swanson Dock","","","Melbourne","AUMEL","Australia","Australia","AUMELASES1","","importMilestones","Import milestones","Container milestones","supported","2026-10-09"
"East Swanson Dock","","","Melbourne","AUMEL","Australia","Australia","AUMELASES1","","availableForPickup","Available for pickup","Pickup & availability","unknown","2026-10-09"
"East Swanson Dock","","","Melbourne","AUMEL","Australia","Australia","AUMELASES1","","lastFreeDay","Terminal LFD","Pickup & availability","unknown","2026-10-09"
"East Swanson Dock","","","Melbourne","AUMEL","Australia","Australia","AUMELASES1","","holds","Holds & releases","Holds & fees","unknown","2026-10-09"
"East Swanson Dock","","","Melbourne","AUMEL","Australia","Australia","AUMELASES1","","feeType","Fee type","Holds & fees","unknown","2026-10-09"
"East Swanson Dock","","","Melbourne","AUMEL","Australia","Australia","AUMELASES1","","feeAmount","Fee amount","Holds & fees","unknown","2026-10-09"
"East Swanson Dock","","","Melbourne","AUMEL","Australia","Australia","AUMELASES1","","pickupAppointment","Pickup appointment","Gate & yard","unknown","2026-10-09"
"East Swanson Dock","","","Melbourne","AUMEL","Australia","Australia","AUMELASES1","","yardLocation","Yard location","Gate & yard","unknown","2026-10-09"
"East Swanson Dock","","","Melbourne","AUMEL","Australia","Australia","AUMELASES1","","vesselDischarged","Vessel discharged","Container milestones","unknown","2026-10-09"
"East Swanson Dock","","","Melbourne","AUMEL","Australia","Australia","AUMELASES1","","fullOut","Full out","Container milestones","unknown","2026-10-09"
"East Swanson Dock","","","Melbourne","AUMEL","Australia","Australia","AUMELASES1","","chassisNumber","Chassis number","Gate & yard","unknown","2026-10-09"
"East Swanson Dock","","","Melbourne","AUMEL","Australia","Australia","AUMELASES1","","onRail","On rail","Container milestones","unknown","2026-10-09"
"East Swanson Dock","","","Melbourne","AUMEL","Australia","Australia","AUMELASES1","","emptyReturned","Empty returned","Container milestones","unknown","2026-10-09"
"VICT Webb Dock East","","","Melbourne","AUMEL","Australia","Australia","AUMELVICTM","","importMilestones","Import milestones","Container milestones","supported","2026-10-09"
"VICT Webb Dock East","","","Melbourne","AUMEL","Australia","Australia","AUMELVICTM","","availableForPickup","Available for pickup","Pickup & availability","supported","2026-10-09"
"VICT Webb Dock East","","","Melbourne","AUMEL","Australia","Australia","AUMELVICTM","","lastFreeDay","Terminal LFD","Pickup & availability","supported","2026-10-09"
"VICT Webb Dock East","","","Melbourne","AUMEL","Australia","Australia","AUMELVICTM","","holds","Holds & releases","Holds & fees","supported","2026-10-09"
"VICT Webb Dock East","","","Melbourne","AUMEL","Australia","Australia","AUMELVICTM","","feeType","Fee type","Holds & fees","supported","2026-10-09"
"VICT Webb Dock East","","","Melbourne","AUMEL","Australia","Australia","AUMELVICTM","","feeAmount","Fee amount","Holds & fees","supported","2026-10-09"
"VICT Webb Dock East","","","Melbourne","AUMEL","Australia","Australia","AUMELVICTM","","pickupAppointment","Pickup appointment","Gate & yard","supported","2026-10-09"
"VICT Webb Dock East","","","Melbourne","AUMEL","Australia","Australia","AUMELVICTM","","yardLocation","Yard location","Gate & yard","unsupported","2026-10-09"
"VICT Webb Dock East","","","Melbourne","AUMEL","Australia","Australia","AUMELVICTM","","vesselDischarged","Vessel discharged","Container milestones","supported","2026-10-09"
"VICT Webb Dock East","","","Melbourne","AUMEL","Australia","Australia","AUMELVICTM","","fullOut","Full out","Container milestones","supported","2026-10-09"
"VICT Webb Dock East","","","Melbourne","AUMEL","Australia","Australia","AUMELVICTM","","chassisNumber","Chassis number","Gate & yard","unsupported","2026-10-09"
"VICT Webb Dock East","","","Melbourne","AUMEL","Australia","Australia","AUMELVICTM","","onRail","On rail","Container milestones","supported","2026-10-09"
"VICT Webb Dock East","","","Melbourne","AUMEL","Australia","Australia","AUMELVICTM","","emptyReturned","Empty returned","Container milestones","unsupported","2026-10-09"
"DP World Sydney","","","Sydney","AUSYD","Australia","Australia","","","importMilestones","Import milestones","Container milestones","supported","2026-10-09"
"DP World Sydney","","","Sydney","AUSYD","Australia","Australia","","","availableForPickup","Available for pickup","Pickup & availability","unknown","2026-10-09"
"DP World Sydney","","","Sydney","AUSYD","Australia","Australia","","","lastFreeDay","Terminal LFD","Pickup & availability","unknown","2026-10-09"
"DP World Sydney","","","Sydney","AUSYD","Australia","Australia","","","holds","Holds & releases","Holds & fees","unknown","2026-10-09"
"DP World Sydney","","","Sydney","AUSYD","Australia","Australia","","","feeType","Fee type","Holds & fees","unknown","2026-10-09"
"DP World Sydney","","","Sydney","AUSYD","Australia","Australia","","","feeAmount","Fee amount","Holds & fees","unknown","2026-10-09"
"DP World Sydney","","","Sydney","AUSYD","Australia","Australia","","","pickupAppointment","Pickup appointment","Gate & yard","unknown","2026-10-09"
"DP World Sydney","","","Sydney","AUSYD","Australia","Australia","","","yardLocation","Yard location","Gate & yard","unknown","2026-10-09"
"DP World Sydney","","","Sydney","AUSYD","Australia","Australia","","","vesselDischarged","Vessel discharged","Container milestones","unknown","2026-10-09"
"DP World Sydney","","","Sydney","AUSYD","Australia","Australia","","","fullOut","Full out","Container milestones","unknown","2026-10-09"
"DP World Sydney","","","Sydney","AUSYD","Australia","Australia","","","chassisNumber","Chassis number","Gate & yard","unknown","2026-10-09"
"DP World Sydney","","","Sydney","AUSYD","Australia","Australia","","","onRail","On rail","Container milestones","unknown","2026-10-09"
"DP World Sydney","","","Sydney","AUSYD","Australia","Australia","","","emptyReturned","Empty returned","Container milestones","unknown","2026-10-09"
"Hutchison Sydney International Container Terminal","","","Sydney","AUSYD","Australia","Australia","AUSYDHPAPB","","importMilestones","Import milestones","Container milestones","supported","2026-10-09"
"Hutchison Sydney International Container Terminal","","","Sydney","AUSYD","Australia","Australia","AUSYDHPAPB","","availableForPickup","Available for pickup","Pickup & availability","supported","2026-10-09"
"Hutchison Sydney International Container Terminal","","","Sydney","AUSYD","Australia","Australia","AUSYDHPAPB","","lastFreeDay","Terminal LFD","Pickup & availability","supported","2026-10-09"
"Hutchison Sydney International Container Terminal","","","Sydney","AUSYD","Australia","Australia","AUSYDHPAPB","","holds","Holds & releases","Holds & fees","limited","2026-10-09"
"Hutchison Sydney International Container Terminal","","","Sydney","AUSYD","Australia","Australia","AUSYDHPAPB","","feeType","Fee type","Holds & fees","supported","2026-10-09"
"Hutchison Sydney International Container Terminal","","","Sydney","AUSYD","Australia","Australia","AUSYDHPAPB","","feeAmount","Fee amount","Holds & fees","supported","2026-10-09"
"Hutchison Sydney International Container Terminal","","","Sydney","AUSYD","Australia","Australia","AUSYDHPAPB","","pickupAppointment","Pickup appointment","Gate & yard","supported","2026-10-09"
"Hutchison Sydney International Container Terminal","","","Sydney","AUSYD","Australia","Australia","AUSYDHPAPB","","yardLocation","Yard location","Gate & yard","supported","2026-10-09"
"Hutchison Sydney International Container Terminal","","","Sydney","AUSYD","Australia","Australia","AUSYDHPAPB","","vesselDischarged","Vessel discharged","Container milestones","supported","2026-10-09"
"Hutchison Sydney International Container Terminal","","","Sydney","AUSYD","Australia","Australia","AUSYDHPAPB","","fullOut","Full out","Container milestones","supported","2026-10-09"
"Hutchison Sydney International Container Terminal","","","Sydney","AUSYD","Australia","Australia","AUSYDHPAPB","","chassisNumber","Chassis number","Gate & yard","supported","2026-10-09"
"Hutchison Sydney International Container Terminal","","","Sydney","AUSYD","Australia","Australia","AUSYDHPAPB","","onRail","On rail","Container milestones","supported","2026-10-09"
"Hutchison Sydney International Container Terminal","","","Sydney","AUSYD","Australia","Australia","AUSYDHPAPB","","emptyReturned","Empty returned","Container milestones","supported","2026-10-09"
"Sydney Autostrad","","","Sydney","AUSYD","Australia","Australia","AUSYDASLPB","","importMilestones","Import milestones","Container milestones","supported","2026-10-09"
"Sydney Autostrad","","","Sydney","AUSYD","Australia","Australia","AUSYDASLPB","","availableForPickup","Available for pickup","Pickup & availability","limited","2026-10-09"
"Sydney Autostrad","","","Sydney","AUSYD","Australia","Australia","AUSYDASLPB","","lastFreeDay","Terminal LFD","Pickup & availability","unsupported","2026-10-09"
"Sydney Autostrad","","","Sydney","AUSYD","Australia","Australia","AUSYDASLPB","","holds","Holds & releases","Holds & fees","supported","2026-10-09"
"Sydney Autostrad","","","Sydney","AUSYD","Australia","Australia","AUSYDASLPB","","feeType","Fee type","Holds & fees","supported","2026-10-09"
"Sydney Autostrad","","","Sydney","AUSYD","Australia","Australia","AUSYDASLPB","","feeAmount","Fee amount","Holds & fees","supported","2026-10-09"
"Sydney Autostrad","","","Sydney","AUSYD","Australia","Australia","AUSYDASLPB","","pickupAppointment","Pickup appointment","Gate & yard","supported","2026-10-09"
"Sydney Autostrad","","","Sydney","AUSYD","Australia","Australia","AUSYDASLPB","","yardLocation","Yard location","Gate & yard","unsupported","2026-10-09"
"Sydney Autostrad","","","Sydney","AUSYD","Australia","Australia","AUSYDASLPB","","vesselDischarged","Vessel discharged","Container milestones","unsupported","2026-10-09"
"Sydney Autostrad","","","Sydney","AUSYD","Australia","Australia","AUSYDASLPB","","fullOut","Full out","Container milestones","supported","2026-10-09"
"Sydney Autostrad","","","Sydney","AUSYD","Australia","Australia","AUSYDASLPB","","chassisNumber","Chassis number","Gate & yard","unsupported","2026-10-09"
"Sydney Autostrad","","","Sydney","AUSYD","Australia","Australia","AUSYDASLPB","","onRail","On rail","Container milestones","supported","2026-10-09"
"Sydney Autostrad","","","Sydney","AUSYD","Australia","Australia","AUSYDASLPB","","emptyReturned","Empty returned","Container milestones","unsupported","2026-10-09"
"Chittagong Port","","","Chittagong","BDCGP","Bangladesh","Asia","BDCGPCPA","","importMilestones","Import milestones","Container milestones","supported","2026-10-09"
"Chittagong Port","","","Chittagong","BDCGP","Bangladesh","Asia","BDCGPCPA","","availableForPickup","Available for pickup","Pickup & availability","unsupported","2026-10-09"
"Chittagong Port","","","Chittagong","BDCGP","Bangladesh","Asia","BDCGPCPA","","lastFreeDay","Terminal LFD","Pickup & availability","unsupported","2026-10-09"
"Chittagong Port","","","Chittagong","BDCGP","Bangladesh","Asia","BDCGPCPA","","holds","Holds & releases","Holds & fees","supported","2026-10-09"
"Chittagong Port","","","Chittagong","BDCGP","Bangladesh","Asia","BDCGPCPA","","feeType","Fee type","Holds & fees","supported","2026-10-09"
"Chittagong Port","","","Chittagong","BDCGP","Bangladesh","Asia","BDCGPCPA","","feeAmount","Fee amount","Holds & fees","supported","2026-10-09"
"Chittagong Port","","","Chittagong","BDCGP","Bangladesh","Asia","BDCGPCPA","","pickupAppointment","Pickup appointment","Gate & yard","unsupported","2026-10-09"
"Chittagong Port","","","Chittagong","BDCGP","Bangladesh","Asia","BDCGPCPA","","yardLocation","Yard location","Gate & yard","supported","2026-10-09"
"Chittagong Port","","","Chittagong","BDCGP","Bangladesh","Asia","BDCGPCPA","","vesselDischarged","Vessel discharged","Container milestones","unsupported","2026-10-09"
"Chittagong Port","","","Chittagong","BDCGP","Bangladesh","Asia","BDCGPCPA","","fullOut","Full out","Container milestones","unsupported","2026-10-09"
"Chittagong Port","","","Chittagong","BDCGP","Bangladesh","Asia","BDCGPCPA","","chassisNumber","Chassis number","Gate & yard","unsupported","2026-10-09"
"Chittagong Port","","","Chittagong","BDCGP","Bangladesh","Asia","BDCGPCPA","","onRail","On rail","Container milestones","supported","2026-10-09"
"Chittagong Port","","","Chittagong","BDCGP","Bangladesh","Asia","BDCGPCPA","","emptyReturned","Empty returned","Container milestones","supported","2026-10-09"
"APM Terminals Pecem","","","Pecem","BRPEC","Brazil","Latin America","BRPECBRAPEC","","importMilestones","Import milestones","Container milestones","supported","2026-10-09"
"APM Terminals Pecem","","","Pecem","BRPEC","Brazil","Latin America","BRPECBRAPEC","","availableForPickup","Available for pickup","Pickup & availability","supported","2026-10-09"
"APM Terminals Pecem","","","Pecem","BRPEC","Brazil","Latin America","BRPECBRAPEC","","lastFreeDay","Terminal LFD","Pickup & availability","supported","2026-10-09"
"APM Terminals Pecem","","","Pecem","BRPEC","Brazil","Latin America","BRPECBRAPEC","","holds","Holds & releases","Holds & fees","supported","2026-10-09"
"APM Terminals Pecem","","","Pecem","BRPEC","Brazil","Latin America","BRPECBRAPEC","","feeType","Fee type","Holds & fees","supported","2026-10-09"
"APM Terminals Pecem","","","Pecem","BRPEC","Brazil","Latin America","BRPECBRAPEC","","feeAmount","Fee amount","Holds & fees","supported","2026-10-09"
"APM Terminals Pecem","","","Pecem","BRPEC","Brazil","Latin America","BRPECBRAPEC","","pickupAppointment","Pickup appointment","Gate & yard","supported","2026-10-09"
"APM Terminals Pecem","","","Pecem","BRPEC","Brazil","Latin America","BRPECBRAPEC","","yardLocation","Yard location","Gate & yard","supported","2026-10-09"
"APM Terminals Pecem","","","Pecem","BRPEC","Brazil","Latin America","BRPECBRAPEC","","vesselDischarged","Vessel discharged","Container milestones","supported","2026-10-09"
"APM Terminals Pecem","","","Pecem","BRPEC","Brazil","Latin America","BRPECBRAPEC","","fullOut","Full out","Container milestones","supported","2026-10-09"
"APM Terminals Pecem","","","Pecem","BRPEC","Brazil","Latin America","BRPECBRAPEC","","chassisNumber","Chassis number","Gate & yard","supported","2026-10-09"
"APM Terminals Pecem","","","Pecem","BRPEC","Brazil","Latin America","BRPECBRAPEC","","onRail","On rail","Container milestones","supported","2026-10-09"
"APM Terminals Pecem","","","Pecem","BRPEC","Brazil","Latin America","BRPECBRAPEC","","emptyReturned","Empty returned","Container milestones","supported","2026-10-09"
"South End Container Terminal","","","Halifax","CAHAL","Canada","Canada","2036","","importMilestones","Import milestones","Container milestones","supported","2026-10-09"
"South End Container Terminal","","","Halifax","CAHAL","Canada","Canada","2036","","availableForPickup","Available for pickup","Pickup & availability","supported","2026-10-09"
"South End Container Terminal","","","Halifax","CAHAL","Canada","Canada","2036","","lastFreeDay","Terminal LFD","Pickup & availability","supported","2026-10-09"
"South End Container Terminal","","","Halifax","CAHAL","Canada","Canada","2036","","holds","Holds & releases","Holds & fees","supported","2026-10-09"
"South End Container Terminal","","","Halifax","CAHAL","Canada","Canada","2036","","feeType","Fee type","Holds & fees","supported","2026-10-09"
"South End Container Terminal","","","Halifax","CAHAL","Canada","Canada","2036","","feeAmount","Fee amount","Holds & fees","supported","2026-10-09"
"South End Container Terminal","","","Halifax","CAHAL","Canada","Canada","2036","","pickupAppointment","Pickup appointment","Gate & yard","supported","2026-10-09"
"South End Container Terminal","","","Halifax","CAHAL","Canada","Canada","2036","","yardLocation","Yard location","Gate & yard","supported","2026-10-09"
"South End Container Terminal","","","Halifax","CAHAL","Canada","Canada","2036","","vesselDischarged","Vessel discharged","Container milestones","supported","2026-10-09"
"South End Container Terminal","","","Halifax","CAHAL","Canada","Canada","2036","","fullOut","Full out","Container milestones","supported","2026-10-09"
"South End Container Terminal","","","Halifax","CAHAL","Canada","Canada","2036","","chassisNumber","Chassis number","Gate & yard","supported","2026-10-09"
"South End Container Terminal","","","Halifax","CAHAL","Canada","Canada","2036","","onRail","On rail","Container milestones","supported","2026-10-09"
"South End Container Terminal","","","Halifax","CAHAL","Canada","Canada","2036","","emptyReturned","Empty returned","Container milestones","supported","2026-10-09"
"Maisonneuve - Section 68","","","Montreal","CAMTR","Canada","Canada","2619","","importMilestones","Import milestones","Container milestones","supported","2026-10-09"
"Maisonneuve - Section 68","","","Montreal","CAMTR","Canada","Canada","2619","","availableForPickup","Available for pickup","Pickup & availability","supported","2026-10-09"
"Maisonneuve - Section 68","","","Montreal","CAMTR","Canada","Canada","2619","","lastFreeDay","Terminal LFD","Pickup & availability","limited","2026-10-09"
"Maisonneuve - Section 68","","","Montreal","CAMTR","Canada","Canada","2619","","holds","Holds & releases","Holds & fees","limited","2026-10-09"
"Maisonneuve - Section 68","","","Montreal","CAMTR","Canada","Canada","2619","","feeType","Fee type","Holds & fees","supported","2026-10-09"
"Maisonneuve - Section 68","","","Montreal","CAMTR","Canada","Canada","2619","","feeAmount","Fee amount","Holds & fees","supported","2026-10-09"
"Maisonneuve - Section 68","","","Montreal","CAMTR","Canada","Canada","2619","","pickupAppointment","Pickup appointment","Gate & yard","unsupported","2026-10-09"
"Maisonneuve - Section 68","","","Montreal","CAMTR","Canada","Canada","2619","","yardLocation","Yard location","Gate & yard","supported","2026-10-09"
"Maisonneuve - Section 68","","","Montreal","CAMTR","Canada","Canada","2619","","vesselDischarged","Vessel discharged","Container milestones","limited","2026-10-09"
"Maisonneuve - Section 68","","","Montreal","CAMTR","Canada","Canada","2619","","fullOut","Full out","Container milestones","supported","2026-10-09"
"Maisonneuve - Section 68","","","Montreal","CAMTR","Canada","Canada","2619","","chassisNumber","Chassis number","Gate & yard","unsupported","2026-10-09"
"Maisonneuve - Section 68","","","Montreal","CAMTR","Canada","Canada","2619","","onRail","On rail","Container milestones","supported","2026-10-09"
"Maisonneuve - Section 68","","","Montreal","CAMTR","Canada","Canada","2619","","emptyReturned","Empty returned","Container milestones","unsupported","2026-10-09"
"MGTP Cast - Section 77","","","Montreal","CAMTR","Canada","Canada","2425","","importMilestones","Import milestones","Container milestones","supported","2026-10-09"
"MGTP Cast - Section 77","","","Montreal","CAMTR","Canada","Canada","2425","","availableForPickup","Available for pickup","Pickup & availability","supported","2026-10-09"
"MGTP Cast - Section 77","","","Montreal","CAMTR","Canada","Canada","2425","","lastFreeDay","Terminal LFD","Pickup & availability","supported","2026-10-09"
"MGTP Cast - Section 77","","","Montreal","CAMTR","Canada","Canada","2425","","holds","Holds & releases","Holds & fees","supported","2026-10-09"
"MGTP Cast - Section 77","","","Montreal","CAMTR","Canada","Canada","2425","","feeType","Fee type","Holds & fees","supported","2026-10-09"
"MGTP Cast - Section 77","","","Montreal","CAMTR","Canada","Canada","2425","","feeAmount","Fee amount","Holds & fees","supported","2026-10-09"
"MGTP Cast - Section 77","","","Montreal","CAMTR","Canada","Canada","2425","","pickupAppointment","Pickup appointment","Gate & yard","unsupported","2026-10-09"
"MGTP Cast - Section 77","","","Montreal","CAMTR","Canada","Canada","2425","","yardLocation","Yard location","Gate & yard","supported","2026-10-09"
"MGTP Cast - Section 77","","","Montreal","CAMTR","Canada","Canada","2425","","vesselDischarged","Vessel discharged","Container milestones","supported","2026-10-09"
"MGTP Cast - Section 77","","","Montreal","CAMTR","Canada","Canada","2425","","fullOut","Full out","Container milestones","supported","2026-10-09"
"MGTP Cast - Section 77","","","Montreal","CAMTR","Canada","Canada","2425","","chassisNumber","Chassis number","Gate & yard","unsupported","2026-10-09"
"MGTP Cast - Section 77","","","Montreal","CAMTR","Canada","Canada","2425","","onRail","On rail","Container milestones","supported","2026-10-09"
"MGTP Cast - Section 77","","","Montreal","CAMTR","Canada","Canada","2425","","emptyReturned","Empty returned","Container milestones","unsupported","2026-10-09"
"MGTP Racine - Section 66","","","Montreal","CAMTR","Canada","Canada","2591","","importMilestones","Import milestones","Container milestones","supported","2026-10-09"
"MGTP Racine - Section 66","","","Montreal","CAMTR","Canada","Canada","2591","","availableForPickup","Available for pickup","Pickup & availability","supported","2026-10-09"
"MGTP Racine - Section 66","","","Montreal","CAMTR","Canada","Canada","2591","","lastFreeDay","Terminal LFD","Pickup & availability","supported","2026-10-09"
"MGTP Racine - Section 66","","","Montreal","CAMTR","Canada","Canada","2591","","holds","Holds & releases","Holds & fees","supported","2026-10-09"
"MGTP Racine - Section 66","","","Montreal","CAMTR","Canada","Canada","2591","","feeType","Fee type","Holds & fees","supported","2026-10-09"
"MGTP Racine - Section 66","","","Montreal","CAMTR","Canada","Canada","2591","","feeAmount","Fee amount","Holds & fees","supported","2026-10-09"
"MGTP Racine - Section 66","","","Montreal","CAMTR","Canada","Canada","2591","","pickupAppointment","Pickup appointment","Gate & yard","unsupported","2026-10-09"
"MGTP Racine - Section 66","","","Montreal","CAMTR","Canada","Canada","2591","","yardLocation","Yard location","Gate & yard","supported","2026-10-09"
"MGTP Racine - Section 66","","","Montreal","CAMTR","Canada","Canada","2591","","vesselDischarged","Vessel discharged","Container milestones","supported","2026-10-09"
"MGTP Racine - Section 66","","","Montreal","CAMTR","Canada","Canada","2591","","fullOut","Full out","Container milestones","supported","2026-10-09"
"MGTP Racine - Section 66","","","Montreal","CAMTR","Canada","Canada","2591","","chassisNumber","Chassis number","Gate & yard","unsupported","2026-10-09"
"MGTP Racine - Section 66","","","Montreal","CAMTR","Canada","Canada","2591","","onRail","On rail","Container milestones","supported","2026-10-09"
"MGTP Racine - Section 66","","","Montreal","CAMTR","Canada","Canada","2591","","emptyReturned","Empty returned","Container milestones","unsupported","2026-10-09"
"Viau - Section 52","","","Montreal","CAMTR","Canada","Canada","5540","","importMilestones","Import milestones","Container milestones","supported","2026-10-09"
"Viau - Section 52","","","Montreal","CAMTR","Canada","Canada","5540","","availableForPickup","Available for pickup","Pickup & availability","supported","2026-10-09"
"Viau - Section 52","","","Montreal","CAMTR","Canada","Canada","5540","","lastFreeDay","Terminal LFD","Pickup & availability","unsupported","2026-10-09"
"Viau - Section 52","","","Montreal","CAMTR","Canada","Canada","5540","","holds","Holds & releases","Holds & fees","supported","2026-10-09"
"Viau - Section 52","","","Montreal","CAMTR","Canada","Canada","5540","","feeType","Fee type","Holds & fees","supported","2026-10-09"
"Viau - Section 52","","","Montreal","CAMTR","Canada","Canada","5540","","feeAmount","Fee amount","Holds & fees","supported","2026-10-09"
"Viau - Section 52","","","Montreal","CAMTR","Canada","Canada","5540","","pickupAppointment","Pickup appointment","Gate & yard","supported","2026-10-09"
"Viau - Section 52","","","Montreal","CAMTR","Canada","Canada","5540","","yardLocation","Yard location","Gate & yard","supported","2026-10-09"
"Viau - Section 52","","","Montreal","CAMTR","Canada","Canada","5540","","vesselDischarged","Vessel discharged","Container milestones","limited","2026-10-09"
"Viau - Section 52","","","Montreal","CAMTR","Canada","Canada","5540","","fullOut","Full out","Container milestones","supported","2026-10-09"
"Viau - Section 52","","","Montreal","CAMTR","Canada","Canada","5540","","chassisNumber","Chassis number","Gate & yard","unsupported","2026-10-09"
"Viau - Section 52","","","Montreal","CAMTR","Canada","Canada","5540","","onRail","On rail","Container milestones","supported","2026-10-09"
"Viau - Section 52","","","Montreal","CAMTR","Canada","Canada","5540","","emptyReturned","Empty returned","Container milestones","unsupported","2026-10-09"
"Prince Rupert Container Terminal","","","Prince Rupert","CAPRR","Canada","Canada","5086","","importMilestones","Import milestones","Container milestones","supported","2026-10-09"
"Prince Rupert Container Terminal","","","Prince Rupert","CAPRR","Canada","Canada","5086","","availableForPickup","Available for pickup","Pickup & availability","supported","2026-10-09"
"Prince Rupert Container Terminal","","","Prince Rupert","CAPRR","Canada","Canada","5086","","lastFreeDay","Terminal LFD","Pickup & availability","supported","2026-10-09"
"Prince Rupert Container Terminal","","","Prince Rupert","CAPRR","Canada","Canada","5086","","holds","Holds & releases","Holds & fees","supported","2026-10-09"
"Prince Rupert Container Terminal","","","Prince Rupert","CAPRR","Canada","Canada","5086","","feeType","Fee type","Holds & fees","supported","2026-10-09"
"Prince Rupert Container Terminal","","","Prince Rupert","CAPRR","Canada","Canada","5086","","feeAmount","Fee amount","Holds & fees","supported","2026-10-09"
"Prince Rupert Container Terminal","","","Prince Rupert","CAPRR","Canada","Canada","5086","","pickupAppointment","Pickup appointment","Gate & yard","supported","2026-10-09"
"Prince Rupert Container Terminal","","","Prince Rupert","CAPRR","Canada","Canada","5086","","yardLocation","Yard location","Gate & yard","unsupported","2026-10-09"
"Prince Rupert Container Terminal","","","Prince Rupert","CAPRR","Canada","Canada","5086","","vesselDischarged","Vessel discharged","Container milestones","supported","2026-10-09"
"Prince Rupert Container Terminal","","","Prince Rupert","CAPRR","Canada","Canada","5086","","fullOut","Full out","Container milestones","supported","2026-10-09"
"Prince Rupert Container Terminal","","","Prince Rupert","CAPRR","Canada","Canada","5086","","chassisNumber","Chassis number","Gate & yard","unsupported","2026-10-09"
"Prince Rupert Container Terminal","","","Prince Rupert","CAPRR","Canada","Canada","5086","","onRail","On rail","Container milestones","limited","2026-10-09"
"Prince Rupert Container Terminal","","","Prince Rupert","CAPRR","Canada","Canada","5086","","emptyReturned","Empty returned","Container milestones","unsupported","2026-10-09"
"DP World Centerm","","","Vancouver","CAVAN","Canada","Canada","3380","","importMilestones","Import milestones","Container milestones","supported","2026-10-09"
"DP World Centerm","","","Vancouver","CAVAN","Canada","Canada","3380","","availableForPickup","Available for pickup","Pickup & availability","supported","2026-10-09"
"DP World Centerm","","","Vancouver","CAVAN","Canada","Canada","3380","","lastFreeDay","Terminal LFD","Pickup & availability","supported","2026-10-09"
"DP World Centerm","","","Vancouver","CAVAN","Canada","Canada","3380","","holds","Holds & releases","Holds & fees","supported","2026-10-09"
"DP World Centerm","","","Vancouver","CAVAN","Canada","Canada","3380","","feeType","Fee type","Holds & fees","supported","2026-10-09"
"DP World Centerm","","","Vancouver","CAVAN","Canada","Canada","3380","","feeAmount","Fee amount","Holds & fees","supported","2026-10-09"
"DP World Centerm","","","Vancouver","CAVAN","Canada","Canada","3380","","pickupAppointment","Pickup appointment","Gate & yard","unsupported","2026-10-09"
"DP World Centerm","","","Vancouver","CAVAN","Canada","Canada","3380","","yardLocation","Yard location","Gate & yard","unsupported","2026-10-09"
"DP World Centerm","","","Vancouver","CAVAN","Canada","Canada","3380","","vesselDischarged","Vessel discharged","Container milestones","supported","2026-10-09"
"DP World Centerm","","","Vancouver","CAVAN","Canada","Canada","3380","","fullOut","Full out","Container milestones","supported","2026-10-09"
"DP World Centerm","","","Vancouver","CAVAN","Canada","Canada","3380","","chassisNumber","Chassis number","Gate & yard","unsupported","2026-10-09"
"DP World Centerm","","","Vancouver","CAVAN","Canada","Canada","3380","","onRail","On rail","Container milestones","supported","2026-10-09"
"DP World Centerm","","","Vancouver","CAVAN","Canada","Canada","3380","","emptyReturned","Empty returned","Container milestones","unsupported","2026-10-09"
"GCT Deltaport","","","Vancouver","CAVAN","Canada","Canada","3891","","importMilestones","Import milestones","Container milestones","supported","2026-10-09"
"GCT Deltaport","","","Vancouver","CAVAN","Canada","Canada","3891","","availableForPickup","Available for pickup","Pickup & availability","limited","2026-10-09"
"GCT Deltaport","","","Vancouver","CAVAN","Canada","Canada","3891","","lastFreeDay","Terminal LFD","Pickup & availability","limited","2026-10-09"
"GCT Deltaport","","","Vancouver","CAVAN","Canada","Canada","3891","","holds","Holds & releases","Holds & fees","supported","2026-10-09"
"GCT Deltaport","","","Vancouver","CAVAN","Canada","Canada","3891","","feeType","Fee type","Holds & fees","supported","2026-10-09"
"GCT Deltaport","","","Vancouver","CAVAN","Canada","Canada","3891","","feeAmount","Fee amount","Holds & fees","supported","2026-10-09"
"GCT Deltaport","","","Vancouver","CAVAN","Canada","Canada","3891","","pickupAppointment","Pickup appointment","Gate & yard","unsupported","2026-10-09"
"GCT Deltaport","","","Vancouver","CAVAN","Canada","Canada","3891","","yardLocation","Yard location","Gate & yard","supported","2026-10-09"
"GCT Deltaport","","","Vancouver","CAVAN","Canada","Canada","3891","","vesselDischarged","Vessel discharged","Container milestones","supported","2026-10-09"
"GCT Deltaport","","","Vancouver","CAVAN","Canada","Canada","3891","","fullOut","Full out","Container milestones","supported","2026-10-09"
"GCT Deltaport","","","Vancouver","CAVAN","Canada","Canada","3891","","chassisNumber","Chassis number","Gate & yard","unsupported","2026-10-09"
"GCT Deltaport","","","Vancouver","CAVAN","Canada","Canada","3891","","onRail","On rail","Container milestones","supported","2026-10-09"
"GCT Deltaport","","","Vancouver","CAVAN","Canada","Canada","3891","","emptyReturned","Empty returned","Container milestones","unsupported","2026-10-09"
"GCT Vanterm","","","Vancouver","CAVAN","Canada","Canada","3395","","importMilestones","Import milestones","Container milestones","supported","2026-10-09"
"GCT Vanterm","","","Vancouver","CAVAN","Canada","Canada","3395","","availableForPickup","Available for pickup","Pickup & availability","supported","2026-10-09"
"GCT Vanterm","","","Vancouver","CAVAN","Canada","Canada","3395","","lastFreeDay","Terminal LFD","Pickup & availability","limited","2026-10-09"
"GCT Vanterm","","","Vancouver","CAVAN","Canada","Canada","3395","","holds","Holds & releases","Holds & fees","supported","2026-10-09"
"GCT Vanterm","","","Vancouver","CAVAN","Canada","Canada","3395","","feeType","Fee type","Holds & fees","supported","2026-10-09"
"GCT Vanterm","","","Vancouver","CAVAN","Canada","Canada","3395","","feeAmount","Fee amount","Holds & fees","supported","2026-10-09"
"GCT Vanterm","","","Vancouver","CAVAN","Canada","Canada","3395","","pickupAppointment","Pickup appointment","Gate & yard","unsupported","2026-10-09"
"GCT Vanterm","","","Vancouver","CAVAN","Canada","Canada","3395","","yardLocation","Yard location","Gate & yard","supported","2026-10-09"
"GCT Vanterm","","","Vancouver","CAVAN","Canada","Canada","3395","","vesselDischarged","Vessel discharged","Container milestones","supported","2026-10-09"
"GCT Vanterm","","","Vancouver","CAVAN","Canada","Canada","3395","","fullOut","Full out","Container milestones","supported","2026-10-09"
"GCT Vanterm","","","Vancouver","CAVAN","Canada","Canada","3395","","chassisNumber","Chassis number","Gate & yard","unsupported","2026-10-09"
"GCT Vanterm","","","Vancouver","CAVAN","Canada","Canada","3395","","onRail","On rail","Container milestones","supported","2026-10-09"
"GCT Vanterm","","","Vancouver","CAVAN","Canada","Canada","3395","","emptyReturned","Empty returned","Container milestones","unsupported","2026-10-09"
"STI San Antonio","","","San Antonio","CLSAI","Chile","Latin America","CLSAISTI","","importMilestones","Import milestones","Container milestones","supported","2026-10-09"
"STI San Antonio","","","San Antonio","CLSAI","Chile","Latin America","CLSAISTI","","availableForPickup","Available for pickup","Pickup & availability","supported","2026-10-09"
"STI San Antonio","","","San Antonio","CLSAI","Chile","Latin America","CLSAISTI","","lastFreeDay","Terminal LFD","Pickup & availability","unsupported","2026-10-09"
"STI San Antonio","","","San Antonio","CLSAI","Chile","Latin America","CLSAISTI","","holds","Holds & releases","Holds & fees","supported","2026-10-09"
"STI San Antonio","","","San Antonio","CLSAI","Chile","Latin America","CLSAISTI","","feeType","Fee type","Holds & fees","supported","2026-10-09"
"STI San Antonio","","","San Antonio","CLSAI","Chile","Latin America","CLSAISTI","","feeAmount","Fee amount","Holds & fees","supported","2026-10-09"
"STI San Antonio","","","San Antonio","CLSAI","Chile","Latin America","CLSAISTI","","pickupAppointment","Pickup appointment","Gate & yard","supported","2026-10-09"
"STI San Antonio","","","San Antonio","CLSAI","Chile","Latin America","CLSAISTI","","yardLocation","Yard location","Gate & yard","unsupported","2026-10-09"
"STI San Antonio","","","San Antonio","CLSAI","Chile","Latin America","CLSAISTI","","vesselDischarged","Vessel discharged","Container milestones","unsupported","2026-10-09"
"STI San Antonio","","","San Antonio","CLSAI","Chile","Latin America","CLSAISTI","","fullOut","Full out","Container milestones","supported","2026-10-09"
"STI San Antonio","","","San Antonio","CLSAI","Chile","Latin America","CLSAISTI","","chassisNumber","Chassis number","Gate & yard","unsupported","2026-10-09"
"STI San Antonio","","","San Antonio","CLSAI","Chile","Latin America","CLSAISTI","","onRail","On rail","Container milestones","supported","2026-10-09"
"STI San Antonio","","","San Antonio","CLSAI","Chile","Latin America","CLSAISTI","","emptyReturned","Empty returned","Container milestones","unsupported","2026-10-09"
"Haina International Terminals","","","Rio Haina","DOHAI","Dominican Republic","Latin America","DOHAIHIT","","importMilestones","Import milestones","Container milestones","supported","2026-10-09"
"Haina International Terminals","","","Rio Haina","DOHAI","Dominican Republic","Latin America","DOHAIHIT","","availableForPickup","Available for pickup","Pickup & availability","supported","2026-10-09"
"Haina International Terminals","","","Rio Haina","DOHAI","Dominican Republic","Latin America","DOHAIHIT","","lastFreeDay","Terminal LFD","Pickup & availability","supported","2026-10-09"
"Haina International Terminals","","","Rio Haina","DOHAI","Dominican Republic","Latin America","DOHAIHIT","","holds","Holds & releases","Holds & fees","supported","2026-10-09"
"Haina International Terminals","","","Rio Haina","DOHAI","Dominican Republic","Latin America","DOHAIHIT","","feeType","Fee type","Holds & fees","supported","2026-10-09"
"Haina International Terminals","","","Rio Haina","DOHAI","Dominican Republic","Latin America","DOHAIHIT","","feeAmount","Fee amount","Holds & fees","supported","2026-10-09"
"Haina International Terminals","","","Rio Haina","DOHAI","Dominican Republic","Latin America","DOHAIHIT","","pickupAppointment","Pickup appointment","Gate & yard","supported","2026-10-09"
"Haina International Terminals","","","Rio Haina","DOHAI","Dominican Republic","Latin America","DOHAIHIT","","yardLocation","Yard location","Gate & yard","supported","2026-10-09"
"Haina International Terminals","","","Rio Haina","DOHAI","Dominican Republic","Latin America","DOHAIHIT","","vesselDischarged","Vessel discharged","Container milestones","supported","2026-10-09"
"Haina International Terminals","","","Rio Haina","DOHAI","Dominican Republic","Latin America","DOHAIHIT","","fullOut","Full out","Container milestones","supported","2026-10-09"
"Haina International Terminals","","","Rio Haina","DOHAI","Dominican Republic","Latin America","DOHAIHIT","","chassisNumber","Chassis number","Gate & yard","supported","2026-10-09"
"Haina International Terminals","","","Rio Haina","DOHAI","Dominican Republic","Latin America","DOHAIHIT","","onRail","On rail","Container milestones","supported","2026-10-09"
"Haina International Terminals","","","Rio Haina","DOHAI","Dominican Republic","Latin America","DOHAIHIT","","emptyReturned","Empty returned","Container milestones","supported","2026-10-09"
"Contecon Guayaquil","","","Guayaquil","ECGYE","Ecuador","Latin America","ECGYECONTE","","importMilestones","Import milestones","Container milestones","supported","2026-10-09"
"Contecon Guayaquil","","","Guayaquil","ECGYE","Ecuador","Latin America","ECGYECONTE","","availableForPickup","Available for pickup","Pickup & availability","unsupported","2026-10-09"
"Contecon Guayaquil","","","Guayaquil","ECGYE","Ecuador","Latin America","ECGYECONTE","","lastFreeDay","Terminal LFD","Pickup & availability","supported","2026-10-09"
"Contecon Guayaquil","","","Guayaquil","ECGYE","Ecuador","Latin America","ECGYECONTE","","holds","Holds & releases","Holds & fees","supported","2026-10-09"
"Contecon Guayaquil","","","Guayaquil","ECGYE","Ecuador","Latin America","ECGYECONTE","","feeType","Fee type","Holds & fees","supported","2026-10-09"
"Contecon Guayaquil","","","Guayaquil","ECGYE","Ecuador","Latin America","ECGYECONTE","","feeAmount","Fee amount","Holds & fees","supported","2026-10-09"
"Contecon Guayaquil","","","Guayaquil","ECGYE","Ecuador","Latin America","ECGYECONTE","","pickupAppointment","Pickup appointment","Gate & yard","unsupported","2026-10-09"
"Contecon Guayaquil","","","Guayaquil","ECGYE","Ecuador","Latin America","ECGYECONTE","","yardLocation","Yard location","Gate & yard","unsupported","2026-10-09"
"Contecon Guayaquil","","","Guayaquil","ECGYE","Ecuador","Latin America","ECGYECONTE","","vesselDischarged","Vessel discharged","Container milestones","supported","2026-10-09"
"Contecon Guayaquil","","","Guayaquil","ECGYE","Ecuador","Latin America","ECGYECONTE","","fullOut","Full out","Container milestones","unsupported","2026-10-09"
"Contecon Guayaquil","","","Guayaquil","ECGYE","Ecuador","Latin America","ECGYECONTE","","chassisNumber","Chassis number","Gate & yard","unsupported","2026-10-09"
"Contecon Guayaquil","","","Guayaquil","ECGYE","Ecuador","Latin America","ECGYECONTE","","onRail","On rail","Container milestones","supported","2026-10-09"
"Contecon Guayaquil","","","Guayaquil","ECGYE","Ecuador","Latin America","ECGYECONTE","","emptyReturned","Empty returned","Container milestones","unsupported","2026-10-09"
"Suez Canal Container Terminal","","","Port Said","EGPSD","Egypt","Middle East","EGPSDSCCT","","importMilestones","Import milestones","Container milestones","supported","2026-10-09"
"Suez Canal Container Terminal","","","Port Said","EGPSD","Egypt","Middle East","EGPSDSCCT","","availableForPickup","Available for pickup","Pickup & availability","unknown","2026-10-09"
"Suez Canal Container Terminal","","","Port Said","EGPSD","Egypt","Middle East","EGPSDSCCT","","lastFreeDay","Terminal LFD","Pickup & availability","unknown","2026-10-09"
"Suez Canal Container Terminal","","","Port Said","EGPSD","Egypt","Middle East","EGPSDSCCT","","holds","Holds & releases","Holds & fees","unknown","2026-10-09"
"Suez Canal Container Terminal","","","Port Said","EGPSD","Egypt","Middle East","EGPSDSCCT","","feeType","Fee type","Holds & fees","unknown","2026-10-09"
"Suez Canal Container Terminal","","","Port Said","EGPSD","Egypt","Middle East","EGPSDSCCT","","feeAmount","Fee amount","Holds & fees","unknown","2026-10-09"
"Suez Canal Container Terminal","","","Port Said","EGPSD","Egypt","Middle East","EGPSDSCCT","","pickupAppointment","Pickup appointment","Gate & yard","unknown","2026-10-09"
"Suez Canal Container Terminal","","","Port Said","EGPSD","Egypt","Middle East","EGPSDSCCT","","yardLocation","Yard location","Gate & yard","unknown","2026-10-09"
"Suez Canal Container Terminal","","","Port Said","EGPSD","Egypt","Middle East","EGPSDSCCT","","vesselDischarged","Vessel discharged","Container milestones","unknown","2026-10-09"
"Suez Canal Container Terminal","","","Port Said","EGPSD","Egypt","Middle East","EGPSDSCCT","","fullOut","Full out","Container milestones","unknown","2026-10-09"
"Suez Canal Container Terminal","","","Port Said","EGPSD","Egypt","Middle East","EGPSDSCCT","","chassisNumber","Chassis number","Gate & yard","unknown","2026-10-09"
"Suez Canal Container Terminal","","","Port Said","EGPSD","Egypt","Middle East","EGPSDSCCT","","onRail","On rail","Container milestones","unknown","2026-10-09"
"Suez Canal Container Terminal","","","Port Said","EGPSD","Egypt","Middle East","EGPSDSCCT","","emptyReturned","Empty returned","Container milestones","unknown","2026-10-09"
"EUROGATE Container Terminal Bremerhaven","","","Bremerhaven","DEBRV","Germany","Europe","DEBRVEGB","","importMilestones","Import milestones","Container milestones","supported","2026-10-09"
"EUROGATE Container Terminal Bremerhaven","","","Bremerhaven","DEBRV","Germany","Europe","DEBRVEGB","","availableForPickup","Available for pickup","Pickup & availability","unknown","2026-10-09"
"EUROGATE Container Terminal Bremerhaven","","","Bremerhaven","DEBRV","Germany","Europe","DEBRVEGB","","lastFreeDay","Terminal LFD","Pickup & availability","unknown","2026-10-09"
"EUROGATE Container Terminal Bremerhaven","","","Bremerhaven","DEBRV","Germany","Europe","DEBRVEGB","","holds","Holds & releases","Holds & fees","unknown","2026-10-09"
"EUROGATE Container Terminal Bremerhaven","","","Bremerhaven","DEBRV","Germany","Europe","DEBRVEGB","","feeType","Fee type","Holds & fees","unknown","2026-10-09"
"EUROGATE Container Terminal Bremerhaven","","","Bremerhaven","DEBRV","Germany","Europe","DEBRVEGB","","feeAmount","Fee amount","Holds & fees","unknown","2026-10-09"
"EUROGATE Container Terminal Bremerhaven","","","Bremerhaven","DEBRV","Germany","Europe","DEBRVEGB","","pickupAppointment","Pickup appointment","Gate & yard","unknown","2026-10-09"
"EUROGATE Container Terminal Bremerhaven","","","Bremerhaven","DEBRV","Germany","Europe","DEBRVEGB","","yardLocation","Yard location","Gate & yard","unknown","2026-10-09"
"EUROGATE Container Terminal Bremerhaven","","","Bremerhaven","DEBRV","Germany","Europe","DEBRVEGB","","vesselDischarged","Vessel discharged","Container milestones","unknown","2026-10-09"
"EUROGATE Container Terminal Bremerhaven","","","Bremerhaven","DEBRV","Germany","Europe","DEBRVEGB","","fullOut","Full out","Container milestones","unknown","2026-10-09"
"EUROGATE Container Terminal Bremerhaven","","","Bremerhaven","DEBRV","Germany","Europe","DEBRVEGB","","chassisNumber","Chassis number","Gate & yard","unknown","2026-10-09"
"EUROGATE Container Terminal Bremerhaven","","","Bremerhaven","DEBRV","Germany","Europe","DEBRVEGB","","onRail","On rail","Container milestones","unknown","2026-10-09"
"EUROGATE Container Terminal Bremerhaven","","","Bremerhaven","DEBRV","Germany","Europe","DEBRVEGB","","emptyReturned","Empty returned","Container milestones","unknown","2026-10-09"
"MSC Gate Bremerhaven","","","Bremerhaven","DEBRV","Germany","Europe","DEBRVMSCBH","","importMilestones","Import milestones","Container milestones","supported","2026-10-09"
"MSC Gate Bremerhaven","","","Bremerhaven","DEBRV","Germany","Europe","DEBRVMSCBH","","availableForPickup","Available for pickup","Pickup & availability","supported","2026-10-09"
"MSC Gate Bremerhaven","","","Bremerhaven","DEBRV","Germany","Europe","DEBRVMSCBH","","lastFreeDay","Terminal LFD","Pickup & availability","supported","2026-10-09"
"MSC Gate Bremerhaven","","","Bremerhaven","DEBRV","Germany","Europe","DEBRVMSCBH","","holds","Holds & releases","Holds & fees","supported","2026-10-09"
"MSC Gate Bremerhaven","","","Bremerhaven","DEBRV","Germany","Europe","DEBRVMSCBH","","feeType","Fee type","Holds & fees","supported","2026-10-09"
"MSC Gate Bremerhaven","","","Bremerhaven","DEBRV","Germany","Europe","DEBRVMSCBH","","feeAmount","Fee amount","Holds & fees","supported","2026-10-09"
"MSC Gate Bremerhaven","","","Bremerhaven","DEBRV","Germany","Europe","DEBRVMSCBH","","pickupAppointment","Pickup appointment","Gate & yard","supported","2026-10-09"
"MSC Gate Bremerhaven","","","Bremerhaven","DEBRV","Germany","Europe","DEBRVMSCBH","","yardLocation","Yard location","Gate & yard","supported","2026-10-09"
"MSC Gate Bremerhaven","","","Bremerhaven","DEBRV","Germany","Europe","DEBRVMSCBH","","vesselDischarged","Vessel discharged","Container milestones","supported","2026-10-09"
"MSC Gate Bremerhaven","","","Bremerhaven","DEBRV","Germany","Europe","DEBRVMSCBH","","fullOut","Full out","Container milestones","supported","2026-10-09"
"MSC Gate Bremerhaven","","","Bremerhaven","DEBRV","Germany","Europe","DEBRVMSCBH","","chassisNumber","Chassis number","Gate & yard","supported","2026-10-09"
"MSC Gate Bremerhaven","","","Bremerhaven","DEBRV","Germany","Europe","DEBRVMSCBH","","onRail","On rail","Container milestones","supported","2026-10-09"
"MSC Gate Bremerhaven","","","Bremerhaven","DEBRV","Germany","Europe","DEBRVMSCBH","","emptyReturned","Empty returned","Container milestones","supported","2026-10-09"
"EUROGATE Hamburg","","","Hamburg","DEHAM","Germany","Europe","DEHAMEGH","","importMilestones","Import milestones","Container milestones","supported","2026-10-09"
"EUROGATE Hamburg","","","Hamburg","DEHAM","Germany","Europe","DEHAMEGH","","availableForPickup","Available for pickup","Pickup & availability","supported","2026-10-09"
"EUROGATE Hamburg","","","Hamburg","DEHAM","Germany","Europe","DEHAMEGH","","lastFreeDay","Terminal LFD","Pickup & availability","supported","2026-10-09"
"EUROGATE Hamburg","","","Hamburg","DEHAM","Germany","Europe","DEHAMEGH","","holds","Holds & releases","Holds & fees","supported","2026-10-09"
"EUROGATE Hamburg","","","Hamburg","DEHAM","Germany","Europe","DEHAMEGH","","feeType","Fee type","Holds & fees","supported","2026-10-09"
"EUROGATE Hamburg","","","Hamburg","DEHAM","Germany","Europe","DEHAMEGH","","feeAmount","Fee amount","Holds & fees","supported","2026-10-09"
"EUROGATE Hamburg","","","Hamburg","DEHAM","Germany","Europe","DEHAMEGH","","pickupAppointment","Pickup appointment","Gate & yard","supported","2026-10-09"
"EUROGATE Hamburg","","","Hamburg","DEHAM","Germany","Europe","DEHAMEGH","","yardLocation","Yard location","Gate & yard","supported","2026-10-09"
"EUROGATE Hamburg","","","Hamburg","DEHAM","Germany","Europe","DEHAMEGH","","vesselDischarged","Vessel discharged","Container milestones","supported","2026-10-09"
"EUROGATE Hamburg","","","Hamburg","DEHAM","Germany","Europe","DEHAMEGH","","fullOut","Full out","Container milestones","supported","2026-10-09"
"EUROGATE Hamburg","","","Hamburg","DEHAM","Germany","Europe","DEHAMEGH","","chassisNumber","Chassis number","Gate & yard","supported","2026-10-09"
"EUROGATE Hamburg","","","Hamburg","DEHAM","Germany","Europe","DEHAMEGH","","onRail","On rail","Container milestones","supported","2026-10-09"
"EUROGATE Hamburg","","","Hamburg","DEHAM","Germany","Europe","DEHAMEGH","","emptyReturned","Empty returned","Container milestones","supported","2026-10-09"
"HHLA Container Terminal Altenwerder","","","Hamburg","DEHAM","Germany","Europe","DEHAMCTA","","importMilestones","Import milestones","Container milestones","supported","2026-10-09"
"HHLA Container Terminal Altenwerder","","","Hamburg","DEHAM","Germany","Europe","DEHAMCTA","","availableForPickup","Available for pickup","Pickup & availability","unsupported","2026-10-09"
"HHLA Container Terminal Altenwerder","","","Hamburg","DEHAM","Germany","Europe","DEHAMCTA","","lastFreeDay","Terminal LFD","Pickup & availability","unsupported","2026-10-09"
"HHLA Container Terminal Altenwerder","","","Hamburg","DEHAM","Germany","Europe","DEHAMCTA","","holds","Holds & releases","Holds & fees","supported","2026-10-09"
"HHLA Container Terminal Altenwerder","","","Hamburg","DEHAM","Germany","Europe","DEHAMCTA","","feeType","Fee type","Holds & fees","supported","2026-10-09"
"HHLA Container Terminal Altenwerder","","","Hamburg","DEHAM","Germany","Europe","DEHAMCTA","","feeAmount","Fee amount","Holds & fees","supported","2026-10-09"
"HHLA Container Terminal Altenwerder","","","Hamburg","DEHAM","Germany","Europe","DEHAMCTA","","pickupAppointment","Pickup appointment","Gate & yard","unsupported","2026-10-09"
"HHLA Container Terminal Altenwerder","","","Hamburg","DEHAM","Germany","Europe","DEHAMCTA","","yardLocation","Yard location","Gate & yard","unsupported","2026-10-09"
"HHLA Container Terminal Altenwerder","","","Hamburg","DEHAM","Germany","Europe","DEHAMCTA","","vesselDischarged","Vessel discharged","Container milestones","supported","2026-10-09"
"HHLA Container Terminal Altenwerder","","","Hamburg","DEHAM","Germany","Europe","DEHAMCTA","","fullOut","Full out","Container milestones","unsupported","2026-10-09"
"HHLA Container Terminal Altenwerder","","","Hamburg","DEHAM","Germany","Europe","DEHAMCTA","","chassisNumber","Chassis number","Gate & yard","unsupported","2026-10-09"
"HHLA Container Terminal Altenwerder","","","Hamburg","DEHAM","Germany","Europe","DEHAMCTA","","onRail","On rail","Container milestones","supported","2026-10-09"
"HHLA Container Terminal Altenwerder","","","Hamburg","DEHAM","Germany","Europe","DEHAMCTA","","emptyReturned","Empty returned","Container milestones","unsupported","2026-10-09"
"HHLA Container Terminal Burchardkai","","","Hamburg","DEHAM","Germany","Europe","DEHAMCTB","","importMilestones","Import milestones","Container milestones","supported","2026-10-09"
"HHLA Container Terminal Burchardkai","","","Hamburg","DEHAM","Germany","Europe","DEHAMCTB","","availableForPickup","Available for pickup","Pickup & availability","supported","2026-10-09"
"HHLA Container Terminal Burchardkai","","","Hamburg","DEHAM","Germany","Europe","DEHAMCTB","","lastFreeDay","Terminal LFD","Pickup & availability","unsupported","2026-10-09"
"HHLA Container Terminal Burchardkai","","","Hamburg","DEHAM","Germany","Europe","DEHAMCTB","","holds","Holds & releases","Holds & fees","limited","2026-10-09"
"HHLA Container Terminal Burchardkai","","","Hamburg","DEHAM","Germany","Europe","DEHAMCTB","","feeType","Fee type","Holds & fees","supported","2026-10-09"
"HHLA Container Terminal Burchardkai","","","Hamburg","DEHAM","Germany","Europe","DEHAMCTB","","feeAmount","Fee amount","Holds & fees","supported","2026-10-09"
"HHLA Container Terminal Burchardkai","","","Hamburg","DEHAM","Germany","Europe","DEHAMCTB","","pickupAppointment","Pickup appointment","Gate & yard","unsupported","2026-10-09"
"HHLA Container Terminal Burchardkai","","","Hamburg","DEHAM","Germany","Europe","DEHAMCTB","","yardLocation","Yard location","Gate & yard","supported","2026-10-09"
"HHLA Container Terminal Burchardkai","","","Hamburg","DEHAM","Germany","Europe","DEHAMCTB","","vesselDischarged","Vessel discharged","Container milestones","supported","2026-10-09"
"HHLA Container Terminal Burchardkai","","","Hamburg","DEHAM","Germany","Europe","DEHAMCTB","","fullOut","Full out","Container milestones","unsupported","2026-10-09"
"HHLA Container Terminal Burchardkai","","","Hamburg","DEHAM","Germany","Europe","DEHAMCTB","","chassisNumber","Chassis number","Gate & yard","unsupported","2026-10-09"
"HHLA Container Terminal Burchardkai","","","Hamburg","DEHAM","Germany","Europe","DEHAMCTB","","onRail","On rail","Container milestones","supported","2026-10-09"
"HHLA Container Terminal Burchardkai","","","Hamburg","DEHAM","Germany","Europe","DEHAMCTB","","emptyReturned","Empty returned","Container milestones","unsupported","2026-10-09"
"HHLA Container Terminal Tollerort","","","Hamburg","DEHAM","Germany","Europe","DEHAMCTT","","importMilestones","Import milestones","Container milestones","supported","2026-10-09"
"HHLA Container Terminal Tollerort","","","Hamburg","DEHAM","Germany","Europe","DEHAMCTT","","availableForPickup","Available for pickup","Pickup & availability","supported","2026-10-09"
"HHLA Container Terminal Tollerort","","","Hamburg","DEHAM","Germany","Europe","DEHAMCTT","","lastFreeDay","Terminal LFD","Pickup & availability","unsupported","2026-10-09"
"HHLA Container Terminal Tollerort","","","Hamburg","DEHAM","Germany","Europe","DEHAMCTT","","holds","Holds & releases","Holds & fees","limited","2026-10-09"
"HHLA Container Terminal Tollerort","","","Hamburg","DEHAM","Germany","Europe","DEHAMCTT","","feeType","Fee type","Holds & fees","supported","2026-10-09"
"HHLA Container Terminal Tollerort","","","Hamburg","DEHAM","Germany","Europe","DEHAMCTT","","feeAmount","Fee amount","Holds & fees","supported","2026-10-09"
"HHLA Container Terminal Tollerort","","","Hamburg","DEHAM","Germany","Europe","DEHAMCTT","","pickupAppointment","Pickup appointment","Gate & yard","unsupported","2026-10-09"
"HHLA Container Terminal Tollerort","","","Hamburg","DEHAM","Germany","Europe","DEHAMCTT","","yardLocation","Yard location","Gate & yard","supported","2026-10-09"
"HHLA Container Terminal Tollerort","","","Hamburg","DEHAM","Germany","Europe","DEHAMCTT","","vesselDischarged","Vessel discharged","Container milestones","supported","2026-10-09"
"HHLA Container Terminal Tollerort","","","Hamburg","DEHAM","Germany","Europe","DEHAMCTT","","fullOut","Full out","Container milestones","unsupported","2026-10-09"
"HHLA Container Terminal Tollerort","","","Hamburg","DEHAM","Germany","Europe","DEHAMCTT","","chassisNumber","Chassis number","Gate & yard","unsupported","2026-10-09"
"HHLA Container Terminal Tollerort","","","Hamburg","DEHAM","Germany","Europe","DEHAMCTT","","onRail","On rail","Container milestones","supported","2026-10-09"
"HHLA Container Terminal Tollerort","","","Hamburg","DEHAM","Germany","Europe","DEHAMCTT","","emptyReturned","Empty returned","Container milestones","unsupported","2026-10-09"
"EUROGATE Container Terminal Wilhelmshaven","","","Wilhelmshaven","DEWVN","Germany","Europe","DEWVNEGW","","importMilestones","Import milestones","Container milestones","supported","2026-10-09"
"EUROGATE Container Terminal Wilhelmshaven","","","Wilhelmshaven","DEWVN","Germany","Europe","DEWVNEGW","","availableForPickup","Available for pickup","Pickup & availability","unknown","2026-10-09"
"EUROGATE Container Terminal Wilhelmshaven","","","Wilhelmshaven","DEWVN","Germany","Europe","DEWVNEGW","","lastFreeDay","Terminal LFD","Pickup & availability","unknown","2026-10-09"
"EUROGATE Container Terminal Wilhelmshaven","","","Wilhelmshaven","DEWVN","Germany","Europe","DEWVNEGW","","holds","Holds & releases","Holds & fees","unknown","2026-10-09"
"EUROGATE Container Terminal Wilhelmshaven","","","Wilhelmshaven","DEWVN","Germany","Europe","DEWVNEGW","","feeType","Fee type","Holds & fees","unknown","2026-10-09"
"EUROGATE Container Terminal Wilhelmshaven","","","Wilhelmshaven","DEWVN","Germany","Europe","DEWVNEGW","","feeAmount","Fee amount","Holds & fees","unknown","2026-10-09"
"EUROGATE Container Terminal Wilhelmshaven","","","Wilhelmshaven","DEWVN","Germany","Europe","DEWVNEGW","","pickupAppointment","Pickup appointment","Gate & yard","unknown","2026-10-09"
"EUROGATE Container Terminal Wilhelmshaven","","","Wilhelmshaven","DEWVN","Germany","Europe","DEWVNEGW","","yardLocation","Yard location","Gate & yard","unknown","2026-10-09"
"EUROGATE Container Terminal Wilhelmshaven","","","Wilhelmshaven","DEWVN","Germany","Europe","DEWVNEGW","","vesselDischarged","Vessel discharged","Container milestones","unknown","2026-10-09"
"EUROGATE Container Terminal Wilhelmshaven","","","Wilhelmshaven","DEWVN","Germany","Europe","DEWVNEGW","","fullOut","Full out","Container milestones","unknown","2026-10-09"
"EUROGATE Container Terminal Wilhelmshaven","","","Wilhelmshaven","DEWVN","Germany","Europe","DEWVNEGW","","chassisNumber","Chassis number","Gate & yard","unknown","2026-10-09"
"EUROGATE Container Terminal Wilhelmshaven","","","Wilhelmshaven","DEWVN","Germany","Europe","DEWVNEGW","","onRail","On rail","Container milestones","unknown","2026-10-09"
"EUROGATE Container Terminal Wilhelmshaven","","","Wilhelmshaven","DEWVN","Germany","Europe","DEWVNEGW","","emptyReturned","Empty returned","Container milestones","unknown","2026-10-09"
"APM Terminals Quetzal","","","Puerto Quetzal","GTPRQ","Guatemala","Latin America","GTPRQTCQ","","importMilestones","Import milestones","Container milestones","supported","2026-10-09"
"APM Terminals Quetzal","","","Puerto Quetzal","GTPRQ","Guatemala","Latin America","GTPRQTCQ","","availableForPickup","Available for pickup","Pickup & availability","supported","2026-10-09"
"APM Terminals Quetzal","","","Puerto Quetzal","GTPRQ","Guatemala","Latin America","GTPRQTCQ","","lastFreeDay","Terminal LFD","Pickup & availability","unsupported","2026-10-09"
"APM Terminals Quetzal","","","Puerto Quetzal","GTPRQ","Guatemala","Latin America","GTPRQTCQ","","holds","Holds & releases","Holds & fees","supported","2026-10-09"
"APM Terminals Quetzal","","","Puerto Quetzal","GTPRQ","Guatemala","Latin America","GTPRQTCQ","","feeType","Fee type","Holds & fees","supported","2026-10-09"
"APM Terminals Quetzal","","","Puerto Quetzal","GTPRQ","Guatemala","Latin America","GTPRQTCQ","","feeAmount","Fee amount","Holds & fees","supported","2026-10-09"
"APM Terminals Quetzal","","","Puerto Quetzal","GTPRQ","Guatemala","Latin America","GTPRQTCQ","","pickupAppointment","Pickup appointment","Gate & yard","unsupported","2026-10-09"
"APM Terminals Quetzal","","","Puerto Quetzal","GTPRQ","Guatemala","Latin America","GTPRQTCQ","","yardLocation","Yard location","Gate & yard","unsupported","2026-10-09"
"APM Terminals Quetzal","","","Puerto Quetzal","GTPRQ","Guatemala","Latin America","GTPRQTCQ","","vesselDischarged","Vessel discharged","Container milestones","supported","2026-10-09"
"APM Terminals Quetzal","","","Puerto Quetzal","GTPRQ","Guatemala","Latin America","GTPRQTCQ","","fullOut","Full out","Container milestones","supported","2026-10-09"
"APM Terminals Quetzal","","","Puerto Quetzal","GTPRQ","Guatemala","Latin America","GTPRQTCQ","","chassisNumber","Chassis number","Gate & yard","unsupported","2026-10-09"
"APM Terminals Quetzal","","","Puerto Quetzal","GTPRQ","Guatemala","Latin America","GTPRQTCQ","","onRail","On rail","Container milestones","supported","2026-10-09"
"APM Terminals Quetzal","","","Puerto Quetzal","GTPRQ","Guatemala","Latin America","GTPRQTCQ","","emptyReturned","Empty returned","Container milestones","unsupported","2026-10-09"
"Empresa Portuaria Santo Tomas","","","Puerto Santo Tomas De Castilla","GTSTC","Guatemala","Latin America","GTSTCEPSTC","","importMilestones","Import milestones","Container milestones","supported","2026-10-09"
"Empresa Portuaria Santo Tomas","","","Puerto Santo Tomas De Castilla","GTSTC","Guatemala","Latin America","GTSTCEPSTC","","availableForPickup","Available for pickup","Pickup & availability","supported","2026-10-09"
"Empresa Portuaria Santo Tomas","","","Puerto Santo Tomas De Castilla","GTSTC","Guatemala","Latin America","GTSTCEPSTC","","lastFreeDay","Terminal LFD","Pickup & availability","supported","2026-10-09"
"Empresa Portuaria Santo Tomas","","","Puerto Santo Tomas De Castilla","GTSTC","Guatemala","Latin America","GTSTCEPSTC","","holds","Holds & releases","Holds & fees","supported","2026-10-09"
"Empresa Portuaria Santo Tomas","","","Puerto Santo Tomas De Castilla","GTSTC","Guatemala","Latin America","GTSTCEPSTC","","feeType","Fee type","Holds & fees","supported","2026-10-09"
"Empresa Portuaria Santo Tomas","","","Puerto Santo Tomas De Castilla","GTSTC","Guatemala","Latin America","GTSTCEPSTC","","feeAmount","Fee amount","Holds & fees","supported","2026-10-09"
"Empresa Portuaria Santo Tomas","","","Puerto Santo Tomas De Castilla","GTSTC","Guatemala","Latin America","GTSTCEPSTC","","pickupAppointment","Pickup appointment","Gate & yard","supported","2026-10-09"
"Empresa Portuaria Santo Tomas","","","Puerto Santo Tomas De Castilla","GTSTC","Guatemala","Latin America","GTSTCEPSTC","","yardLocation","Yard location","Gate & yard","supported","2026-10-09"
"Empresa Portuaria Santo Tomas","","","Puerto Santo Tomas De Castilla","GTSTC","Guatemala","Latin America","GTSTCEPSTC","","vesselDischarged","Vessel discharged","Container milestones","supported","2026-10-09"
"Empresa Portuaria Santo Tomas","","","Puerto Santo Tomas De Castilla","GTSTC","Guatemala","Latin America","GTSTCEPSTC","","fullOut","Full out","Container milestones","supported","2026-10-09"
"Empresa Portuaria Santo Tomas","","","Puerto Santo Tomas De Castilla","GTSTC","Guatemala","Latin America","GTSTCEPSTC","","chassisNumber","Chassis number","Gate & yard","supported","2026-10-09"
"Empresa Portuaria Santo Tomas","","","Puerto Santo Tomas De Castilla","GTSTC","Guatemala","Latin America","GTSTCEPSTC","","onRail","On rail","Container milestones","supported","2026-10-09"
"Empresa Portuaria Santo Tomas","","","Puerto Santo Tomas De Castilla","GTSTC","Guatemala","Latin America","GTSTCEPSTC","","emptyReturned","Empty returned","Container milestones","supported","2026-10-09"
"Asia Container Terminals","","","Hong Kong","HKHKG","Hong Kong","Asia","HKHKGACTHK","","importMilestones","Import milestones","Container milestones","supported","2026-10-09"
"Asia Container Terminals","","","Hong Kong","HKHKG","Hong Kong","Asia","HKHKGACTHK","","availableForPickup","Available for pickup","Pickup & availability","supported","2026-10-09"
"Asia Container Terminals","","","Hong Kong","HKHKG","Hong Kong","Asia","HKHKGACTHK","","lastFreeDay","Terminal LFD","Pickup & availability","supported","2026-10-09"
"Asia Container Terminals","","","Hong Kong","HKHKG","Hong Kong","Asia","HKHKGACTHK","","holds","Holds & releases","Holds & fees","supported","2026-10-09"
"Asia Container Terminals","","","Hong Kong","HKHKG","Hong Kong","Asia","HKHKGACTHK","","feeType","Fee type","Holds & fees","supported","2026-10-09"
"Asia Container Terminals","","","Hong Kong","HKHKG","Hong Kong","Asia","HKHKGACTHK","","feeAmount","Fee amount","Holds & fees","supported","2026-10-09"
"Asia Container Terminals","","","Hong Kong","HKHKG","Hong Kong","Asia","HKHKGACTHK","","pickupAppointment","Pickup appointment","Gate & yard","supported","2026-10-09"
"Asia Container Terminals","","","Hong Kong","HKHKG","Hong Kong","Asia","HKHKGACTHK","","yardLocation","Yard location","Gate & yard","supported","2026-10-09"
"Asia Container Terminals","","","Hong Kong","HKHKG","Hong Kong","Asia","HKHKGACTHK","","vesselDischarged","Vessel discharged","Container milestones","supported","2026-10-09"
"Asia Container Terminals","","","Hong Kong","HKHKG","Hong Kong","Asia","HKHKGACTHK","","fullOut","Full out","Container milestones","supported","2026-10-09"
"Asia Container Terminals","","","Hong Kong","HKHKG","Hong Kong","Asia","HKHKGACTHK","","chassisNumber","Chassis number","Gate & yard","supported","2026-10-09"
"Asia Container Terminals","","","Hong Kong","HKHKG","Hong Kong","Asia","HKHKGACTHK","","onRail","On rail","Container milestones","supported","2026-10-09"
"Asia Container Terminals","","","Hong Kong","HKHKG","Hong Kong","Asia","HKHKGACTHK","","emptyReturned","Empty returned","Container milestones","supported","2026-10-09"
"COSCO-HIT","","","Hong Kong","HKHKG","Hong Kong","Asia","HKHKGCHTHK","","importMilestones","Import milestones","Container milestones","supported","2026-10-09"
"COSCO-HIT","","","Hong Kong","HKHKG","Hong Kong","Asia","HKHKGCHTHK","","availableForPickup","Available for pickup","Pickup & availability","supported","2026-10-09"
"COSCO-HIT","","","Hong Kong","HKHKG","Hong Kong","Asia","HKHKGCHTHK","","lastFreeDay","Terminal LFD","Pickup & availability","supported","2026-10-09"
"COSCO-HIT","","","Hong Kong","HKHKG","Hong Kong","Asia","HKHKGCHTHK","","holds","Holds & releases","Holds & fees","supported","2026-10-09"
"COSCO-HIT","","","Hong Kong","HKHKG","Hong Kong","Asia","HKHKGCHTHK","","feeType","Fee type","Holds & fees","supported","2026-10-09"
"COSCO-HIT","","","Hong Kong","HKHKG","Hong Kong","Asia","HKHKGCHTHK","","feeAmount","Fee amount","Holds & fees","supported","2026-10-09"
"COSCO-HIT","","","Hong Kong","HKHKG","Hong Kong","Asia","HKHKGCHTHK","","pickupAppointment","Pickup appointment","Gate & yard","supported","2026-10-09"
"COSCO-HIT","","","Hong Kong","HKHKG","Hong Kong","Asia","HKHKGCHTHK","","yardLocation","Yard location","Gate & yard","supported","2026-10-09"
"COSCO-HIT","","","Hong Kong","HKHKG","Hong Kong","Asia","HKHKGCHTHK","","vesselDischarged","Vessel discharged","Container milestones","supported","2026-10-09"
"COSCO-HIT","","","Hong Kong","HKHKG","Hong Kong","Asia","HKHKGCHTHK","","fullOut","Full out","Container milestones","supported","2026-10-09"
"COSCO-HIT","","","Hong Kong","HKHKG","Hong Kong","Asia","HKHKGCHTHK","","chassisNumber","Chassis number","Gate & yard","supported","2026-10-09"
"COSCO-HIT","","","Hong Kong","HKHKG","Hong Kong","Asia","HKHKGCHTHK","","onRail","On rail","Container milestones","supported","2026-10-09"
"COSCO-HIT","","","Hong Kong","HKHKG","Hong Kong","Asia","HKHKGCHTHK","","emptyReturned","Empty returned","Container milestones","supported","2026-10-09"
"Hong Kong International Terminals","","","Hong Kong","HKHKG","Hong Kong","Asia","HKHKGHITHK","","importMilestones","Import milestones","Container milestones","supported","2026-10-09"
"Hong Kong International Terminals","","","Hong Kong","HKHKG","Hong Kong","Asia","HKHKGHITHK","","availableForPickup","Available for pickup","Pickup & availability","unsupported","2026-10-09"
"Hong Kong International Terminals","","","Hong Kong","HKHKG","Hong Kong","Asia","HKHKGHITHK","","lastFreeDay","Terminal LFD","Pickup & availability","unsupported","2026-10-09"
"Hong Kong International Terminals","","","Hong Kong","HKHKG","Hong Kong","Asia","HKHKGHITHK","","holds","Holds & releases","Holds & fees","supported","2026-10-09"
"Hong Kong International Terminals","","","Hong Kong","HKHKG","Hong Kong","Asia","HKHKGHITHK","","feeType","Fee type","Holds & fees","supported","2026-10-09"
"Hong Kong International Terminals","","","Hong Kong","HKHKG","Hong Kong","Asia","HKHKGHITHK","","feeAmount","Fee amount","Holds & fees","supported","2026-10-09"
"Hong Kong International Terminals","","","Hong Kong","HKHKG","Hong Kong","Asia","HKHKGHITHK","","pickupAppointment","Pickup appointment","Gate & yard","unsupported","2026-10-09"
"Hong Kong International Terminals","","","Hong Kong","HKHKG","Hong Kong","Asia","HKHKGHITHK","","yardLocation","Yard location","Gate & yard","unsupported","2026-10-09"
"Hong Kong International Terminals","","","Hong Kong","HKHKG","Hong Kong","Asia","HKHKGHITHK","","vesselDischarged","Vessel discharged","Container milestones","unsupported","2026-10-09"
"Hong Kong International Terminals","","","Hong Kong","HKHKG","Hong Kong","Asia","HKHKGHITHK","","fullOut","Full out","Container milestones","unsupported","2026-10-09"
"Hong Kong International Terminals","","","Hong Kong","HKHKG","Hong Kong","Asia","HKHKGHITHK","","chassisNumber","Chassis number","Gate & yard","unsupported","2026-10-09"
"Hong Kong International Terminals","","","Hong Kong","HKHKG","Hong Kong","Asia","HKHKGHITHK","","onRail","On rail","Container milestones","supported","2026-10-09"
"Hong Kong International Terminals","","","Hong Kong","HKHKG","Hong Kong","Asia","HKHKGHITHK","","emptyReturned","Empty returned","Container milestones","unsupported","2026-10-09"
"Hong Kong Modern Terminals","","","Hong Kong","HKHKG","Hong Kong","Asia","HKHKGMTLHK","","importMilestones","Import milestones","Container milestones","supported","2026-10-09"
"Hong Kong Modern Terminals","","","Hong Kong","HKHKG","Hong Kong","Asia","HKHKGMTLHK","","availableForPickup","Available for pickup","Pickup & availability","unsupported","2026-10-09"
"Hong Kong Modern Terminals","","","Hong Kong","HKHKG","Hong Kong","Asia","HKHKGMTLHK","","lastFreeDay","Terminal LFD","Pickup & availability","unsupported","2026-10-09"
"Hong Kong Modern Terminals","","","Hong Kong","HKHKG","Hong Kong","Asia","HKHKGMTLHK","","holds","Holds & releases","Holds & fees","supported","2026-10-09"
"Hong Kong Modern Terminals","","","Hong Kong","HKHKG","Hong Kong","Asia","HKHKGMTLHK","","feeType","Fee type","Holds & fees","supported","2026-10-09"
"Hong Kong Modern Terminals","","","Hong Kong","HKHKG","Hong Kong","Asia","HKHKGMTLHK","","feeAmount","Fee amount","Holds & fees","supported","2026-10-09"
"Hong Kong Modern Terminals","","","Hong Kong","HKHKG","Hong Kong","Asia","HKHKGMTLHK","","pickupAppointment","Pickup appointment","Gate & yard","unsupported","2026-10-09"
"Hong Kong Modern Terminals","","","Hong Kong","HKHKG","Hong Kong","Asia","HKHKGMTLHK","","yardLocation","Yard location","Gate & yard","unsupported","2026-10-09"
"Hong Kong Modern Terminals","","","Hong Kong","HKHKG","Hong Kong","Asia","HKHKGMTLHK","","vesselDischarged","Vessel discharged","Container milestones","unsupported","2026-10-09"
"Hong Kong Modern Terminals","","","Hong Kong","HKHKG","Hong Kong","Asia","HKHKGMTLHK","","fullOut","Full out","Container milestones","unsupported","2026-10-09"
"Hong Kong Modern Terminals","","","Hong Kong","HKHKG","Hong Kong","Asia","HKHKGMTLHK","","chassisNumber","Chassis number","Gate & yard","unsupported","2026-10-09"
"Hong Kong Modern Terminals","","","Hong Kong","HKHKG","Hong Kong","Asia","HKHKGMTLHK","","onRail","On rail","Container milestones","supported","2026-10-09"
"Hong Kong Modern Terminals","","","Hong Kong","HKHKG","Hong Kong","Asia","HKHKGMTLHK","","emptyReturned","Empty returned","Container milestones","unsupported","2026-10-09"
"Jakarta International Container Terminal","","","Jakarta, Java","IDJKT","Indonesia","Asia","IDJKTUTC1","","importMilestones","Import milestones","Container milestones","supported","2026-10-09"
"Jakarta International Container Terminal","","","Jakarta, Java","IDJKT","Indonesia","Asia","IDJKTUTC1","","availableForPickup","Available for pickup","Pickup & availability","supported","2026-10-09"
"Jakarta International Container Terminal","","","Jakarta, Java","IDJKT","Indonesia","Asia","IDJKTUTC1","","lastFreeDay","Terminal LFD","Pickup & availability","supported","2026-10-09"
"Jakarta International Container Terminal","","","Jakarta, Java","IDJKT","Indonesia","Asia","IDJKTUTC1","","holds","Holds & releases","Holds & fees","supported","2026-10-09"
"Jakarta International Container Terminal","","","Jakarta, Java","IDJKT","Indonesia","Asia","IDJKTUTC1","","feeType","Fee type","Holds & fees","supported","2026-10-09"
"Jakarta International Container Terminal","","","Jakarta, Java","IDJKT","Indonesia","Asia","IDJKTUTC1","","feeAmount","Fee amount","Holds & fees","supported","2026-10-09"
"Jakarta International Container Terminal","","","Jakarta, Java","IDJKT","Indonesia","Asia","IDJKTUTC1","","pickupAppointment","Pickup appointment","Gate & yard","supported","2026-10-09"
"Jakarta International Container Terminal","","","Jakarta, Java","IDJKT","Indonesia","Asia","IDJKTUTC1","","yardLocation","Yard location","Gate & yard","supported","2026-10-09"
"Jakarta International Container Terminal","","","Jakarta, Java","IDJKT","Indonesia","Asia","IDJKTUTC1","","vesselDischarged","Vessel discharged","Container milestones","supported","2026-10-09"
"Jakarta International Container Terminal","","","Jakarta, Java","IDJKT","Indonesia","Asia","IDJKTUTC1","","fullOut","Full out","Container milestones","supported","2026-10-09"
"Jakarta International Container Terminal","","","Jakarta, Java","IDJKT","Indonesia","Asia","IDJKTUTC1","","chassisNumber","Chassis number","Gate & yard","supported","2026-10-09"
"Jakarta International Container Terminal","","","Jakarta, Java","IDJKT","Indonesia","Asia","IDJKTUTC1","","onRail","On rail","Container milestones","supported","2026-10-09"
"Jakarta International Container Terminal","","","Jakarta, Java","IDJKT","Indonesia","Asia","IDJKTUTC1","","emptyReturned","Empty returned","Container milestones","supported","2026-10-09"
"Basra Gateway Terminal East","","","Umm Qasr Pt","IQUQR","Iraq","Middle East","IQUQRBGTE","","importMilestones","Import milestones","Container milestones","supported","2026-10-09"
"Basra Gateway Terminal East","","","Umm Qasr Pt","IQUQR","Iraq","Middle East","IQUQRBGTE","","availableForPickup","Available for pickup","Pickup & availability","supported","2026-10-09"
"Basra Gateway Terminal East","","","Umm Qasr Pt","IQUQR","Iraq","Middle East","IQUQRBGTE","","lastFreeDay","Terminal LFD","Pickup & availability","supported","2026-10-09"
"Basra Gateway Terminal East","","","Umm Qasr Pt","IQUQR","Iraq","Middle East","IQUQRBGTE","","holds","Holds & releases","Holds & fees","supported","2026-10-09"
"Basra Gateway Terminal East","","","Umm Qasr Pt","IQUQR","Iraq","Middle East","IQUQRBGTE","","feeType","Fee type","Holds & fees","supported","2026-10-09"
"Basra Gateway Terminal East","","","Umm Qasr Pt","IQUQR","Iraq","Middle East","IQUQRBGTE","","feeAmount","Fee amount","Holds & fees","supported","2026-10-09"
"Basra Gateway Terminal East","","","Umm Qasr Pt","IQUQR","Iraq","Middle East","IQUQRBGTE","","pickupAppointment","Pickup appointment","Gate & yard","supported","2026-10-09"
"Basra Gateway Terminal East","","","Umm Qasr Pt","IQUQR","Iraq","Middle East","IQUQRBGTE","","yardLocation","Yard location","Gate & yard","supported","2026-10-09"
"Basra Gateway Terminal East","","","Umm Qasr Pt","IQUQR","Iraq","Middle East","IQUQRBGTE","","vesselDischarged","Vessel discharged","Container milestones","supported","2026-10-09"
"Basra Gateway Terminal East","","","Umm Qasr Pt","IQUQR","Iraq","Middle East","IQUQRBGTE","","fullOut","Full out","Container milestones","supported","2026-10-09"
"Basra Gateway Terminal East","","","Umm Qasr Pt","IQUQR","Iraq","Middle East","IQUQRBGTE","","chassisNumber","Chassis number","Gate & yard","supported","2026-10-09"
"Basra Gateway Terminal East","","","Umm Qasr Pt","IQUQR","Iraq","Middle East","IQUQRBGTE","","onRail","On rail","Container milestones","supported","2026-10-09"
"Basra Gateway Terminal East","","","Umm Qasr Pt","IQUQR","Iraq","Middle East","IQUQRBGTE","","emptyReturned","Empty returned","Container milestones","supported","2026-10-09"
"Basra Gateway Terminal West","","","Umm Qasr Pt","IQUQR","Iraq","Middle East","IQUQRBGTW","","importMilestones","Import milestones","Container milestones","supported","2026-10-09"
"Basra Gateway Terminal West","","","Umm Qasr Pt","IQUQR","Iraq","Middle East","IQUQRBGTW","","availableForPickup","Available for pickup","Pickup & availability","supported","2026-10-09"
"Basra Gateway Terminal West","","","Umm Qasr Pt","IQUQR","Iraq","Middle East","IQUQRBGTW","","lastFreeDay","Terminal LFD","Pickup & availability","supported","2026-10-09"
"Basra Gateway Terminal West","","","Umm Qasr Pt","IQUQR","Iraq","Middle East","IQUQRBGTW","","holds","Holds & releases","Holds & fees","supported","2026-10-09"
"Basra Gateway Terminal West","","","Umm Qasr Pt","IQUQR","Iraq","Middle East","IQUQRBGTW","","feeType","Fee type","Holds & fees","supported","2026-10-09"
"Basra Gateway Terminal West","","","Umm Qasr Pt","IQUQR","Iraq","Middle East","IQUQRBGTW","","feeAmount","Fee amount","Holds & fees","supported","2026-10-09"
"Basra Gateway Terminal West","","","Umm Qasr Pt","IQUQR","Iraq","Middle East","IQUQRBGTW","","pickupAppointment","Pickup appointment","Gate & yard","supported","2026-10-09"
"Basra Gateway Terminal West","","","Umm Qasr Pt","IQUQR","Iraq","Middle East","IQUQRBGTW","","yardLocation","Yard location","Gate & yard","supported","2026-10-09"
"Basra Gateway Terminal West","","","Umm Qasr Pt","IQUQR","Iraq","Middle East","IQUQRBGTW","","vesselDischarged","Vessel discharged","Container milestones","supported","2026-10-09"
"Basra Gateway Terminal West","","","Umm Qasr Pt","IQUQR","Iraq","Middle East","IQUQRBGTW","","fullOut","Full out","Container milestones","supported","2026-10-09"
"Basra Gateway Terminal West","","","Umm Qasr Pt","IQUQR","Iraq","Middle East","IQUQRBGTW","","chassisNumber","Chassis number","Gate & yard","supported","2026-10-09"
"Basra Gateway Terminal West","","","Umm Qasr Pt","IQUQR","Iraq","Middle East","IQUQRBGTW","","onRail","On rail","Container milestones","supported","2026-10-09"
"Basra Gateway Terminal West","","","Umm Qasr Pt","IQUQR","Iraq","Middle East","IQUQRBGTW","","emptyReturned","Empty returned","Container milestones","supported","2026-10-09"
"Dublin Ferryport Terminal","","","Dublin","IEDUB","Ireland","Europe","IEDUBDFP","","importMilestones","Import milestones","Container milestones","supported","2026-10-09"
"Dublin Ferryport Terminal","","","Dublin","IEDUB","Ireland","Europe","IEDUBDFP","","availableForPickup","Available for pickup","Pickup & availability","supported","2026-10-09"
"Dublin Ferryport Terminal","","","Dublin","IEDUB","Ireland","Europe","IEDUBDFP","","lastFreeDay","Terminal LFD","Pickup & availability","supported","2026-10-09"
"Dublin Ferryport Terminal","","","Dublin","IEDUB","Ireland","Europe","IEDUBDFP","","holds","Holds & releases","Holds & fees","supported","2026-10-09"
"Dublin Ferryport Terminal","","","Dublin","IEDUB","Ireland","Europe","IEDUBDFP","","feeType","Fee type","Holds & fees","supported","2026-10-09"
"Dublin Ferryport Terminal","","","Dublin","IEDUB","Ireland","Europe","IEDUBDFP","","feeAmount","Fee amount","Holds & fees","supported","2026-10-09"
"Dublin Ferryport Terminal","","","Dublin","IEDUB","Ireland","Europe","IEDUBDFP","","pickupAppointment","Pickup appointment","Gate & yard","supported","2026-10-09"
"Dublin Ferryport Terminal","","","Dublin","IEDUB","Ireland","Europe","IEDUBDFP","","yardLocation","Yard location","Gate & yard","supported","2026-10-09"
"Dublin Ferryport Terminal","","","Dublin","IEDUB","Ireland","Europe","IEDUBDFP","","vesselDischarged","Vessel discharged","Container milestones","supported","2026-10-09"
"Dublin Ferryport Terminal","","","Dublin","IEDUB","Ireland","Europe","IEDUBDFP","","fullOut","Full out","Container milestones","supported","2026-10-09"
"Dublin Ferryport Terminal","","","Dublin","IEDUB","Ireland","Europe","IEDUBDFP","","chassisNumber","Chassis number","Gate & yard","supported","2026-10-09"
"Dublin Ferryport Terminal","","","Dublin","IEDUB","Ireland","Europe","IEDUBDFP","","onRail","On rail","Container milestones","supported","2026-10-09"
"Dublin Ferryport Terminal","","","Dublin","IEDUB","Ireland","Europe","IEDUBDFP","","emptyReturned","Empty returned","Container milestones","supported","2026-10-09"
"Haifa Port","","","Haifa","ILHFA","Israel","Middle East","ILHFAHPCL","","importMilestones","Import milestones","Container milestones","supported","2026-10-09"
"Haifa Port","","","Haifa","ILHFA","Israel","Middle East","ILHFAHPCL","","availableForPickup","Available for pickup","Pickup & availability","supported","2026-10-09"
"Haifa Port","","","Haifa","ILHFA","Israel","Middle East","ILHFAHPCL","","lastFreeDay","Terminal LFD","Pickup & availability","supported","2026-10-09"
"Haifa Port","","","Haifa","ILHFA","Israel","Middle East","ILHFAHPCL","","holds","Holds & releases","Holds & fees","supported","2026-10-09"
"Haifa Port","","","Haifa","ILHFA","Israel","Middle East","ILHFAHPCL","","feeType","Fee type","Holds & fees","supported","2026-10-09"
"Haifa Port","","","Haifa","ILHFA","Israel","Middle East","ILHFAHPCL","","feeAmount","Fee amount","Holds & fees","supported","2026-10-09"
"Haifa Port","","","Haifa","ILHFA","Israel","Middle East","ILHFAHPCL","","pickupAppointment","Pickup appointment","Gate & yard","supported","2026-10-09"
"Haifa Port","","","Haifa","ILHFA","Israel","Middle East","ILHFAHPCL","","yardLocation","Yard location","Gate & yard","supported","2026-10-09"
"Haifa Port","","","Haifa","ILHFA","Israel","Middle East","ILHFAHPCL","","vesselDischarged","Vessel discharged","Container milestones","supported","2026-10-09"
"Haifa Port","","","Haifa","ILHFA","Israel","Middle East","ILHFAHPCL","","fullOut","Full out","Container milestones","supported","2026-10-09"
"Haifa Port","","","Haifa","ILHFA","Israel","Middle East","ILHFAHPCL","","chassisNumber","Chassis number","Gate & yard","supported","2026-10-09"
"Haifa Port","","","Haifa","ILHFA","Israel","Middle East","ILHFAHPCL","","onRail","On rail","Container milestones","supported","2026-10-09"
"Haifa Port","","","Haifa","ILHFA","Israel","Middle East","ILHFAHPCL","","emptyReturned","Empty returned","Container milestones","supported","2026-10-09"
"Terminal Alto Fondale","","","Livorno","ITLIV","Italy","Europe","ITLIVTAFLIV","","importMilestones","Import milestones","Container milestones","supported","2026-10-09"
"Terminal Alto Fondale","","","Livorno","ITLIV","Italy","Europe","ITLIVTAFLIV","","availableForPickup","Available for pickup","Pickup & availability","unknown","2026-10-09"
"Terminal Alto Fondale","","","Livorno","ITLIV","Italy","Europe","ITLIVTAFLIV","","lastFreeDay","Terminal LFD","Pickup & availability","unknown","2026-10-09"
"Terminal Alto Fondale","","","Livorno","ITLIV","Italy","Europe","ITLIVTAFLIV","","holds","Holds & releases","Holds & fees","unknown","2026-10-09"
"Terminal Alto Fondale","","","Livorno","ITLIV","Italy","Europe","ITLIVTAFLIV","","feeType","Fee type","Holds & fees","unknown","2026-10-09"
"Terminal Alto Fondale","","","Livorno","ITLIV","Italy","Europe","ITLIVTAFLIV","","feeAmount","Fee amount","Holds & fees","unknown","2026-10-09"
"Terminal Alto Fondale","","","Livorno","ITLIV","Italy","Europe","ITLIVTAFLIV","","pickupAppointment","Pickup appointment","Gate & yard","unknown","2026-10-09"
"Terminal Alto Fondale","","","Livorno","ITLIV","Italy","Europe","ITLIVTAFLIV","","yardLocation","Yard location","Gate & yard","unknown","2026-10-09"
"Terminal Alto Fondale","","","Livorno","ITLIV","Italy","Europe","ITLIVTAFLIV","","vesselDischarged","Vessel discharged","Container milestones","unknown","2026-10-09"
"Terminal Alto Fondale","","","Livorno","ITLIV","Italy","Europe","ITLIVTAFLIV","","fullOut","Full out","Container milestones","unknown","2026-10-09"
"Terminal Alto Fondale","","","Livorno","ITLIV","Italy","Europe","ITLIVTAFLIV","","chassisNumber","Chassis number","Gate & yard","unknown","2026-10-09"
"Terminal Alto Fondale","","","Livorno","ITLIV","Italy","Europe","ITLIVTAFLIV","","onRail","On rail","Container milestones","unknown","2026-10-09"
"Terminal Alto Fondale","","","Livorno","ITLIV","Italy","Europe","ITLIVTAFLIV","","emptyReturned","Empty returned","Container milestones","unknown","2026-10-09"
"Terminal Darsena Toscana","","","Livorno","ITLIV","Italy","Europe","ITLIVTDT","","importMilestones","Import milestones","Container milestones","supported","2026-10-09"
"Terminal Darsena Toscana","","","Livorno","ITLIV","Italy","Europe","ITLIVTDT","","availableForPickup","Available for pickup","Pickup & availability","supported","2026-10-09"
"Terminal Darsena Toscana","","","Livorno","ITLIV","Italy","Europe","ITLIVTDT","","lastFreeDay","Terminal LFD","Pickup & availability","supported","2026-10-09"
"Terminal Darsena Toscana","","","Livorno","ITLIV","Italy","Europe","ITLIVTDT","","holds","Holds & releases","Holds & fees","supported","2026-10-09"
"Terminal Darsena Toscana","","","Livorno","ITLIV","Italy","Europe","ITLIVTDT","","feeType","Fee type","Holds & fees","supported","2026-10-09"
"Terminal Darsena Toscana","","","Livorno","ITLIV","Italy","Europe","ITLIVTDT","","feeAmount","Fee amount","Holds & fees","supported","2026-10-09"
"Terminal Darsena Toscana","","","Livorno","ITLIV","Italy","Europe","ITLIVTDT","","pickupAppointment","Pickup appointment","Gate & yard","supported","2026-10-09"
"Terminal Darsena Toscana","","","Livorno","ITLIV","Italy","Europe","ITLIVTDT","","yardLocation","Yard location","Gate & yard","supported","2026-10-09"
"Terminal Darsena Toscana","","","Livorno","ITLIV","Italy","Europe","ITLIVTDT","","vesselDischarged","Vessel discharged","Container milestones","supported","2026-10-09"
"Terminal Darsena Toscana","","","Livorno","ITLIV","Italy","Europe","ITLIVTDT","","fullOut","Full out","Container milestones","supported","2026-10-09"
"Terminal Darsena Toscana","","","Livorno","ITLIV","Italy","Europe","ITLIVTDT","","chassisNumber","Chassis number","Gate & yard","supported","2026-10-09"
"Terminal Darsena Toscana","","","Livorno","ITLIV","Italy","Europe","ITLIVTDT","","onRail","On rail","Container milestones","supported","2026-10-09"
"Terminal Darsena Toscana","","","Livorno","ITLIV","Italy","Europe","ITLIVTDT","","emptyReturned","Empty returned","Container milestones","supported","2026-10-09"
"Terminal Dock Etruschi","","","Livorno","ITLIV","Italy","Europe","ITLIVIMP","","importMilestones","Import milestones","Container milestones","supported","2026-10-09"
"Terminal Dock Etruschi","","","Livorno","ITLIV","Italy","Europe","ITLIVIMP","","availableForPickup","Available for pickup","Pickup & availability","unknown","2026-10-09"
"Terminal Dock Etruschi","","","Livorno","ITLIV","Italy","Europe","ITLIVIMP","","lastFreeDay","Terminal LFD","Pickup & availability","unknown","2026-10-09"
"Terminal Dock Etruschi","","","Livorno","ITLIV","Italy","Europe","ITLIVIMP","","holds","Holds & releases","Holds & fees","unknown","2026-10-09"
"Terminal Dock Etruschi","","","Livorno","ITLIV","Italy","Europe","ITLIVIMP","","feeType","Fee type","Holds & fees","unknown","2026-10-09"
"Terminal Dock Etruschi","","","Livorno","ITLIV","Italy","Europe","ITLIVIMP","","feeAmount","Fee amount","Holds & fees","unknown","2026-10-09"
"Terminal Dock Etruschi","","","Livorno","ITLIV","Italy","Europe","ITLIVIMP","","pickupAppointment","Pickup appointment","Gate & yard","unknown","2026-10-09"
"Terminal Dock Etruschi","","","Livorno","ITLIV","Italy","Europe","ITLIVIMP","","yardLocation","Yard location","Gate & yard","unknown","2026-10-09"
"Terminal Dock Etruschi","","","Livorno","ITLIV","Italy","Europe","ITLIVIMP","","vesselDischarged","Vessel discharged","Container milestones","unknown","2026-10-09"
"Terminal Dock Etruschi","","","Livorno","ITLIV","Italy","Europe","ITLIVIMP","","fullOut","Full out","Container milestones","unknown","2026-10-09"
"Terminal Dock Etruschi","","","Livorno","ITLIV","Italy","Europe","ITLIVIMP","","chassisNumber","Chassis number","Gate & yard","unknown","2026-10-09"
"Terminal Dock Etruschi","","","Livorno","ITLIV","Italy","Europe","ITLIVIMP","","onRail","On rail","Container milestones","unknown","2026-10-09"
"Terminal Dock Etruschi","","","Livorno","ITLIV","Italy","Europe","ITLIVIMP","","emptyReturned","Empty returned","Container milestones","unknown","2026-10-09"
"Terminal Lorenzini","","","Livorno","ITLIV","Italy","Europe","ITLIVLOREN","","importMilestones","Import milestones","Container milestones","supported","2026-10-09"
"Terminal Lorenzini","","","Livorno","ITLIV","Italy","Europe","ITLIVLOREN","","availableForPickup","Available for pickup","Pickup & availability","supported","2026-10-09"
"Terminal Lorenzini","","","Livorno","ITLIV","Italy","Europe","ITLIVLOREN","","lastFreeDay","Terminal LFD","Pickup & availability","supported","2026-10-09"
"Terminal Lorenzini","","","Livorno","ITLIV","Italy","Europe","ITLIVLOREN","","holds","Holds & releases","Holds & fees","supported","2026-10-09"
"Terminal Lorenzini","","","Livorno","ITLIV","Italy","Europe","ITLIVLOREN","","feeType","Fee type","Holds & fees","supported","2026-10-09"
"Terminal Lorenzini","","","Livorno","ITLIV","Italy","Europe","ITLIVLOREN","","feeAmount","Fee amount","Holds & fees","supported","2026-10-09"
"Terminal Lorenzini","","","Livorno","ITLIV","Italy","Europe","ITLIVLOREN","","pickupAppointment","Pickup appointment","Gate & yard","supported","2026-10-09"
"Terminal Lorenzini","","","Livorno","ITLIV","Italy","Europe","ITLIVLOREN","","yardLocation","Yard location","Gate & yard","supported","2026-10-09"
"Terminal Lorenzini","","","Livorno","ITLIV","Italy","Europe","ITLIVLOREN","","vesselDischarged","Vessel discharged","Container milestones","supported","2026-10-09"
"Terminal Lorenzini","","","Livorno","ITLIV","Italy","Europe","ITLIVLOREN","","fullOut","Full out","Container milestones","supported","2026-10-09"
"Terminal Lorenzini","","","Livorno","ITLIV","Italy","Europe","ITLIVLOREN","","chassisNumber","Chassis number","Gate & yard","supported","2026-10-09"
"Terminal Lorenzini","","","Livorno","ITLIV","Italy","Europe","ITLIVLOREN","","onRail","On rail","Container milestones","supported","2026-10-09"
"Terminal Lorenzini","","","Livorno","ITLIV","Italy","Europe","ITLIVLOREN","","emptyReturned","Empty returned","Container milestones","supported","2026-10-09"
"Conateco Terminal","","","Naples","ITNAP","Italy","Europe","ITNAPCONA","","importMilestones","Import milestones","Container milestones","supported","2026-10-09"
"Conateco Terminal","","","Naples","ITNAP","Italy","Europe","ITNAPCONA","","availableForPickup","Available for pickup","Pickup & availability","supported","2026-10-09"
"Conateco Terminal","","","Naples","ITNAP","Italy","Europe","ITNAPCONA","","lastFreeDay","Terminal LFD","Pickup & availability","supported","2026-10-09"
"Conateco Terminal","","","Naples","ITNAP","Italy","Europe","ITNAPCONA","","holds","Holds & releases","Holds & fees","supported","2026-10-09"
"Conateco Terminal","","","Naples","ITNAP","Italy","Europe","ITNAPCONA","","feeType","Fee type","Holds & fees","supported","2026-10-09"
"Conateco Terminal","","","Naples","ITNAP","Italy","Europe","ITNAPCONA","","feeAmount","Fee amount","Holds & fees","supported","2026-10-09"
"Conateco Terminal","","","Naples","ITNAP","Italy","Europe","ITNAPCONA","","pickupAppointment","Pickup appointment","Gate & yard","supported","2026-10-09"
"Conateco Terminal","","","Naples","ITNAP","Italy","Europe","ITNAPCONA","","yardLocation","Yard location","Gate & yard","supported","2026-10-09"
"Conateco Terminal","","","Naples","ITNAP","Italy","Europe","ITNAPCONA","","vesselDischarged","Vessel discharged","Container milestones","supported","2026-10-09"
"Conateco Terminal","","","Naples","ITNAP","Italy","Europe","ITNAPCONA","","fullOut","Full out","Container milestones","supported","2026-10-09"
"Conateco Terminal","","","Naples","ITNAP","Italy","Europe","ITNAPCONA","","chassisNumber","Chassis number","Gate & yard","supported","2026-10-09"
"Conateco Terminal","","","Naples","ITNAP","Italy","Europe","ITNAPCONA","","onRail","On rail","Container milestones","supported","2026-10-09"
"Conateco Terminal","","","Naples","ITNAP","Italy","Europe","ITNAPCONA","","emptyReturned","Empty returned","Container milestones","supported","2026-10-09"
"Kingston Container Terminal","","","Kingston","JMKIN","Jamaica","Latin America","JMKINKCT","","importMilestones","Import milestones","Container milestones","supported","2026-10-09"
"Kingston Container Terminal","","","Kingston","JMKIN","Jamaica","Latin America","JMKINKCT","","availableForPickup","Available for pickup","Pickup & availability","unsupported","2026-10-09"
"Kingston Container Terminal","","","Kingston","JMKIN","Jamaica","Latin America","JMKINKCT","","lastFreeDay","Terminal LFD","Pickup & availability","unsupported","2026-10-09"
"Kingston Container Terminal","","","Kingston","JMKIN","Jamaica","Latin America","JMKINKCT","","holds","Holds & releases","Holds & fees","supported","2026-10-09"
"Kingston Container Terminal","","","Kingston","JMKIN","Jamaica","Latin America","JMKINKCT","","feeType","Fee type","Holds & fees","supported","2026-10-09"
"Kingston Container Terminal","","","Kingston","JMKIN","Jamaica","Latin America","JMKINKCT","","feeAmount","Fee amount","Holds & fees","supported","2026-10-09"
"Kingston Container Terminal","","","Kingston","JMKIN","Jamaica","Latin America","JMKINKCT","","pickupAppointment","Pickup appointment","Gate & yard","unsupported","2026-10-09"
"Kingston Container Terminal","","","Kingston","JMKIN","Jamaica","Latin America","JMKINKCT","","yardLocation","Yard location","Gate & yard","unsupported","2026-10-09"
"Kingston Container Terminal","","","Kingston","JMKIN","Jamaica","Latin America","JMKINKCT","","vesselDischarged","Vessel discharged","Container milestones","supported","2026-10-09"
"Kingston Container Terminal","","","Kingston","JMKIN","Jamaica","Latin America","JMKINKCT","","fullOut","Full out","Container milestones","supported","2026-10-09"
"Kingston Container Terminal","","","Kingston","JMKIN","Jamaica","Latin America","JMKINKCT","","chassisNumber","Chassis number","Gate & yard","unsupported","2026-10-09"
"Kingston Container Terminal","","","Kingston","JMKIN","Jamaica","Latin America","JMKINKCT","","onRail","On rail","Container milestones","supported","2026-10-09"
"Kingston Container Terminal","","","Kingston","JMKIN","Jamaica","Latin America","JMKINKCT","","emptyReturned","Empty returned","Container milestones","unsupported","2026-10-09"
"Aqaba Container Terminal","","","Al 'Aqabah","JOAQJ","Jordan","Middle East","JOAQJACT","","importMilestones","Import milestones","Container milestones","supported","2026-10-09"
"Aqaba Container Terminal","","","Al 'Aqabah","JOAQJ","Jordan","Middle East","JOAQJACT","","availableForPickup","Available for pickup","Pickup & availability","supported","2026-10-09"
"Aqaba Container Terminal","","","Al 'Aqabah","JOAQJ","Jordan","Middle East","JOAQJACT","","lastFreeDay","Terminal LFD","Pickup & availability","supported","2026-10-09"
"Aqaba Container Terminal","","","Al 'Aqabah","JOAQJ","Jordan","Middle East","JOAQJACT","","holds","Holds & releases","Holds & fees","limited","2026-10-09"
"Aqaba Container Terminal","","","Al 'Aqabah","JOAQJ","Jordan","Middle East","JOAQJACT","","feeType","Fee type","Holds & fees","supported","2026-10-09"
"Aqaba Container Terminal","","","Al 'Aqabah","JOAQJ","Jordan","Middle East","JOAQJACT","","feeAmount","Fee amount","Holds & fees","supported","2026-10-09"
"Aqaba Container Terminal","","","Al 'Aqabah","JOAQJ","Jordan","Middle East","JOAQJACT","","pickupAppointment","Pickup appointment","Gate & yard","supported","2026-10-09"
"Aqaba Container Terminal","","","Al 'Aqabah","JOAQJ","Jordan","Middle East","JOAQJACT","","yardLocation","Yard location","Gate & yard","supported","2026-10-09"
"Aqaba Container Terminal","","","Al 'Aqabah","JOAQJ","Jordan","Middle East","JOAQJACT","","vesselDischarged","Vessel discharged","Container milestones","supported","2026-10-09"
"Aqaba Container Terminal","","","Al 'Aqabah","JOAQJ","Jordan","Middle East","JOAQJACT","","fullOut","Full out","Container milestones","supported","2026-10-09"
"Aqaba Container Terminal","","","Al 'Aqabah","JOAQJ","Jordan","Middle East","JOAQJACT","","chassisNumber","Chassis number","Gate & yard","supported","2026-10-09"
"Aqaba Container Terminal","","","Al 'Aqabah","JOAQJ","Jordan","Middle East","JOAQJACT","","onRail","On rail","Container milestones","supported","2026-10-09"
"Aqaba Container Terminal","","","Al 'Aqabah","JOAQJ","Jordan","Middle East","JOAQJACT","","emptyReturned","Empty returned","Container milestones","supported","2026-10-09"
"CMA Beirut Terminal","","","Beirut","LBBEY","Lebanon","Middle East","LBBEYBCTC","","importMilestones","Import milestones","Container milestones","supported","2026-10-09"
"CMA Beirut Terminal","","","Beirut","LBBEY","Lebanon","Middle East","LBBEYBCTC","","availableForPickup","Available for pickup","Pickup & availability","unsupported","2026-10-09"
"CMA Beirut Terminal","","","Beirut","LBBEY","Lebanon","Middle East","LBBEYBCTC","","lastFreeDay","Terminal LFD","Pickup & availability","unsupported","2026-10-09"
"CMA Beirut Terminal","","","Beirut","LBBEY","Lebanon","Middle East","LBBEYBCTC","","holds","Holds & releases","Holds & fees","supported","2026-10-09"
"CMA Beirut Terminal","","","Beirut","LBBEY","Lebanon","Middle East","LBBEYBCTC","","feeType","Fee type","Holds & fees","supported","2026-10-09"
"CMA Beirut Terminal","","","Beirut","LBBEY","Lebanon","Middle East","LBBEYBCTC","","feeAmount","Fee amount","Holds & fees","supported","2026-10-09"
"CMA Beirut Terminal","","","Beirut","LBBEY","Lebanon","Middle East","LBBEYBCTC","","pickupAppointment","Pickup appointment","Gate & yard","unsupported","2026-10-09"
"CMA Beirut Terminal","","","Beirut","LBBEY","Lebanon","Middle East","LBBEYBCTC","","yardLocation","Yard location","Gate & yard","supported","2026-10-09"
"CMA Beirut Terminal","","","Beirut","LBBEY","Lebanon","Middle East","LBBEYBCTC","","vesselDischarged","Vessel discharged","Container milestones","supported","2026-10-09"
"CMA Beirut Terminal","","","Beirut","LBBEY","Lebanon","Middle East","LBBEYBCTC","","fullOut","Full out","Container milestones","supported","2026-10-09"
"CMA Beirut Terminal","","","Beirut","LBBEY","Lebanon","Middle East","LBBEYBCTC","","chassisNumber","Chassis number","Gate & yard","unsupported","2026-10-09"
"CMA Beirut Terminal","","","Beirut","LBBEY","Lebanon","Middle East","LBBEYBCTC","","onRail","On rail","Container milestones","supported","2026-10-09"
"CMA Beirut Terminal","","","Beirut","LBBEY","Lebanon","Middle East","LBBEYBCTC","","emptyReturned","Empty returned","Container milestones","limited","2026-10-09"
"Terminal Portuaria","","","Altamira","MXATM","Mexico","Mexico","20","","importMilestones","Import milestones","Container milestones","supported","2026-10-09"
"Terminal Portuaria","","","Altamira","MXATM","Mexico","Mexico","20","","availableForPickup","Available for pickup","Pickup & availability","unsupported","2026-10-09"
"Terminal Portuaria","","","Altamira","MXATM","Mexico","Mexico","20","","lastFreeDay","Terminal LFD","Pickup & availability","supported","2026-10-09"
"Terminal Portuaria","","","Altamira","MXATM","Mexico","Mexico","20","","holds","Holds & releases","Holds & fees","supported","2026-10-09"
"Terminal Portuaria","","","Altamira","MXATM","Mexico","Mexico","20","","feeType","Fee type","Holds & fees","supported","2026-10-09"
"Terminal Portuaria","","","Altamira","MXATM","Mexico","Mexico","20","","feeAmount","Fee amount","Holds & fees","supported","2026-10-09"
"Terminal Portuaria","","","Altamira","MXATM","Mexico","Mexico","20","","pickupAppointment","Pickup appointment","Gate & yard","unsupported","2026-10-09"
"Terminal Portuaria","","","Altamira","MXATM","Mexico","Mexico","20","","yardLocation","Yard location","Gate & yard","unsupported","2026-10-09"
"Terminal Portuaria","","","Altamira","MXATM","Mexico","Mexico","20","","vesselDischarged","Vessel discharged","Container milestones","unsupported","2026-10-09"
"Terminal Portuaria","","","Altamira","MXATM","Mexico","Mexico","20","","fullOut","Full out","Container milestones","supported","2026-10-09"
"Terminal Portuaria","","","Altamira","MXATM","Mexico","Mexico","20","","chassisNumber","Chassis number","Gate & yard","unsupported","2026-10-09"
"Terminal Portuaria","","","Altamira","MXATM","Mexico","Mexico","20","","onRail","On rail","Container milestones","supported","2026-10-09"
"Terminal Portuaria","","","Altamira","MXATM","Mexico","Mexico","20","","emptyReturned","Empty returned","Container milestones","unsupported","2026-10-09"
"International Terminal","","","Ensenada","MXESE","Mexico","Mexico","27","","importMilestones","Import milestones","Container milestones","supported","2026-10-09"
"International Terminal","","","Ensenada","MXESE","Mexico","Mexico","27","","availableForPickup","Available for pickup","Pickup & availability","supported","2026-10-09"
"International Terminal","","","Ensenada","MXESE","Mexico","Mexico","27","","lastFreeDay","Terminal LFD","Pickup & availability","supported","2026-10-09"
"International Terminal","","","Ensenada","MXESE","Mexico","Mexico","27","","holds","Holds & releases","Holds & fees","supported","2026-10-09"
"International Terminal","","","Ensenada","MXESE","Mexico","Mexico","27","","feeType","Fee type","Holds & fees","supported","2026-10-09"
"International Terminal","","","Ensenada","MXESE","Mexico","Mexico","27","","feeAmount","Fee amount","Holds & fees","supported","2026-10-09"
"International Terminal","","","Ensenada","MXESE","Mexico","Mexico","27","","pickupAppointment","Pickup appointment","Gate & yard","supported","2026-10-09"
"International Terminal","","","Ensenada","MXESE","Mexico","Mexico","27","","yardLocation","Yard location","Gate & yard","supported","2026-10-09"
"International Terminal","","","Ensenada","MXESE","Mexico","Mexico","27","","vesselDischarged","Vessel discharged","Container milestones","supported","2026-10-09"
"International Terminal","","","Ensenada","MXESE","Mexico","Mexico","27","","fullOut","Full out","Container milestones","supported","2026-10-09"
"International Terminal","","","Ensenada","MXESE","Mexico","Mexico","27","","chassisNumber","Chassis number","Gate & yard","supported","2026-10-09"
"International Terminal","","","Ensenada","MXESE","Mexico","Mexico","27","","onRail","On rail","Container milestones","supported","2026-10-09"
"International Terminal","","","Ensenada","MXESE","Mexico","Mexico","27","","emptyReturned","Empty returned","Container milestones","supported","2026-10-09"
"APM Terminals","","","Lazaro Cardenas","MXLZC","Mexico","Mexico","257","","importMilestones","Import milestones","Container milestones","supported","2026-10-09"
"APM Terminals","","","Lazaro Cardenas","MXLZC","Mexico","Mexico","257","","availableForPickup","Available for pickup","Pickup & availability","supported","2026-10-09"
"APM Terminals","","","Lazaro Cardenas","MXLZC","Mexico","Mexico","257","","lastFreeDay","Terminal LFD","Pickup & availability","unsupported","2026-10-09"
"APM Terminals","","","Lazaro Cardenas","MXLZC","Mexico","Mexico","257","","holds","Holds & releases","Holds & fees","supported","2026-10-09"
"APM Terminals","","","Lazaro Cardenas","MXLZC","Mexico","Mexico","257","","feeType","Fee type","Holds & fees","supported","2026-10-09"
"APM Terminals","","","Lazaro Cardenas","MXLZC","Mexico","Mexico","257","","feeAmount","Fee amount","Holds & fees","supported","2026-10-09"
"APM Terminals","","","Lazaro Cardenas","MXLZC","Mexico","Mexico","257","","pickupAppointment","Pickup appointment","Gate & yard","unsupported","2026-10-09"
"APM Terminals","","","Lazaro Cardenas","MXLZC","Mexico","Mexico","257","","yardLocation","Yard location","Gate & yard","unsupported","2026-10-09"
"APM Terminals","","","Lazaro Cardenas","MXLZC","Mexico","Mexico","257","","vesselDischarged","Vessel discharged","Container milestones","supported","2026-10-09"
"APM Terminals","","","Lazaro Cardenas","MXLZC","Mexico","Mexico","257","","fullOut","Full out","Container milestones","supported","2026-10-09"
"APM Terminals","","","Lazaro Cardenas","MXLZC","Mexico","Mexico","257","","chassisNumber","Chassis number","Gate & yard","unsupported","2026-10-09"
"APM Terminals","","","Lazaro Cardenas","MXLZC","Mexico","Mexico","257","","onRail","On rail","Container milestones","supported","2026-10-09"
"APM Terminals","","","Lazaro Cardenas","MXLZC","Mexico","Mexico","257","","emptyReturned","Empty returned","Container milestones","unsupported","2026-10-09"
"Terminal Portuaria de Contenedores","","","Lazaro Cardenas","MXLZC","Mexico","Mexico","200","","importMilestones","Import milestones","Container milestones","supported","2026-10-09"
"Terminal Portuaria de Contenedores","","","Lazaro Cardenas","MXLZC","Mexico","Mexico","200","","availableForPickup","Available for pickup","Pickup & availability","supported","2026-10-09"
"Terminal Portuaria de Contenedores","","","Lazaro Cardenas","MXLZC","Mexico","Mexico","200","","lastFreeDay","Terminal LFD","Pickup & availability","unsupported","2026-10-09"
"Terminal Portuaria de Contenedores","","","Lazaro Cardenas","MXLZC","Mexico","Mexico","200","","holds","Holds & releases","Holds & fees","supported","2026-10-09"
"Terminal Portuaria de Contenedores","","","Lazaro Cardenas","MXLZC","Mexico","Mexico","200","","feeType","Fee type","Holds & fees","supported","2026-10-09"
"Terminal Portuaria de Contenedores","","","Lazaro Cardenas","MXLZC","Mexico","Mexico","200","","feeAmount","Fee amount","Holds & fees","supported","2026-10-09"
"Terminal Portuaria de Contenedores","","","Lazaro Cardenas","MXLZC","Mexico","Mexico","200","","pickupAppointment","Pickup appointment","Gate & yard","unsupported","2026-10-09"
"Terminal Portuaria de Contenedores","","","Lazaro Cardenas","MXLZC","Mexico","Mexico","200","","yardLocation","Yard location","Gate & yard","unsupported","2026-10-09"
"Terminal Portuaria de Contenedores","","","Lazaro Cardenas","MXLZC","Mexico","Mexico","200","","vesselDischarged","Vessel discharged","Container milestones","supported","2026-10-09"
"Terminal Portuaria de Contenedores","","","Lazaro Cardenas","MXLZC","Mexico","Mexico","200","","fullOut","Full out","Container milestones","supported","2026-10-09"
"Terminal Portuaria de Contenedores","","","Lazaro Cardenas","MXLZC","Mexico","Mexico","200","","chassisNumber","Chassis number","Gate & yard","unsupported","2026-10-09"
"Terminal Portuaria de Contenedores","","","Lazaro Cardenas","MXLZC","Mexico","Mexico","200","","onRail","On rail","Container milestones","supported","2026-10-09"
"Terminal Portuaria de Contenedores","","","Lazaro Cardenas","MXLZC","Mexico","Mexico","200","","emptyReturned","Empty returned","Container milestones","unsupported","2026-10-09"
"Contecon","","","Manzanillo","MXZLO","Mexico","Mexico","241","","importMilestones","Import milestones","Container milestones","supported","2026-10-09"
"Contecon","","","Manzanillo","MXZLO","Mexico","Mexico","241","","availableForPickup","Available for pickup","Pickup & availability","supported","2026-10-09"
"Contecon","","","Manzanillo","MXZLO","Mexico","Mexico","241","","lastFreeDay","Terminal LFD","Pickup & availability","unsupported","2026-10-09"
"Contecon","","","Manzanillo","MXZLO","Mexico","Mexico","241","","holds","Holds & releases","Holds & fees","limited","2026-10-09"
"Contecon","","","Manzanillo","MXZLO","Mexico","Mexico","241","","feeType","Fee type","Holds & fees","supported","2026-10-09"
"Contecon","","","Manzanillo","MXZLO","Mexico","Mexico","241","","feeAmount","Fee amount","Holds & fees","supported","2026-10-09"
"Contecon","","","Manzanillo","MXZLO","Mexico","Mexico","241","","pickupAppointment","Pickup appointment","Gate & yard","unsupported","2026-10-09"
"Contecon","","","Manzanillo","MXZLO","Mexico","Mexico","241","","yardLocation","Yard location","Gate & yard","unsupported","2026-10-09"
"Contecon","","","Manzanillo","MXZLO","Mexico","Mexico","241","","vesselDischarged","Vessel discharged","Container milestones","supported","2026-10-09"
"Contecon","","","Manzanillo","MXZLO","Mexico","Mexico","241","","fullOut","Full out","Container milestones","supported","2026-10-09"
"Contecon","","","Manzanillo","MXZLO","Mexico","Mexico","241","","chassisNumber","Chassis number","Gate & yard","unsupported","2026-10-09"
"Contecon","","","Manzanillo","MXZLO","Mexico","Mexico","241","","onRail","On rail","Container milestones","supported","2026-10-09"
"Contecon","","","Manzanillo","MXZLO","Mexico","Mexico","241","","emptyReturned","Empty returned","Container milestones","unsupported","2026-10-09"
"SSA Mexico","","","Manzanillo","MXZLO","Mexico","Mexico","39","","importMilestones","Import milestones","Container milestones","supported","2026-10-09"
"SSA Mexico","","","Manzanillo","MXZLO","Mexico","Mexico","39","","availableForPickup","Available for pickup","Pickup & availability","supported","2026-10-09"
"SSA Mexico","","","Manzanillo","MXZLO","Mexico","Mexico","39","","lastFreeDay","Terminal LFD","Pickup & availability","unsupported","2026-10-09"
"SSA Mexico","","","Manzanillo","MXZLO","Mexico","Mexico","39","","holds","Holds & releases","Holds & fees","limited","2026-10-09"
"SSA Mexico","","","Manzanillo","MXZLO","Mexico","Mexico","39","","feeType","Fee type","Holds & fees","supported","2026-10-09"
"SSA Mexico","","","Manzanillo","MXZLO","Mexico","Mexico","39","","feeAmount","Fee amount","Holds & fees","supported","2026-10-09"
"SSA Mexico","","","Manzanillo","MXZLO","Mexico","Mexico","39","","pickupAppointment","Pickup appointment","Gate & yard","unsupported","2026-10-09"
"SSA Mexico","","","Manzanillo","MXZLO","Mexico","Mexico","39","","yardLocation","Yard location","Gate & yard","supported","2026-10-09"
"SSA Mexico","","","Manzanillo","MXZLO","Mexico","Mexico","39","","vesselDischarged","Vessel discharged","Container milestones","supported","2026-10-09"
"SSA Mexico","","","Manzanillo","MXZLO","Mexico","Mexico","39","","fullOut","Full out","Container milestones","supported","2026-10-09"
"SSA Mexico","","","Manzanillo","MXZLO","Mexico","Mexico","39","","chassisNumber","Chassis number","Gate & yard","unsupported","2026-10-09"
"SSA Mexico","","","Manzanillo","MXZLO","Mexico","Mexico","39","","onRail","On rail","Container milestones","supported","2026-10-09"
"SSA Mexico","","","Manzanillo","MXZLO","Mexico","Mexico","39","","emptyReturned","Empty returned","Container milestones","unsupported","2026-10-09"
"Terminal Internacional de Manzanillo","","","Manzanillo","MXZLO","Mexico","Mexico","40","","importMilestones","Import milestones","Container milestones","supported","2026-10-09"
"Terminal Internacional de Manzanillo","","","Manzanillo","MXZLO","Mexico","Mexico","40","","availableForPickup","Available for pickup","Pickup & availability","supported","2026-10-09"
"Terminal Internacional de Manzanillo","","","Manzanillo","MXZLO","Mexico","Mexico","40","","lastFreeDay","Terminal LFD","Pickup & availability","supported","2026-10-09"
"Terminal Internacional de Manzanillo","","","Manzanillo","MXZLO","Mexico","Mexico","40","","holds","Holds & releases","Holds & fees","supported","2026-10-09"
"Terminal Internacional de Manzanillo","","","Manzanillo","MXZLO","Mexico","Mexico","40","","feeType","Fee type","Holds & fees","supported","2026-10-09"
"Terminal Internacional de Manzanillo","","","Manzanillo","MXZLO","Mexico","Mexico","40","","feeAmount","Fee amount","Holds & fees","supported","2026-10-09"
"Terminal Internacional de Manzanillo","","","Manzanillo","MXZLO","Mexico","Mexico","40","","pickupAppointment","Pickup appointment","Gate & yard","supported","2026-10-09"
"Terminal Internacional de Manzanillo","","","Manzanillo","MXZLO","Mexico","Mexico","40","","yardLocation","Yard location","Gate & yard","supported","2026-10-09"
"Terminal Internacional de Manzanillo","","","Manzanillo","MXZLO","Mexico","Mexico","40","","vesselDischarged","Vessel discharged","Container milestones","supported","2026-10-09"
"Terminal Internacional de Manzanillo","","","Manzanillo","MXZLO","Mexico","Mexico","40","","fullOut","Full out","Container milestones","supported","2026-10-09"
"Terminal Internacional de Manzanillo","","","Manzanillo","MXZLO","Mexico","Mexico","40","","chassisNumber","Chassis number","Gate & yard","supported","2026-10-09"
"Terminal Internacional de Manzanillo","","","Manzanillo","MXZLO","Mexico","Mexico","40","","onRail","On rail","Container milestones","supported","2026-10-09"
"Terminal Internacional de Manzanillo","","","Manzanillo","MXZLO","Mexico","Mexico","40","","emptyReturned","Empty returned","Container milestones","supported","2026-10-09"
"Terminal de Contenedores de Yucatan","","","Progreso","MXPGO","Mexico","Mexico","184","","importMilestones","Import milestones","Container milestones","supported","2026-10-09"
"Terminal de Contenedores de Yucatan","","","Progreso","MXPGO","Mexico","Mexico","184","","availableForPickup","Available for pickup","Pickup & availability","limited","2026-10-09"
"Terminal de Contenedores de Yucatan","","","Progreso","MXPGO","Mexico","Mexico","184","","lastFreeDay","Terminal LFD","Pickup & availability","unsupported","2026-10-09"
"Terminal de Contenedores de Yucatan","","","Progreso","MXPGO","Mexico","Mexico","184","","holds","Holds & releases","Holds & fees","limited","2026-10-09"
"Terminal de Contenedores de Yucatan","","","Progreso","MXPGO","Mexico","Mexico","184","","feeType","Fee type","Holds & fees","supported","2026-10-09"
"Terminal de Contenedores de Yucatan","","","Progreso","MXPGO","Mexico","Mexico","184","","feeAmount","Fee amount","Holds & fees","supported","2026-10-09"
"Terminal de Contenedores de Yucatan","","","Progreso","MXPGO","Mexico","Mexico","184","","pickupAppointment","Pickup appointment","Gate & yard","supported","2026-10-09"
"Terminal de Contenedores de Yucatan","","","Progreso","MXPGO","Mexico","Mexico","184","","yardLocation","Yard location","Gate & yard","supported","2026-10-09"
"Terminal de Contenedores de Yucatan","","","Progreso","MXPGO","Mexico","Mexico","184","","vesselDischarged","Vessel discharged","Container milestones","limited","2026-10-09"
"Terminal de Contenedores de Yucatan","","","Progreso","MXPGO","Mexico","Mexico","184","","fullOut","Full out","Container milestones","supported","2026-10-09"
"Terminal de Contenedores de Yucatan","","","Progreso","MXPGO","Mexico","Mexico","184","","chassisNumber","Chassis number","Gate & yard","unsupported","2026-10-09"
"Terminal de Contenedores de Yucatan","","","Progreso","MXPGO","Mexico","Mexico","184","","onRail","On rail","Container milestones","supported","2026-10-09"
"Terminal de Contenedores de Yucatan","","","Progreso","MXPGO","Mexico","Mexico","184","","emptyReturned","Empty returned","Container milestones","unsupported","2026-10-09"
"Hutchison ICAVE","","","Veracruz","MXVER","Mexico","Mexico","69","","importMilestones","Import milestones","Container milestones","supported","2026-10-09"
"Hutchison ICAVE","","","Veracruz","MXVER","Mexico","Mexico","69","","availableForPickup","Available for pickup","Pickup & availability","supported","2026-10-09"
"Hutchison ICAVE","","","Veracruz","MXVER","Mexico","Mexico","69","","lastFreeDay","Terminal LFD","Pickup & availability","unsupported","2026-10-09"
"Hutchison ICAVE","","","Veracruz","MXVER","Mexico","Mexico","69","","holds","Holds & releases","Holds & fees","supported","2026-10-09"
"Hutchison ICAVE","","","Veracruz","MXVER","Mexico","Mexico","69","","feeType","Fee type","Holds & fees","supported","2026-10-09"
"Hutchison ICAVE","","","Veracruz","MXVER","Mexico","Mexico","69","","feeAmount","Fee amount","Holds & fees","supported","2026-10-09"
"Hutchison ICAVE","","","Veracruz","MXVER","Mexico","Mexico","69","","pickupAppointment","Pickup appointment","Gate & yard","unsupported","2026-10-09"
"Hutchison ICAVE","","","Veracruz","MXVER","Mexico","Mexico","69","","yardLocation","Yard location","Gate & yard","unsupported","2026-10-09"
"Hutchison ICAVE","","","Veracruz","MXVER","Mexico","Mexico","69","","vesselDischarged","Vessel discharged","Container milestones","supported","2026-10-09"
"Hutchison ICAVE","","","Veracruz","MXVER","Mexico","Mexico","69","","fullOut","Full out","Container milestones","supported","2026-10-09"
"Hutchison ICAVE","","","Veracruz","MXVER","Mexico","Mexico","69","","chassisNumber","Chassis number","Gate & yard","unsupported","2026-10-09"
"Hutchison ICAVE","","","Veracruz","MXVER","Mexico","Mexico","69","","onRail","On rail","Container milestones","supported","2026-10-09"
"Hutchison ICAVE","","","Veracruz","MXVER","Mexico","Mexico","69","","emptyReturned","Empty returned","Container milestones","unsupported","2026-10-09"
"APM Terminals Salalah","","","Salalah","OMSLL","Oman","Middle East","OMSLLAPMT","","importMilestones","Import milestones","Container milestones","supported","2026-10-09"
"APM Terminals Salalah","","","Salalah","OMSLL","Oman","Middle East","OMSLLAPMT","","availableForPickup","Available for pickup","Pickup & availability","supported","2026-10-09"
"APM Terminals Salalah","","","Salalah","OMSLL","Oman","Middle East","OMSLLAPMT","","lastFreeDay","Terminal LFD","Pickup & availability","supported","2026-10-09"
"APM Terminals Salalah","","","Salalah","OMSLL","Oman","Middle East","OMSLLAPMT","","holds","Holds & releases","Holds & fees","supported","2026-10-09"
"APM Terminals Salalah","","","Salalah","OMSLL","Oman","Middle East","OMSLLAPMT","","feeType","Fee type","Holds & fees","supported","2026-10-09"
"APM Terminals Salalah","","","Salalah","OMSLL","Oman","Middle East","OMSLLAPMT","","feeAmount","Fee amount","Holds & fees","supported","2026-10-09"
"APM Terminals Salalah","","","Salalah","OMSLL","Oman","Middle East","OMSLLAPMT","","pickupAppointment","Pickup appointment","Gate & yard","supported","2026-10-09"
"APM Terminals Salalah","","","Salalah","OMSLL","Oman","Middle East","OMSLLAPMT","","yardLocation","Yard location","Gate & yard","supported","2026-10-09"
"APM Terminals Salalah","","","Salalah","OMSLL","Oman","Middle East","OMSLLAPMT","","vesselDischarged","Vessel discharged","Container milestones","supported","2026-10-09"
"APM Terminals Salalah","","","Salalah","OMSLL","Oman","Middle East","OMSLLAPMT","","fullOut","Full out","Container milestones","supported","2026-10-09"
"APM Terminals Salalah","","","Salalah","OMSLL","Oman","Middle East","OMSLLAPMT","","chassisNumber","Chassis number","Gate & yard","supported","2026-10-09"
"APM Terminals Salalah","","","Salalah","OMSLL","Oman","Middle East","OMSLLAPMT","","onRail","On rail","Container milestones","supported","2026-10-09"
"APM Terminals Salalah","","","Salalah","OMSLL","Oman","Middle East","OMSLLAPMT","","emptyReturned","Empty returned","Container milestones","supported","2026-10-09"
"South Asia Pakistan Terminal","","","Karachi","PKKHI","Pakistan","Asia","PKKHISAPT","","importMilestones","Import milestones","Container milestones","supported","2026-10-09"
"South Asia Pakistan Terminal","","","Karachi","PKKHI","Pakistan","Asia","PKKHISAPT","","availableForPickup","Available for pickup","Pickup & availability","unsupported","2026-10-09"
"South Asia Pakistan Terminal","","","Karachi","PKKHI","Pakistan","Asia","PKKHISAPT","","lastFreeDay","Terminal LFD","Pickup & availability","unsupported","2026-10-09"
"South Asia Pakistan Terminal","","","Karachi","PKKHI","Pakistan","Asia","PKKHISAPT","","holds","Holds & releases","Holds & fees","supported","2026-10-09"
"South Asia Pakistan Terminal","","","Karachi","PKKHI","Pakistan","Asia","PKKHISAPT","","feeType","Fee type","Holds & fees","supported","2026-10-09"
"South Asia Pakistan Terminal","","","Karachi","PKKHI","Pakistan","Asia","PKKHISAPT","","feeAmount","Fee amount","Holds & fees","supported","2026-10-09"
"South Asia Pakistan Terminal","","","Karachi","PKKHI","Pakistan","Asia","PKKHISAPT","","pickupAppointment","Pickup appointment","Gate & yard","unsupported","2026-10-09"
"South Asia Pakistan Terminal","","","Karachi","PKKHI","Pakistan","Asia","PKKHISAPT","","yardLocation","Yard location","Gate & yard","unsupported","2026-10-09"
"South Asia Pakistan Terminal","","","Karachi","PKKHI","Pakistan","Asia","PKKHISAPT","","vesselDischarged","Vessel discharged","Container milestones","supported","2026-10-09"
"South Asia Pakistan Terminal","","","Karachi","PKKHI","Pakistan","Asia","PKKHISAPT","","fullOut","Full out","Container milestones","supported","2026-10-09"
"South Asia Pakistan Terminal","","","Karachi","PKKHI","Pakistan","Asia","PKKHISAPT","","chassisNumber","Chassis number","Gate & yard","unsupported","2026-10-09"
"South Asia Pakistan Terminal","","","Karachi","PKKHI","Pakistan","Asia","PKKHISAPT","","onRail","On rail","Container milestones","supported","2026-10-09"
"South Asia Pakistan Terminal","","","Karachi","PKKHI","Pakistan","Asia","PKKHISAPT","","emptyReturned","Empty returned","Container milestones","unsupported","2026-10-09"
"APM Terminals Callao","","","Callao","PECLL","Peru","Latin America","PECLLAPMCLL","","importMilestones","Import milestones","Container milestones","supported","2026-10-09"
"APM Terminals Callao","","","Callao","PECLL","Peru","Latin America","PECLLAPMCLL","","availableForPickup","Available for pickup","Pickup & availability","supported","2026-10-09"
"APM Terminals Callao","","","Callao","PECLL","Peru","Latin America","PECLLAPMCLL","","lastFreeDay","Terminal LFD","Pickup & availability","unsupported","2026-10-09"
"APM Terminals Callao","","","Callao","PECLL","Peru","Latin America","PECLLAPMCLL","","holds","Holds & releases","Holds & fees","limited","2026-10-09"
"APM Terminals Callao","","","Callao","PECLL","Peru","Latin America","PECLLAPMCLL","","feeType","Fee type","Holds & fees","supported","2026-10-09"
"APM Terminals Callao","","","Callao","PECLL","Peru","Latin America","PECLLAPMCLL","","feeAmount","Fee amount","Holds & fees","supported","2026-10-09"
"APM Terminals Callao","","","Callao","PECLL","Peru","Latin America","PECLLAPMCLL","","pickupAppointment","Pickup appointment","Gate & yard","unsupported","2026-10-09"
"APM Terminals Callao","","","Callao","PECLL","Peru","Latin America","PECLLAPMCLL","","yardLocation","Yard location","Gate & yard","unsupported","2026-10-09"
"APM Terminals Callao","","","Callao","PECLL","Peru","Latin America","PECLLAPMCLL","","vesselDischarged","Vessel discharged","Container milestones","supported","2026-10-09"
"APM Terminals Callao","","","Callao","PECLL","Peru","Latin America","PECLLAPMCLL","","fullOut","Full out","Container milestones","unsupported","2026-10-09"
"APM Terminals Callao","","","Callao","PECLL","Peru","Latin America","PECLLAPMCLL","","chassisNumber","Chassis number","Gate & yard","unsupported","2026-10-09"
"APM Terminals Callao","","","Callao","PECLL","Peru","Latin America","PECLLAPMCLL","","onRail","On rail","Container milestones","supported","2026-10-09"
"APM Terminals Callao","","","Callao","PECLL","Peru","Latin America","PECLLAPMCLL","","emptyReturned","Empty returned","Container milestones","unsupported","2026-10-09"
"Baltic Container Terminal Gdynia","","","Gdynia","PLGDY","Poland","Europe","PLGDYBCT","","importMilestones","Import milestones","Container milestones","supported","2026-10-09"
"Baltic Container Terminal Gdynia","","","Gdynia","PLGDY","Poland","Europe","PLGDYBCT","","availableForPickup","Available for pickup","Pickup & availability","supported","2026-10-09"
"Baltic Container Terminal Gdynia","","","Gdynia","PLGDY","Poland","Europe","PLGDYBCT","","lastFreeDay","Terminal LFD","Pickup & availability","supported","2026-10-09"
"Baltic Container Terminal Gdynia","","","Gdynia","PLGDY","Poland","Europe","PLGDYBCT","","holds","Holds & releases","Holds & fees","supported","2026-10-09"
"Baltic Container Terminal Gdynia","","","Gdynia","PLGDY","Poland","Europe","PLGDYBCT","","feeType","Fee type","Holds & fees","supported","2026-10-09"
"Baltic Container Terminal Gdynia","","","Gdynia","PLGDY","Poland","Europe","PLGDYBCT","","feeAmount","Fee amount","Holds & fees","supported","2026-10-09"
"Baltic Container Terminal Gdynia","","","Gdynia","PLGDY","Poland","Europe","PLGDYBCT","","pickupAppointment","Pickup appointment","Gate & yard","supported","2026-10-09"
"Baltic Container Terminal Gdynia","","","Gdynia","PLGDY","Poland","Europe","PLGDYBCT","","yardLocation","Yard location","Gate & yard","supported","2026-10-09"
"Baltic Container Terminal Gdynia","","","Gdynia","PLGDY","Poland","Europe","PLGDYBCT","","vesselDischarged","Vessel discharged","Container milestones","supported","2026-10-09"
"Baltic Container Terminal Gdynia","","","Gdynia","PLGDY","Poland","Europe","PLGDYBCT","","fullOut","Full out","Container milestones","supported","2026-10-09"
"Baltic Container Terminal Gdynia","","","Gdynia","PLGDY","Poland","Europe","PLGDYBCT","","chassisNumber","Chassis number","Gate & yard","supported","2026-10-09"
"Baltic Container Terminal Gdynia","","","Gdynia","PLGDY","Poland","Europe","PLGDYBCT","","onRail","On rail","Container milestones","supported","2026-10-09"
"Baltic Container Terminal Gdynia","","","Gdynia","PLGDY","Poland","Europe","PLGDYBCT","","emptyReturned","Empty returned","Container milestones","supported","2026-10-09"
"Dammam First Container Terminal","","","Ad Dammam","SADMM","Saudi Arabia","Middle East","SADMMFCT","","importMilestones","Import milestones","Container milestones","supported","2026-10-09"
"Dammam First Container Terminal","","","Ad Dammam","SADMM","Saudi Arabia","Middle East","SADMMFCT","","availableForPickup","Available for pickup","Pickup & availability","supported","2026-10-09"
"Dammam First Container Terminal","","","Ad Dammam","SADMM","Saudi Arabia","Middle East","SADMMFCT","","lastFreeDay","Terminal LFD","Pickup & availability","supported","2026-10-09"
"Dammam First Container Terminal","","","Ad Dammam","SADMM","Saudi Arabia","Middle East","SADMMFCT","","holds","Holds & releases","Holds & fees","supported","2026-10-09"
"Dammam First Container Terminal","","","Ad Dammam","SADMM","Saudi Arabia","Middle East","SADMMFCT","","feeType","Fee type","Holds & fees","supported","2026-10-09"
"Dammam First Container Terminal","","","Ad Dammam","SADMM","Saudi Arabia","Middle East","SADMMFCT","","feeAmount","Fee amount","Holds & fees","supported","2026-10-09"
"Dammam First Container Terminal","","","Ad Dammam","SADMM","Saudi Arabia","Middle East","SADMMFCT","","pickupAppointment","Pickup appointment","Gate & yard","supported","2026-10-09"
"Dammam First Container Terminal","","","Ad Dammam","SADMM","Saudi Arabia","Middle East","SADMMFCT","","yardLocation","Yard location","Gate & yard","supported","2026-10-09"
"Dammam First Container Terminal","","","Ad Dammam","SADMM","Saudi Arabia","Middle East","SADMMFCT","","vesselDischarged","Vessel discharged","Container milestones","supported","2026-10-09"
"Dammam First Container Terminal","","","Ad Dammam","SADMM","Saudi Arabia","Middle East","SADMMFCT","","fullOut","Full out","Container milestones","supported","2026-10-09"
"Dammam First Container Terminal","","","Ad Dammam","SADMM","Saudi Arabia","Middle East","SADMMFCT","","chassisNumber","Chassis number","Gate & yard","supported","2026-10-09"
"Dammam First Container Terminal","","","Ad Dammam","SADMM","Saudi Arabia","Middle East","SADMMFCT","","onRail","On rail","Container milestones","supported","2026-10-09"
"Dammam First Container Terminal","","","Ad Dammam","SADMM","Saudi Arabia","Middle East","SADMMFCT","","emptyReturned","Empty returned","Container milestones","supported","2026-10-09"
"Dammam Second Container Terminal","","","Ad Dammam","SADMM","Saudi Arabia","Middle East","SADMMSCT","","importMilestones","Import milestones","Container milestones","supported","2026-10-09"
"Dammam Second Container Terminal","","","Ad Dammam","SADMM","Saudi Arabia","Middle East","SADMMSCT","","availableForPickup","Available for pickup","Pickup & availability","supported","2026-10-09"
"Dammam Second Container Terminal","","","Ad Dammam","SADMM","Saudi Arabia","Middle East","SADMMSCT","","lastFreeDay","Terminal LFD","Pickup & availability","supported","2026-10-09"
"Dammam Second Container Terminal","","","Ad Dammam","SADMM","Saudi Arabia","Middle East","SADMMSCT","","holds","Holds & releases","Holds & fees","supported","2026-10-09"
"Dammam Second Container Terminal","","","Ad Dammam","SADMM","Saudi Arabia","Middle East","SADMMSCT","","feeType","Fee type","Holds & fees","supported","2026-10-09"
"Dammam Second Container Terminal","","","Ad Dammam","SADMM","Saudi Arabia","Middle East","SADMMSCT","","feeAmount","Fee amount","Holds & fees","supported","2026-10-09"
"Dammam Second Container Terminal","","","Ad Dammam","SADMM","Saudi Arabia","Middle East","SADMMSCT","","pickupAppointment","Pickup appointment","Gate & yard","supported","2026-10-09"
"Dammam Second Container Terminal","","","Ad Dammam","SADMM","Saudi Arabia","Middle East","SADMMSCT","","yardLocation","Yard location","Gate & yard","supported","2026-10-09"
"Dammam Second Container Terminal","","","Ad Dammam","SADMM","Saudi Arabia","Middle East","SADMMSCT","","vesselDischarged","Vessel discharged","Container milestones","supported","2026-10-09"
"Dammam Second Container Terminal","","","Ad Dammam","SADMM","Saudi Arabia","Middle East","SADMMSCT","","fullOut","Full out","Container milestones","supported","2026-10-09"
"Dammam Second Container Terminal","","","Ad Dammam","SADMM","Saudi Arabia","Middle East","SADMMSCT","","chassisNumber","Chassis number","Gate & yard","supported","2026-10-09"
"Dammam Second Container Terminal","","","Ad Dammam","SADMM","Saudi Arabia","Middle East","SADMMSCT","","onRail","On rail","Container milestones","supported","2026-10-09"
"Dammam Second Container Terminal","","","Ad Dammam","SADMM","Saudi Arabia","Middle East","SADMMSCT","","emptyReturned","Empty returned","Container milestones","supported","2026-10-09"
"DP World South Container Terminal Jeddah","","","Jeddah","SAJED","Saudi Arabia","Middle East","SAJEDDPW","","importMilestones","Import milestones","Container milestones","supported","2026-10-09"
"DP World South Container Terminal Jeddah","","","Jeddah","SAJED","Saudi Arabia","Middle East","SAJEDDPW","","availableForPickup","Available for pickup","Pickup & availability","limited","2026-10-09"
"DP World South Container Terminal Jeddah","","","Jeddah","SAJED","Saudi Arabia","Middle East","SAJEDDPW","","lastFreeDay","Terminal LFD","Pickup & availability","unsupported","2026-10-09"
"DP World South Container Terminal Jeddah","","","Jeddah","SAJED","Saudi Arabia","Middle East","SAJEDDPW","","holds","Holds & releases","Holds & fees","limited","2026-10-09"
"DP World South Container Terminal Jeddah","","","Jeddah","SAJED","Saudi Arabia","Middle East","SAJEDDPW","","feeType","Fee type","Holds & fees","supported","2026-10-09"
"DP World South Container Terminal Jeddah","","","Jeddah","SAJED","Saudi Arabia","Middle East","SAJEDDPW","","feeAmount","Fee amount","Holds & fees","supported","2026-10-09"
"DP World South Container Terminal Jeddah","","","Jeddah","SAJED","Saudi Arabia","Middle East","SAJEDDPW","","pickupAppointment","Pickup appointment","Gate & yard","unsupported","2026-10-09"
"DP World South Container Terminal Jeddah","","","Jeddah","SAJED","Saudi Arabia","Middle East","SAJEDDPW","","yardLocation","Yard location","Gate & yard","unsupported","2026-10-09"
"DP World South Container Terminal Jeddah","","","Jeddah","SAJED","Saudi Arabia","Middle East","SAJEDDPW","","vesselDischarged","Vessel discharged","Container milestones","supported","2026-10-09"
"DP World South Container Terminal Jeddah","","","Jeddah","SAJED","Saudi Arabia","Middle East","SAJEDDPW","","fullOut","Full out","Container milestones","supported","2026-10-09"
"DP World South Container Terminal Jeddah","","","Jeddah","SAJED","Saudi Arabia","Middle East","SAJEDDPW","","chassisNumber","Chassis number","Gate & yard","unsupported","2026-10-09"
"DP World South Container Terminal Jeddah","","","Jeddah","SAJED","Saudi Arabia","Middle East","SAJEDDPW","","onRail","On rail","Container milestones","supported","2026-10-09"
"DP World South Container Terminal Jeddah","","","Jeddah","SAJED","Saudi Arabia","Middle East","SAJEDDPW","","emptyReturned","Empty returned","Container milestones","unsupported","2026-10-09"
"Red Sea Gateway Terminal","","","Jeddah","SAJED","Saudi Arabia","Middle East","SAJEDRSGT","","importMilestones","Import milestones","Container milestones","supported","2026-10-09"
"Red Sea Gateway Terminal","","","Jeddah","SAJED","Saudi Arabia","Middle East","SAJEDRSGT","","availableForPickup","Available for pickup","Pickup & availability","supported","2026-10-09"
"Red Sea Gateway Terminal","","","Jeddah","SAJED","Saudi Arabia","Middle East","SAJEDRSGT","","lastFreeDay","Terminal LFD","Pickup & availability","supported","2026-10-09"
"Red Sea Gateway Terminal","","","Jeddah","SAJED","Saudi Arabia","Middle East","SAJEDRSGT","","holds","Holds & releases","Holds & fees","supported","2026-10-09"
"Red Sea Gateway Terminal","","","Jeddah","SAJED","Saudi Arabia","Middle East","SAJEDRSGT","","feeType","Fee type","Holds & fees","supported","2026-10-09"
"Red Sea Gateway Terminal","","","Jeddah","SAJED","Saudi Arabia","Middle East","SAJEDRSGT","","feeAmount","Fee amount","Holds & fees","supported","2026-10-09"
"Red Sea Gateway Terminal","","","Jeddah","SAJED","Saudi Arabia","Middle East","SAJEDRSGT","","pickupAppointment","Pickup appointment","Gate & yard","supported","2026-10-09"
"Red Sea Gateway Terminal","","","Jeddah","SAJED","Saudi Arabia","Middle East","SAJEDRSGT","","yardLocation","Yard location","Gate & yard","supported","2026-10-09"
"Red Sea Gateway Terminal","","","Jeddah","SAJED","Saudi Arabia","Middle East","SAJEDRSGT","","vesselDischarged","Vessel discharged","Container milestones","supported","2026-10-09"
"Red Sea Gateway Terminal","","","Jeddah","SAJED","Saudi Arabia","Middle East","SAJEDRSGT","","fullOut","Full out","Container milestones","supported","2026-10-09"
"Red Sea Gateway Terminal","","","Jeddah","SAJED","Saudi Arabia","Middle East","SAJEDRSGT","","chassisNumber","Chassis number","Gate & yard","supported","2026-10-09"
"Red Sea Gateway Terminal","","","Jeddah","SAJED","Saudi Arabia","Middle East","SAJEDRSGT","","onRail","On rail","Container milestones","supported","2026-10-09"
"Red Sea Gateway Terminal","","","Jeddah","SAJED","Saudi Arabia","Middle East","SAJEDRSGT","","emptyReturned","Empty returned","Container milestones","supported","2026-10-09"
"Busan New Container Terminal","","","Busan","KRPUS","South Korea","Asia","KRPUSBNCT","","importMilestones","Import milestones","Container milestones","supported","2026-10-09"
"Busan New Container Terminal","","","Busan","KRPUS","South Korea","Asia","KRPUSBNCT","","availableForPickup","Available for pickup","Pickup & availability","supported","2026-10-09"
"Busan New Container Terminal","","","Busan","KRPUS","South Korea","Asia","KRPUSBNCT","","lastFreeDay","Terminal LFD","Pickup & availability","supported","2026-10-09"
"Busan New Container Terminal","","","Busan","KRPUS","South Korea","Asia","KRPUSBNCT","","holds","Holds & releases","Holds & fees","supported","2026-10-09"
"Busan New Container Terminal","","","Busan","KRPUS","South Korea","Asia","KRPUSBNCT","","feeType","Fee type","Holds & fees","supported","2026-10-09"
"Busan New Container Terminal","","","Busan","KRPUS","South Korea","Asia","KRPUSBNCT","","feeAmount","Fee amount","Holds & fees","supported","2026-10-09"
"Busan New Container Terminal","","","Busan","KRPUS","South Korea","Asia","KRPUSBNCT","","pickupAppointment","Pickup appointment","Gate & yard","supported","2026-10-09"
"Busan New Container Terminal","","","Busan","KRPUS","South Korea","Asia","KRPUSBNCT","","yardLocation","Yard location","Gate & yard","supported","2026-10-09"
"Busan New Container Terminal","","","Busan","KRPUS","South Korea","Asia","KRPUSBNCT","","vesselDischarged","Vessel discharged","Container milestones","supported","2026-10-09"
"Busan New Container Terminal","","","Busan","KRPUS","South Korea","Asia","KRPUSBNCT","","fullOut","Full out","Container milestones","supported","2026-10-09"
"Busan New Container Terminal","","","Busan","KRPUS","South Korea","Asia","KRPUSBNCT","","chassisNumber","Chassis number","Gate & yard","supported","2026-10-09"
"Busan New Container Terminal","","","Busan","KRPUS","South Korea","Asia","KRPUSBNCT","","onRail","On rail","Container milestones","supported","2026-10-09"
"Busan New Container Terminal","","","Busan","KRPUS","South Korea","Asia","KRPUSBNCT","","emptyReturned","Empty returned","Container milestones","supported","2026-10-09"
"APM Terminals Algeciras","","","Algeciras","ESALG","Spain","Europe","ESALGAPM","","importMilestones","Import milestones","Container milestones","supported","2026-10-09"
"APM Terminals Algeciras","","","Algeciras","ESALG","Spain","Europe","ESALGAPM","","availableForPickup","Available for pickup","Pickup & availability","supported","2026-10-09"
"APM Terminals Algeciras","","","Algeciras","ESALG","Spain","Europe","ESALGAPM","","lastFreeDay","Terminal LFD","Pickup & availability","supported","2026-10-09"
"APM Terminals Algeciras","","","Algeciras","ESALG","Spain","Europe","ESALGAPM","","holds","Holds & releases","Holds & fees","supported","2026-10-09"
"APM Terminals Algeciras","","","Algeciras","ESALG","Spain","Europe","ESALGAPM","","feeType","Fee type","Holds & fees","supported","2026-10-09"
"APM Terminals Algeciras","","","Algeciras","ESALG","Spain","Europe","ESALGAPM","","feeAmount","Fee amount","Holds & fees","supported","2026-10-09"
"APM Terminals Algeciras","","","Algeciras","ESALG","Spain","Europe","ESALGAPM","","pickupAppointment","Pickup appointment","Gate & yard","supported","2026-10-09"
"APM Terminals Algeciras","","","Algeciras","ESALG","Spain","Europe","ESALGAPM","","yardLocation","Yard location","Gate & yard","supported","2026-10-09"
"APM Terminals Algeciras","","","Algeciras","ESALG","Spain","Europe","ESALGAPM","","vesselDischarged","Vessel discharged","Container milestones","supported","2026-10-09"
"APM Terminals Algeciras","","","Algeciras","ESALG","Spain","Europe","ESALGAPM","","fullOut","Full out","Container milestones","supported","2026-10-09"
"APM Terminals Algeciras","","","Algeciras","ESALG","Spain","Europe","ESALGAPM","","chassisNumber","Chassis number","Gate & yard","supported","2026-10-09"
"APM Terminals Algeciras","","","Algeciras","ESALG","Spain","Europe","ESALGAPM","","onRail","On rail","Container milestones","supported","2026-10-09"
"APM Terminals Algeciras","","","Algeciras","ESALG","Spain","Europe","ESALGAPM","","emptyReturned","Empty returned","Container milestones","supported","2026-10-09"
"Hutchison Ports BEST","","","Barcelona","ESBCN","Spain","Europe","ESBCNBEST","","importMilestones","Import milestones","Container milestones","supported","2026-10-09"
"Hutchison Ports BEST","","","Barcelona","ESBCN","Spain","Europe","ESBCNBEST","","availableForPickup","Available for pickup","Pickup & availability","unsupported","2026-10-09"
"Hutchison Ports BEST","","","Barcelona","ESBCN","Spain","Europe","ESBCNBEST","","lastFreeDay","Terminal LFD","Pickup & availability","unsupported","2026-10-09"
"Hutchison Ports BEST","","","Barcelona","ESBCN","Spain","Europe","ESBCNBEST","","holds","Holds & releases","Holds & fees","limited","2026-10-09"
"Hutchison Ports BEST","","","Barcelona","ESBCN","Spain","Europe","ESBCNBEST","","feeType","Fee type","Holds & fees","supported","2026-10-09"
"Hutchison Ports BEST","","","Barcelona","ESBCN","Spain","Europe","ESBCNBEST","","feeAmount","Fee amount","Holds & fees","supported","2026-10-09"
"Hutchison Ports BEST","","","Barcelona","ESBCN","Spain","Europe","ESBCNBEST","","pickupAppointment","Pickup appointment","Gate & yard","supported","2026-10-09"
"Hutchison Ports BEST","","","Barcelona","ESBCN","Spain","Europe","ESBCNBEST","","yardLocation","Yard location","Gate & yard","supported","2026-10-09"
"Hutchison Ports BEST","","","Barcelona","ESBCN","Spain","Europe","ESBCNBEST","","vesselDischarged","Vessel discharged","Container milestones","supported","2026-10-09"
"Hutchison Ports BEST","","","Barcelona","ESBCN","Spain","Europe","ESBCNBEST","","fullOut","Full out","Container milestones","supported","2026-10-09"
"Hutchison Ports BEST","","","Barcelona","ESBCN","Spain","Europe","ESBCNBEST","","chassisNumber","Chassis number","Gate & yard","unsupported","2026-10-09"
"Hutchison Ports BEST","","","Barcelona","ESBCN","Spain","Europe","ESBCNBEST","","onRail","On rail","Container milestones","supported","2026-10-09"
"Hutchison Ports BEST","","","Barcelona","ESBCN","Spain","Europe","ESBCNBEST","","emptyReturned","Empty returned","Container milestones","unsupported","2026-10-09"
"APM Terminals Gothenburg","","","Goteborg","SEGOT","Sweden","Europe","SEGOTCT1","","importMilestones","Import milestones","Container milestones","supported","2026-10-09"
"APM Terminals Gothenburg","","","Goteborg","SEGOT","Sweden","Europe","SEGOTCT1","","availableForPickup","Available for pickup","Pickup & availability","supported","2026-10-09"
"APM Terminals Gothenburg","","","Goteborg","SEGOT","Sweden","Europe","SEGOTCT1","","lastFreeDay","Terminal LFD","Pickup & availability","unsupported","2026-10-09"
"APM Terminals Gothenburg","","","Goteborg","SEGOT","Sweden","Europe","SEGOTCT1","","holds","Holds & releases","Holds & fees","limited","2026-10-09"
"APM Terminals Gothenburg","","","Goteborg","SEGOT","Sweden","Europe","SEGOTCT1","","feeType","Fee type","Holds & fees","supported","2026-10-09"
"APM Terminals Gothenburg","","","Goteborg","SEGOT","Sweden","Europe","SEGOTCT1","","feeAmount","Fee amount","Holds & fees","supported","2026-10-09"
"APM Terminals Gothenburg","","","Goteborg","SEGOT","Sweden","Europe","SEGOTCT1","","pickupAppointment","Pickup appointment","Gate & yard","unsupported","2026-10-09"
"APM Terminals Gothenburg","","","Goteborg","SEGOT","Sweden","Europe","SEGOTCT1","","yardLocation","Yard location","Gate & yard","unsupported","2026-10-09"
"APM Terminals Gothenburg","","","Goteborg","SEGOT","Sweden","Europe","SEGOTCT1","","vesselDischarged","Vessel discharged","Container milestones","supported","2026-10-09"
"APM Terminals Gothenburg","","","Goteborg","SEGOT","Sweden","Europe","SEGOTCT1","","fullOut","Full out","Container milestones","supported","2026-10-09"
"APM Terminals Gothenburg","","","Goteborg","SEGOT","Sweden","Europe","SEGOTCT1","","chassisNumber","Chassis number","Gate & yard","unsupported","2026-10-09"
"APM Terminals Gothenburg","","","Goteborg","SEGOT","Sweden","Europe","SEGOTCT1","","onRail","On rail","Container milestones","supported","2026-10-09"
"APM Terminals Gothenburg","","","Goteborg","SEGOT","Sweden","Europe","SEGOTCT1","","emptyReturned","Empty returned","Container milestones","unsupported","2026-10-09"
"Kao Ming Terminal","","","Kaohsiung","TWKHH","Taiwan","Asia","TWKHHKMCT","","importMilestones","Import milestones","Container milestones","supported","2026-10-09"
"Kao Ming Terminal","","","Kaohsiung","TWKHH","Taiwan","Asia","TWKHHKMCT","","availableForPickup","Available for pickup","Pickup & availability","unknown","2026-10-09"
"Kao Ming Terminal","","","Kaohsiung","TWKHH","Taiwan","Asia","TWKHHKMCT","","lastFreeDay","Terminal LFD","Pickup & availability","unknown","2026-10-09"
"Kao Ming Terminal","","","Kaohsiung","TWKHH","Taiwan","Asia","TWKHHKMCT","","holds","Holds & releases","Holds & fees","unknown","2026-10-09"
"Kao Ming Terminal","","","Kaohsiung","TWKHH","Taiwan","Asia","TWKHHKMCT","","feeType","Fee type","Holds & fees","unknown","2026-10-09"
"Kao Ming Terminal","","","Kaohsiung","TWKHH","Taiwan","Asia","TWKHHKMCT","","feeAmount","Fee amount","Holds & fees","unknown","2026-10-09"
"Kao Ming Terminal","","","Kaohsiung","TWKHH","Taiwan","Asia","TWKHHKMCT","","pickupAppointment","Pickup appointment","Gate & yard","unknown","2026-10-09"
"Kao Ming Terminal","","","Kaohsiung","TWKHH","Taiwan","Asia","TWKHHKMCT","","yardLocation","Yard location","Gate & yard","unknown","2026-10-09"
"Kao Ming Terminal","","","Kaohsiung","TWKHH","Taiwan","Asia","TWKHHKMCT","","vesselDischarged","Vessel discharged","Container milestones","unknown","2026-10-09"
"Kao Ming Terminal","","","Kaohsiung","TWKHH","Taiwan","Asia","TWKHHKMCT","","fullOut","Full out","Container milestones","unknown","2026-10-09"
"Kao Ming Terminal","","","Kaohsiung","TWKHH","Taiwan","Asia","TWKHHKMCT","","chassisNumber","Chassis number","Gate & yard","unknown","2026-10-09"
"Kao Ming Terminal","","","Kaohsiung","TWKHH","Taiwan","Asia","TWKHHKMCT","","onRail","On rail","Container milestones","unknown","2026-10-09"
"Kao Ming Terminal","","","Kaohsiung","TWKHH","Taiwan","Asia","TWKHHKMCT","","emptyReturned","Empty returned","Container milestones","unknown","2026-10-09"
"DP World Jebel Ali","","","Jebel Ali","AEJEA","United Arab Emirates","Middle East","AEJEADPWJ2","","importMilestones","Import milestones","Container milestones","supported","2026-10-09"
"DP World Jebel Ali","","","Jebel Ali","AEJEA","United Arab Emirates","Middle East","AEJEADPWJ2","","availableForPickup","Available for pickup","Pickup & availability","supported","2026-10-09"
"DP World Jebel Ali","","","Jebel Ali","AEJEA","United Arab Emirates","Middle East","AEJEADPWJ2","","lastFreeDay","Terminal LFD","Pickup & availability","supported","2026-10-09"
"DP World Jebel Ali","","","Jebel Ali","AEJEA","United Arab Emirates","Middle East","AEJEADPWJ2","","holds","Holds & releases","Holds & fees","supported","2026-10-09"
"DP World Jebel Ali","","","Jebel Ali","AEJEA","United Arab Emirates","Middle East","AEJEADPWJ2","","feeType","Fee type","Holds & fees","supported","2026-10-09"
"DP World Jebel Ali","","","Jebel Ali","AEJEA","United Arab Emirates","Middle East","AEJEADPWJ2","","feeAmount","Fee amount","Holds & fees","supported","2026-10-09"
"DP World Jebel Ali","","","Jebel Ali","AEJEA","United Arab Emirates","Middle East","AEJEADPWJ2","","pickupAppointment","Pickup appointment","Gate & yard","supported","2026-10-09"
"DP World Jebel Ali","","","Jebel Ali","AEJEA","United Arab Emirates","Middle East","AEJEADPWJ2","","yardLocation","Yard location","Gate & yard","supported","2026-10-09"
"DP World Jebel Ali","","","Jebel Ali","AEJEA","United Arab Emirates","Middle East","AEJEADPWJ2","","vesselDischarged","Vessel discharged","Container milestones","supported","2026-10-09"
"DP World Jebel Ali","","","Jebel Ali","AEJEA","United Arab Emirates","Middle East","AEJEADPWJ2","","fullOut","Full out","Container milestones","supported","2026-10-09"
"DP World Jebel Ali","","","Jebel Ali","AEJEA","United Arab Emirates","Middle East","AEJEADPWJ2","","chassisNumber","Chassis number","Gate & yard","supported","2026-10-09"
"DP World Jebel Ali","","","Jebel Ali","AEJEA","United Arab Emirates","Middle East","AEJEADPWJ2","","onRail","On rail","Container milestones","supported","2026-10-09"
"DP World Jebel Ali","","","Jebel Ali","AEJEA","United Arab Emirates","Middle East","AEJEADPWJ2","","emptyReturned","Empty returned","Container milestones","supported","2026-10-09"
"DP World Jebel Ali","","","Jebel Ali","AEJEA","United Arab Emirates","Middle East","AEJEADPWJ3","","importMilestones","Import milestones","Container milestones","supported","2026-10-09"
"DP World Jebel Ali","","","Jebel Ali","AEJEA","United Arab Emirates","Middle East","AEJEADPWJ3","","availableForPickup","Available for pickup","Pickup & availability","supported","2026-10-09"
"DP World Jebel Ali","","","Jebel Ali","AEJEA","United Arab Emirates","Middle East","AEJEADPWJ3","","lastFreeDay","Terminal LFD","Pickup & availability","supported","2026-10-09"
"DP World Jebel Ali","","","Jebel Ali","AEJEA","United Arab Emirates","Middle East","AEJEADPWJ3","","holds","Holds & releases","Holds & fees","supported","2026-10-09"
"DP World Jebel Ali","","","Jebel Ali","AEJEA","United Arab Emirates","Middle East","AEJEADPWJ3","","feeType","Fee type","Holds & fees","supported","2026-10-09"
"DP World Jebel Ali","","","Jebel Ali","AEJEA","United Arab Emirates","Middle East","AEJEADPWJ3","","feeAmount","Fee amount","Holds & fees","supported","2026-10-09"
"DP World Jebel Ali","","","Jebel Ali","AEJEA","United Arab Emirates","Middle East","AEJEADPWJ3","","pickupAppointment","Pickup appointment","Gate & yard","supported","2026-10-09"
"DP World Jebel Ali","","","Jebel Ali","AEJEA","United Arab Emirates","Middle East","AEJEADPWJ3","","yardLocation","Yard location","Gate & yard","supported","2026-10-09"
"DP World Jebel Ali","","","Jebel Ali","AEJEA","United Arab Emirates","Middle East","AEJEADPWJ3","","vesselDischarged","Vessel discharged","Container milestones","supported","2026-10-09"
"DP World Jebel Ali","","","Jebel Ali","AEJEA","United Arab Emirates","Middle East","AEJEADPWJ3","","fullOut","Full out","Container milestones","supported","2026-10-09"
"DP World Jebel Ali","","","Jebel Ali","AEJEA","United Arab Emirates","Middle East","AEJEADPWJ3","","chassisNumber","Chassis number","Gate & yard","supported","2026-10-09"
"DP World Jebel Ali","","","Jebel Ali","AEJEA","United Arab Emirates","Middle East","AEJEADPWJ3","","onRail","On rail","Container milestones","supported","2026-10-09"
"DP World Jebel Ali","","","Jebel Ali","AEJEA","United Arab Emirates","Middle East","AEJEADPWJ3","","emptyReturned","Empty returned","Container milestones","supported","2026-10-09"
"DP World Jebel Ali CT1","","","Jebel Ali","AEJEA","United Arab Emirates","Middle East","AEJEADPWJA","","importMilestones","Import milestones","Container milestones","supported","2026-10-09"
"DP World Jebel Ali CT1","","","Jebel Ali","AEJEA","United Arab Emirates","Middle East","AEJEADPWJA","","availableForPickup","Available for pickup","Pickup & availability","supported","2026-10-09"
"DP World Jebel Ali CT1","","","Jebel Ali","AEJEA","United Arab Emirates","Middle East","AEJEADPWJA","","lastFreeDay","Terminal LFD","Pickup & availability","supported","2026-10-09"
"DP World Jebel Ali CT1","","","Jebel Ali","AEJEA","United Arab Emirates","Middle East","AEJEADPWJA","","holds","Holds & releases","Holds & fees","supported","2026-10-09"
"DP World Jebel Ali CT1","","","Jebel Ali","AEJEA","United Arab Emirates","Middle East","AEJEADPWJA","","feeType","Fee type","Holds & fees","supported","2026-10-09"
"DP World Jebel Ali CT1","","","Jebel Ali","AEJEA","United Arab Emirates","Middle East","AEJEADPWJA","","feeAmount","Fee amount","Holds & fees","supported","2026-10-09"
"DP World Jebel Ali CT1","","","Jebel Ali","AEJEA","United Arab Emirates","Middle East","AEJEADPWJA","","pickupAppointment","Pickup appointment","Gate & yard","supported","2026-10-09"
"DP World Jebel Ali CT1","","","Jebel Ali","AEJEA","United Arab Emirates","Middle East","AEJEADPWJA","","yardLocation","Yard location","Gate & yard","supported","2026-10-09"
"DP World Jebel Ali CT1","","","Jebel Ali","AEJEA","United Arab Emirates","Middle East","AEJEADPWJA","","vesselDischarged","Vessel discharged","Container milestones","supported","2026-10-09"
"DP World Jebel Ali CT1","","","Jebel Ali","AEJEA","United Arab Emirates","Middle East","AEJEADPWJA","","fullOut","Full out","Container milestones","supported","2026-10-09"
"DP World Jebel Ali CT1","","","Jebel Ali","AEJEA","United Arab Emirates","Middle East","AEJEADPWJA","","chassisNumber","Chassis number","Gate & yard","supported","2026-10-09"
"DP World Jebel Ali CT1","","","Jebel Ali","AEJEA","United Arab Emirates","Middle East","AEJEADPWJA","","onRail","On rail","Container milestones","supported","2026-10-09"
"DP World Jebel Ali CT1","","","Jebel Ali","AEJEA","United Arab Emirates","Middle East","AEJEADPWJA","","emptyReturned","Empty returned","Container milestones","supported","2026-10-09"
"DP World Jebel Ali CT4","","","Jebel Ali","AEJEA","United Arab Emirates","Middle East","AEJEADPWJ4","","importMilestones","Import milestones","Container milestones","supported","2026-10-09"
"DP World Jebel Ali CT4","","","Jebel Ali","AEJEA","United Arab Emirates","Middle East","AEJEADPWJ4","","availableForPickup","Available for pickup","Pickup & availability","supported","2026-10-09"
"DP World Jebel Ali CT4","","","Jebel Ali","AEJEA","United Arab Emirates","Middle East","AEJEADPWJ4","","lastFreeDay","Terminal LFD","Pickup & availability","supported","2026-10-09"
"DP World Jebel Ali CT4","","","Jebel Ali","AEJEA","United Arab Emirates","Middle East","AEJEADPWJ4","","holds","Holds & releases","Holds & fees","supported","2026-10-09"
"DP World Jebel Ali CT4","","","Jebel Ali","AEJEA","United Arab Emirates","Middle East","AEJEADPWJ4","","feeType","Fee type","Holds & fees","supported","2026-10-09"
"DP World Jebel Ali CT4","","","Jebel Ali","AEJEA","United Arab Emirates","Middle East","AEJEADPWJ4","","feeAmount","Fee amount","Holds & fees","supported","2026-10-09"
"DP World Jebel Ali CT4","","","Jebel Ali","AEJEA","United Arab Emirates","Middle East","AEJEADPWJ4","","pickupAppointment","Pickup appointment","Gate & yard","supported","2026-10-09"
"DP World Jebel Ali CT4","","","Jebel Ali","AEJEA","United Arab Emirates","Middle East","AEJEADPWJ4","","yardLocation","Yard location","Gate & yard","supported","2026-10-09"
"DP World Jebel Ali CT4","","","Jebel Ali","AEJEA","United Arab Emirates","Middle East","AEJEADPWJ4","","vesselDischarged","Vessel discharged","Container milestones","supported","2026-10-09"
"DP World Jebel Ali CT4","","","Jebel Ali","AEJEA","United Arab Emirates","Middle East","AEJEADPWJ4","","fullOut","Full out","Container milestones","supported","2026-10-09"
"DP World Jebel Ali CT4","","","Jebel Ali","AEJEA","United Arab Emirates","Middle East","AEJEADPWJ4","","chassisNumber","Chassis number","Gate & yard","supported","2026-10-09"
"DP World Jebel Ali CT4","","","Jebel Ali","AEJEA","United Arab Emirates","Middle East","AEJEADPWJ4","","onRail","On rail","Container milestones","supported","2026-10-09"
"DP World Jebel Ali CT4","","","Jebel Ali","AEJEA","United Arab Emirates","Middle East","AEJEADPWJ4","","emptyReturned","Empty returned","Container milestones","supported","2026-10-09"
"Victoria Terminal 3","","","Belfast","GBBEL","United Kingdom","United Kingdom","GBBELVIC3","","importMilestones","Import milestones","Container milestones","supported","2026-10-09"
"Victoria Terminal 3","","","Belfast","GBBEL","United Kingdom","United Kingdom","GBBELVIC3","","availableForPickup","Available for pickup","Pickup & availability","supported","2026-10-09"
"Victoria Terminal 3","","","Belfast","GBBEL","United Kingdom","United Kingdom","GBBELVIC3","","lastFreeDay","Terminal LFD","Pickup & availability","supported","2026-10-09"
"Victoria Terminal 3","","","Belfast","GBBEL","United Kingdom","United Kingdom","GBBELVIC3","","holds","Holds & releases","Holds & fees","supported","2026-10-09"
"Victoria Terminal 3","","","Belfast","GBBEL","United Kingdom","United Kingdom","GBBELVIC3","","feeType","Fee type","Holds & fees","supported","2026-10-09"
"Victoria Terminal 3","","","Belfast","GBBEL","United Kingdom","United Kingdom","GBBELVIC3","","feeAmount","Fee amount","Holds & fees","supported","2026-10-09"
"Victoria Terminal 3","","","Belfast","GBBEL","United Kingdom","United Kingdom","GBBELVIC3","","pickupAppointment","Pickup appointment","Gate & yard","supported","2026-10-09"
"Victoria Terminal 3","","","Belfast","GBBEL","United Kingdom","United Kingdom","GBBELVIC3","","yardLocation","Yard location","Gate & yard","supported","2026-10-09"
"Victoria Terminal 3","","","Belfast","GBBEL","United Kingdom","United Kingdom","GBBELVIC3","","vesselDischarged","Vessel discharged","Container milestones","supported","2026-10-09"
"Victoria Terminal 3","","","Belfast","GBBEL","United Kingdom","United Kingdom","GBBELVIC3","","fullOut","Full out","Container milestones","supported","2026-10-09"
"Victoria Terminal 3","","","Belfast","GBBEL","United Kingdom","United Kingdom","GBBELVIC3","","chassisNumber","Chassis number","Gate & yard","supported","2026-10-09"
"Victoria Terminal 3","","","Belfast","GBBEL","United Kingdom","United Kingdom","GBBELVIC3","","onRail","On rail","Container milestones","supported","2026-10-09"
"Victoria Terminal 3","","","Belfast","GBBEL","United Kingdom","United Kingdom","GBBELVIC3","","emptyReturned","Empty returned","Container milestones","supported","2026-10-09"
"Berths 8&9","","","Felixstowe","GBFXT","United Kingdom","United Kingdom","GBFXTLNG","","importMilestones","Import milestones","Container milestones","supported","2026-10-09"
"Berths 8&9","","","Felixstowe","GBFXT","United Kingdom","United Kingdom","GBFXTLNG","","availableForPickup","Available for pickup","Pickup & availability","supported","2026-10-09"
"Berths 8&9","","","Felixstowe","GBFXT","United Kingdom","United Kingdom","GBFXTLNG","","lastFreeDay","Terminal LFD","Pickup & availability","unsupported","2026-10-09"
"Berths 8&9","","","Felixstowe","GBFXT","United Kingdom","United Kingdom","GBFXTLNG","","holds","Holds & releases","Holds & fees","limited","2026-10-09"
"Berths 8&9","","","Felixstowe","GBFXT","United Kingdom","United Kingdom","GBFXTLNG","","feeType","Fee type","Holds & fees","supported","2026-10-09"
"Berths 8&9","","","Felixstowe","GBFXT","United Kingdom","United Kingdom","GBFXTLNG","","feeAmount","Fee amount","Holds & fees","supported","2026-10-09"
"Berths 8&9","","","Felixstowe","GBFXT","United Kingdom","United Kingdom","GBFXTLNG","","pickupAppointment","Pickup appointment","Gate & yard","supported","2026-10-09"
"Berths 8&9","","","Felixstowe","GBFXT","United Kingdom","United Kingdom","GBFXTLNG","","yardLocation","Yard location","Gate & yard","supported","2026-10-09"
"Berths 8&9","","","Felixstowe","GBFXT","United Kingdom","United Kingdom","GBFXTLNG","","vesselDischarged","Vessel discharged","Container milestones","supported","2026-10-09"
"Berths 8&9","","","Felixstowe","GBFXT","United Kingdom","United Kingdom","GBFXTLNG","","fullOut","Full out","Container milestones","supported","2026-10-09"
"Berths 8&9","","","Felixstowe","GBFXT","United Kingdom","United Kingdom","GBFXTLNG","","chassisNumber","Chassis number","Gate & yard","unsupported","2026-10-09"
"Berths 8&9","","","Felixstowe","GBFXT","United Kingdom","United Kingdom","GBFXTLNG","","onRail","On rail","Container milestones","supported","2026-10-09"
"Berths 8&9","","","Felixstowe","GBFXT","United Kingdom","United Kingdom","GBFXTLNG","","emptyReturned","Empty returned","Container milestones","unsupported","2026-10-09"
"Trinity Terminal","","","Felixstowe","GBFXT","United Kingdom","United Kingdom","GBFXTTTY","","importMilestones","Import milestones","Container milestones","supported","2026-10-09"
"Trinity Terminal","","","Felixstowe","GBFXT","United Kingdom","United Kingdom","GBFXTTTY","","availableForPickup","Available for pickup","Pickup & availability","supported","2026-10-09"
"Trinity Terminal","","","Felixstowe","GBFXT","United Kingdom","United Kingdom","GBFXTTTY","","lastFreeDay","Terminal LFD","Pickup & availability","unsupported","2026-10-09"
"Trinity Terminal","","","Felixstowe","GBFXT","United Kingdom","United Kingdom","GBFXTTTY","","holds","Holds & releases","Holds & fees","limited","2026-10-09"
"Trinity Terminal","","","Felixstowe","GBFXT","United Kingdom","United Kingdom","GBFXTTTY","","feeType","Fee type","Holds & fees","supported","2026-10-09"
"Trinity Terminal","","","Felixstowe","GBFXT","United Kingdom","United Kingdom","GBFXTTTY","","feeAmount","Fee amount","Holds & fees","supported","2026-10-09"
"Trinity Terminal","","","Felixstowe","GBFXT","United Kingdom","United Kingdom","GBFXTTTY","","pickupAppointment","Pickup appointment","Gate & yard","supported","2026-10-09"
"Trinity Terminal","","","Felixstowe","GBFXT","United Kingdom","United Kingdom","GBFXTTTY","","yardLocation","Yard location","Gate & yard","supported","2026-10-09"
"Trinity Terminal","","","Felixstowe","GBFXT","United Kingdom","United Kingdom","GBFXTTTY","","vesselDischarged","Vessel discharged","Container milestones","limited","2026-10-09"
"Trinity Terminal","","","Felixstowe","GBFXT","United Kingdom","United Kingdom","GBFXTTTY","","fullOut","Full out","Container milestones","supported","2026-10-09"
"Trinity Terminal","","","Felixstowe","GBFXT","United Kingdom","United Kingdom","GBFXTTTY","","chassisNumber","Chassis number","Gate & yard","unsupported","2026-10-09"
"Trinity Terminal","","","Felixstowe","GBFXT","United Kingdom","United Kingdom","GBFXTTTY","","onRail","On rail","Container milestones","supported","2026-10-09"
"Trinity Terminal","","","Felixstowe","GBFXT","United Kingdom","United Kingdom","GBFXTTTY","","emptyReturned","Empty returned","Container milestones","unsupported","2026-10-09"
"DP World London Gateway","","","London Gateway Port","GBLGP","United Kingdom","United Kingdom","GBLGPDPWLG","","importMilestones","Import milestones","Container milestones","supported","2026-10-09"
"DP World London Gateway","","","London Gateway Port","GBLGP","United Kingdom","United Kingdom","GBLGPDPWLG","","availableForPickup","Available for pickup","Pickup & availability","supported","2026-10-09"
"DP World London Gateway","","","London Gateway Port","GBLGP","United Kingdom","United Kingdom","GBLGPDPWLG","","lastFreeDay","Terminal LFD","Pickup & availability","unsupported","2026-10-09"
"DP World London Gateway","","","London Gateway Port","GBLGP","United Kingdom","United Kingdom","GBLGPDPWLG","","holds","Holds & releases","Holds & fees","supported","2026-10-09"
"DP World London Gateway","","","London Gateway Port","GBLGP","United Kingdom","United Kingdom","GBLGPDPWLG","","feeType","Fee type","Holds & fees","supported","2026-10-09"
"DP World London Gateway","","","London Gateway Port","GBLGP","United Kingdom","United Kingdom","GBLGPDPWLG","","feeAmount","Fee amount","Holds & fees","supported","2026-10-09"
"DP World London Gateway","","","London Gateway Port","GBLGP","United Kingdom","United Kingdom","GBLGPDPWLG","","pickupAppointment","Pickup appointment","Gate & yard","unsupported","2026-10-09"
"DP World London Gateway","","","London Gateway Port","GBLGP","United Kingdom","United Kingdom","GBLGPDPWLG","","yardLocation","Yard location","Gate & yard","supported","2026-10-09"
"DP World London Gateway","","","London Gateway Port","GBLGP","United Kingdom","United Kingdom","GBLGPDPWLG","","vesselDischarged","Vessel discharged","Container milestones","supported","2026-10-09"
"DP World London Gateway","","","London Gateway Port","GBLGP","United Kingdom","United Kingdom","GBLGPDPWLG","","fullOut","Full out","Container milestones","supported","2026-10-09"
"DP World London Gateway","","","London Gateway Port","GBLGP","United Kingdom","United Kingdom","GBLGPDPWLG","","chassisNumber","Chassis number","Gate & yard","unsupported","2026-10-09"
"DP World London Gateway","","","London Gateway Port","GBLGP","United Kingdom","United Kingdom","GBLGPDPWLG","","onRail","On rail","Container milestones","supported","2026-10-09"
"DP World London Gateway","","","London Gateway Port","GBLGP","United Kingdom","United Kingdom","GBLGPDPWLG","","emptyReturned","Empty returned","Container milestones","limited","2026-10-09"
"DP World Southampton","","","Southampton","GBSOU","United Kingdom","United Kingdom","GBSOUDPWS","","importMilestones","Import milestones","Container milestones","supported","2026-10-09"
"DP World Southampton","","","Southampton","GBSOU","United Kingdom","United Kingdom","GBSOUDPWS","","availableForPickup","Available for pickup","Pickup & availability","supported","2026-10-09"
"DP World Southampton","","","Southampton","GBSOU","United Kingdom","United Kingdom","GBSOUDPWS","","lastFreeDay","Terminal LFD","Pickup & availability","unsupported","2026-10-09"
"DP World Southampton","","","Southampton","GBSOU","United Kingdom","United Kingdom","GBSOUDPWS","","holds","Holds & releases","Holds & fees","limited","2026-10-09"
"DP World Southampton","","","Southampton","GBSOU","United Kingdom","United Kingdom","GBSOUDPWS","","feeType","Fee type","Holds & fees","supported","2026-10-09"
"DP World Southampton","","","Southampton","GBSOU","United Kingdom","United Kingdom","GBSOUDPWS","","feeAmount","Fee amount","Holds & fees","supported","2026-10-09"
"DP World Southampton","","","Southampton","GBSOU","United Kingdom","United Kingdom","GBSOUDPWS","","pickupAppointment","Pickup appointment","Gate & yard","unsupported","2026-10-09"
"DP World Southampton","","","Southampton","GBSOU","United Kingdom","United Kingdom","GBSOUDPWS","","yardLocation","Yard location","Gate & yard","supported","2026-10-09"
"DP World Southampton","","","Southampton","GBSOU","United Kingdom","United Kingdom","GBSOUDPWS","","vesselDischarged","Vessel discharged","Container milestones","supported","2026-10-09"
"DP World Southampton","","","Southampton","GBSOU","United Kingdom","United Kingdom","GBSOUDPWS","","fullOut","Full out","Container milestones","supported","2026-10-09"
"DP World Southampton","","","Southampton","GBSOU","United Kingdom","United Kingdom","GBSOUDPWS","","chassisNumber","Chassis number","Gate & yard","unsupported","2026-10-09"
"DP World Southampton","","","Southampton","GBSOU","United Kingdom","United Kingdom","GBSOUDPWS","","onRail","On rail","Container milestones","supported","2026-10-09"
"DP World Southampton","","","Southampton","GBSOU","United Kingdom","United Kingdom","GBSOUDPWS","","emptyReturned","Empty returned","Container milestones","limited","2026-10-09"
"Seagirt Terminal","","","Baltimore","USBAL","United States","US East Coast","C324","","importMilestones","Import milestones","Container milestones","supported","2026-10-09"
"Seagirt Terminal","","","Baltimore","USBAL","United States","US East Coast","C324","","availableForPickup","Available for pickup","Pickup & availability","limited","2026-10-09"
"Seagirt Terminal","","","Baltimore","USBAL","United States","US East Coast","C324","","lastFreeDay","Terminal LFD","Pickup & availability","limited","2026-10-09"
"Seagirt Terminal","","","Baltimore","USBAL","United States","US East Coast","C324","","holds","Holds & releases","Holds & fees","supported","2026-10-09"
"Seagirt Terminal","","","Baltimore","USBAL","United States","US East Coast","C324","","feeType","Fee type","Holds & fees","supported","2026-10-09"
"Seagirt Terminal","","","Baltimore","USBAL","United States","US East Coast","C324","","feeAmount","Fee amount","Holds & fees","supported","2026-10-09"
"Seagirt Terminal","","","Baltimore","USBAL","United States","US East Coast","C324","","pickupAppointment","Pickup appointment","Gate & yard","unsupported","2026-10-09"
"Seagirt Terminal","","","Baltimore","USBAL","United States","US East Coast","C324","","yardLocation","Yard location","Gate & yard","limited","2026-10-09"
"Seagirt Terminal","","","Baltimore","USBAL","United States","US East Coast","C324","","vesselDischarged","Vessel discharged","Container milestones","limited","2026-10-09"
"Seagirt Terminal","","","Baltimore","USBAL","United States","US East Coast","C324","","fullOut","Full out","Container milestones","supported","2026-10-09"
"Seagirt Terminal","","","Baltimore","USBAL","United States","US East Coast","C324","","chassisNumber","Chassis number","Gate & yard","limited","2026-10-09"
"Seagirt Terminal","","","Baltimore","USBAL","United States","US East Coast","C324","","onRail","On rail","Container milestones","supported","2026-10-09"
"Seagirt Terminal","","","Baltimore","USBAL","United States","US East Coast","C324","","emptyReturned","Empty returned","Container milestones","unsupported","2026-10-09"
"Gloucester Marine Terminal","","","Gloucester","USGLC","United States","US East Coast","D104","","importMilestones","Import milestones","Container milestones","supported","2026-10-09"
"Gloucester Marine Terminal","","","Gloucester","USGLC","United States","US East Coast","D104","","availableForPickup","Available for pickup","Pickup & availability","supported","2026-10-09"
"Gloucester Marine Terminal","","","Gloucester","USGLC","United States","US East Coast","D104","","lastFreeDay","Terminal LFD","Pickup & availability","supported","2026-10-09"
"Gloucester Marine Terminal","","","Gloucester","USGLC","United States","US East Coast","D104","","holds","Holds & releases","Holds & fees","supported","2026-10-09"
"Gloucester Marine Terminal","","","Gloucester","USGLC","United States","US East Coast","D104","","feeType","Fee type","Holds & fees","supported","2026-10-09"
"Gloucester Marine Terminal","","","Gloucester","USGLC","United States","US East Coast","D104","","feeAmount","Fee amount","Holds & fees","supported","2026-10-09"
"Gloucester Marine Terminal","","","Gloucester","USGLC","United States","US East Coast","D104","","pickupAppointment","Pickup appointment","Gate & yard","supported","2026-10-09"
"Gloucester Marine Terminal","","","Gloucester","USGLC","United States","US East Coast","D104","","yardLocation","Yard location","Gate & yard","supported","2026-10-09"
"Gloucester Marine Terminal","","","Gloucester","USGLC","United States","US East Coast","D104","","vesselDischarged","Vessel discharged","Container milestones","supported","2026-10-09"
"Gloucester Marine Terminal","","","Gloucester","USGLC","United States","US East Coast","D104","","fullOut","Full out","Container milestones","supported","2026-10-09"
"Gloucester Marine Terminal","","","Gloucester","USGLC","United States","US East Coast","D104","","chassisNumber","Chassis number","Gate & yard","supported","2026-10-09"
"Gloucester Marine Terminal","","","Gloucester","USGLC","United States","US East Coast","D104","","onRail","On rail","Container milestones","supported","2026-10-09"
"Gloucester Marine Terminal","","","Gloucester","USGLC","United States","US East Coast","D104","","emptyReturned","Empty returned","Container milestones","supported","2026-10-09"
"Barbours Cut Terminal","","","Houston","USHOU","United States","US Gulf","S787","","importMilestones","Import milestones","Container milestones","supported","2026-10-09"
"Barbours Cut Terminal","","","Houston","USHOU","United States","US Gulf","S787","","availableForPickup","Available for pickup","Pickup & availability","limited","2026-10-09"
"Barbours Cut Terminal","","","Houston","USHOU","United States","US Gulf","S787","","lastFreeDay","Terminal LFD","Pickup & availability","supported","2026-10-09"
"Barbours Cut Terminal","","","Houston","USHOU","United States","US Gulf","S787","","holds","Holds & releases","Holds & fees","supported","2026-10-09"
"Barbours Cut Terminal","","","Houston","USHOU","United States","US Gulf","S787","","feeType","Fee type","Holds & fees","supported","2026-10-09"
"Barbours Cut Terminal","","","Houston","USHOU","United States","US Gulf","S787","","feeAmount","Fee amount","Holds & fees","supported","2026-10-09"
"Barbours Cut Terminal","","","Houston","USHOU","United States","US Gulf","S787","","pickupAppointment","Pickup appointment","Gate & yard","supported","2026-10-09"
"Barbours Cut Terminal","","","Houston","USHOU","United States","US Gulf","S787","","yardLocation","Yard location","Gate & yard","supported","2026-10-09"
"Barbours Cut Terminal","","","Houston","USHOU","United States","US Gulf","S787","","vesselDischarged","Vessel discharged","Container milestones","limited","2026-10-09"
"Barbours Cut Terminal","","","Houston","USHOU","United States","US Gulf","S787","","fullOut","Full out","Container milestones","supported","2026-10-09"
"Barbours Cut Terminal","","","Houston","USHOU","United States","US Gulf","S787","","chassisNumber","Chassis number","Gate & yard","unsupported","2026-10-09"
"Barbours Cut Terminal","","","Houston","USHOU","United States","US Gulf","S787","","onRail","On rail","Container milestones","supported","2026-10-09"
"Barbours Cut Terminal","","","Houston","USHOU","United States","US Gulf","S787","","emptyReturned","Empty returned","Container milestones","unsupported","2026-10-09"
"Bayport Container Terminal","","","Houston","USHOU","United States","US Gulf","V136","","importMilestones","Import milestones","Container milestones","supported","2026-10-09"
"Bayport Container Terminal","","","Houston","USHOU","United States","US Gulf","V136","","availableForPickup","Available for pickup","Pickup & availability","limited","2026-10-09"
"Bayport Container Terminal","","","Houston","USHOU","United States","US Gulf","V136","","lastFreeDay","Terminal LFD","Pickup & availability","limited","2026-10-09"
"Bayport Container Terminal","","","Houston","USHOU","United States","US Gulf","V136","","holds","Holds & releases","Holds & fees","supported","2026-10-09"
"Bayport Container Terminal","","","Houston","USHOU","United States","US Gulf","V136","","feeType","Fee type","Holds & fees","supported","2026-10-09"
"Bayport Container Terminal","","","Houston","USHOU","United States","US Gulf","V136","","feeAmount","Fee amount","Holds & fees","supported","2026-10-09"
"Bayport Container Terminal","","","Houston","USHOU","United States","US Gulf","V136","","pickupAppointment","Pickup appointment","Gate & yard","supported","2026-10-09"
"Bayport Container Terminal","","","Houston","USHOU","United States","US Gulf","V136","","yardLocation","Yard location","Gate & yard","supported","2026-10-09"
"Bayport Container Terminal","","","Houston","USHOU","United States","US Gulf","V136","","vesselDischarged","Vessel discharged","Container milestones","limited","2026-10-09"
"Bayport Container Terminal","","","Houston","USHOU","United States","US Gulf","V136","","fullOut","Full out","Container milestones","supported","2026-10-09"
"Bayport Container Terminal","","","Houston","USHOU","United States","US Gulf","V136","","chassisNumber","Chassis number","Gate & yard","unsupported","2026-10-09"
"Bayport Container Terminal","","","Houston","USHOU","United States","US Gulf","V136","","onRail","On rail","Container milestones","supported","2026-10-09"
"Bayport Container Terminal","","","Houston","USHOU","United States","US Gulf","V136","","emptyReturned","Empty returned","Container milestones","unsupported","2026-10-09"
"Blount Island Terminal","","","Jacksonville","USJAX","United States","US East Coast","N296","","importMilestones","Import milestones","Container milestones","supported","2026-10-09"
"Blount Island Terminal","","","Jacksonville","USJAX","United States","US East Coast","N296","","availableForPickup","Available for pickup","Pickup & availability","supported","2026-10-09"
"Blount Island Terminal","","","Jacksonville","USJAX","United States","US East Coast","N296","","lastFreeDay","Terminal LFD","Pickup & availability","supported","2026-10-09"
"Blount Island Terminal","","","Jacksonville","USJAX","United States","US East Coast","N296","","holds","Holds & releases","Holds & fees","supported","2026-10-09"
"Blount Island Terminal","","","Jacksonville","USJAX","United States","US East Coast","N296","","feeType","Fee type","Holds & fees","supported","2026-10-09"
"Blount Island Terminal","","","Jacksonville","USJAX","United States","US East Coast","N296","","feeAmount","Fee amount","Holds & fees","supported","2026-10-09"
"Blount Island Terminal","","","Jacksonville","USJAX","United States","US East Coast","N296","","pickupAppointment","Pickup appointment","Gate & yard","unsupported","2026-10-09"
"Blount Island Terminal","","","Jacksonville","USJAX","United States","US East Coast","N296","","yardLocation","Yard location","Gate & yard","supported","2026-10-09"
"Blount Island Terminal","","","Jacksonville","USJAX","United States","US East Coast","N296","","vesselDischarged","Vessel discharged","Container milestones","supported","2026-10-09"
"Blount Island Terminal","","","Jacksonville","USJAX","United States","US East Coast","N296","","fullOut","Full out","Container milestones","supported","2026-10-09"
"Blount Island Terminal","","","Jacksonville","USJAX","United States","US East Coast","N296","","chassisNumber","Chassis number","Gate & yard","supported","2026-10-09"
"Blount Island Terminal","","","Jacksonville","USJAX","United States","US East Coast","N296","","onRail","On rail","Container milestones","supported","2026-10-09"
"Blount Island Terminal","","","Jacksonville","USJAX","United States","US East Coast","N296","","emptyReturned","Empty returned","Container milestones","unsupported","2026-10-09"
"Tote Maritime","","","Jacksonville","USJAX","United States","US East Coast","N762","","importMilestones","Import milestones","Container milestones","supported","2026-10-09"
"Tote Maritime","","","Jacksonville","USJAX","United States","US East Coast","N762","","availableForPickup","Available for pickup","Pickup & availability","unknown","2026-10-09"
"Tote Maritime","","","Jacksonville","USJAX","United States","US East Coast","N762","","lastFreeDay","Terminal LFD","Pickup & availability","unknown","2026-10-09"
"Tote Maritime","","","Jacksonville","USJAX","United States","US East Coast","N762","","holds","Holds & releases","Holds & fees","unknown","2026-10-09"
"Tote Maritime","","","Jacksonville","USJAX","United States","US East Coast","N762","","feeType","Fee type","Holds & fees","unknown","2026-10-09"
"Tote Maritime","","","Jacksonville","USJAX","United States","US East Coast","N762","","feeAmount","Fee amount","Holds & fees","unknown","2026-10-09"
"Tote Maritime","","","Jacksonville","USJAX","United States","US East Coast","N762","","pickupAppointment","Pickup appointment","Gate & yard","unknown","2026-10-09"
"Tote Maritime","","","Jacksonville","USJAX","United States","US East Coast","N762","","yardLocation","Yard location","Gate & yard","unknown","2026-10-09"
"Tote Maritime","","","Jacksonville","USJAX","United States","US East Coast","N762","","vesselDischarged","Vessel discharged","Container milestones","unknown","2026-10-09"
"Tote Maritime","","","Jacksonville","USJAX","United States","US East Coast","N762","","fullOut","Full out","Container milestones","unknown","2026-10-09"
"Tote Maritime","","","Jacksonville","USJAX","United States","US East Coast","N762","","chassisNumber","Chassis number","Gate & yard","unknown","2026-10-09"
"Tote Maritime","","","Jacksonville","USJAX","United States","US East Coast","N762","","onRail","On rail","Container milestones","unknown","2026-10-09"
"Tote Maritime","","","Jacksonville","USJAX","United States","US East Coast","N762","","emptyReturned","Empty returned","Container milestones","unknown","2026-10-09"
"Trapac Jacksonville Terminal","","","Jacksonville","USJAX","United States","US East Coast","M029","","importMilestones","Import milestones","Container milestones","supported","2026-10-09"
"Trapac Jacksonville Terminal","","","Jacksonville","USJAX","United States","US East Coast","M029","","availableForPickup","Available for pickup","Pickup & availability","unknown","2026-10-09"
"Trapac Jacksonville Terminal","","","Jacksonville","USJAX","United States","US East Coast","M029","","lastFreeDay","Terminal LFD","Pickup & availability","unknown","2026-10-09"
"Trapac Jacksonville Terminal","","","Jacksonville","USJAX","United States","US East Coast","M029","","holds","Holds & releases","Holds & fees","unknown","2026-10-09"
"Trapac Jacksonville Terminal","","","Jacksonville","USJAX","United States","US East Coast","M029","","feeType","Fee type","Holds & fees","unknown","2026-10-09"
"Trapac Jacksonville Terminal","","","Jacksonville","USJAX","United States","US East Coast","M029","","feeAmount","Fee amount","Holds & fees","unknown","2026-10-09"
"Trapac Jacksonville Terminal","","","Jacksonville","USJAX","United States","US East Coast","M029","","pickupAppointment","Pickup appointment","Gate & yard","unknown","2026-10-09"
"Trapac Jacksonville Terminal","","","Jacksonville","USJAX","United States","US East Coast","M029","","yardLocation","Yard location","Gate & yard","unknown","2026-10-09"
"Trapac Jacksonville Terminal","","","Jacksonville","USJAX","United States","US East Coast","M029","","vesselDischarged","Vessel discharged","Container milestones","unknown","2026-10-09"
"Trapac Jacksonville Terminal","","","Jacksonville","USJAX","United States","US East Coast","M029","","fullOut","Full out","Container milestones","unknown","2026-10-09"
"Trapac Jacksonville Terminal","","","Jacksonville","USJAX","United States","US East Coast","M029","","chassisNumber","Chassis number","Gate & yard","unknown","2026-10-09"
"Trapac Jacksonville Terminal","","","Jacksonville","USJAX","United States","US East Coast","M029","","onRail","On rail","Container milestones","unknown","2026-10-09"
"Trapac Jacksonville Terminal","","","Jacksonville","USJAX","United States","US East Coast","M029","","emptyReturned","Empty returned","Container milestones","unknown","2026-10-09"
"International Transportation Service","","","Long Beach","USLGB","United States","US West Coast","Y309","","importMilestones","Import milestones","Container milestones","supported","2026-10-09"
"International Transportation Service","","","Long Beach","USLGB","United States","US West Coast","Y309","","availableForPickup","Available for pickup","Pickup & availability","limited","2026-10-09"
"International Transportation Service","","","Long Beach","USLGB","United States","US West Coast","Y309","","lastFreeDay","Terminal LFD","Pickup & availability","supported","2026-10-09"
"International Transportation Service","","","Long Beach","USLGB","United States","US West Coast","Y309","","holds","Holds & releases","Holds & fees","supported","2026-10-09"
"International Transportation Service","","","Long Beach","USLGB","United States","US West Coast","Y309","","feeType","Fee type","Holds & fees","limited","2026-10-09"
"International Transportation Service","","","Long Beach","USLGB","United States","US West Coast","Y309","","feeAmount","Fee amount","Holds & fees","supported","2026-10-09"
"International Transportation Service","","","Long Beach","USLGB","United States","US West Coast","Y309","","pickupAppointment","Pickup appointment","Gate & yard","unsupported","2026-10-09"
"International Transportation Service","","","Long Beach","USLGB","United States","US West Coast","Y309","","yardLocation","Yard location","Gate & yard","supported","2026-10-09"
"International Transportation Service","","","Long Beach","USLGB","United States","US West Coast","Y309","","vesselDischarged","Vessel discharged","Container milestones","supported","2026-10-09"
"International Transportation Service","","","Long Beach","USLGB","United States","US West Coast","Y309","","fullOut","Full out","Container milestones","supported","2026-10-09"
"International Transportation Service","","","Long Beach","USLGB","United States","US West Coast","Y309","","chassisNumber","Chassis number","Gate & yard","supported","2026-10-09"
"International Transportation Service","","","Long Beach","USLGB","United States","US West Coast","Y309","","onRail","On rail","Container milestones","supported","2026-10-09"
"International Transportation Service","","","Long Beach","USLGB","United States","US West Coast","Y309","","emptyReturned","Empty returned","Container milestones","unsupported","2026-10-09"
"Long Beach Container Terminal","","","Long Beach","USLGB","United States","US West Coast","WAC8","","importMilestones","Import milestones","Container milestones","supported","2026-10-09"
"Long Beach Container Terminal","","","Long Beach","USLGB","United States","US West Coast","WAC8","","availableForPickup","Available for pickup","Pickup & availability","supported","2026-10-09"
"Long Beach Container Terminal","","","Long Beach","USLGB","United States","US West Coast","WAC8","","lastFreeDay","Terminal LFD","Pickup & availability","limited","2026-10-09"
"Long Beach Container Terminal","","","Long Beach","USLGB","United States","US West Coast","WAC8","","holds","Holds & releases","Holds & fees","supported","2026-10-09"
"Long Beach Container Terminal","","","Long Beach","USLGB","United States","US West Coast","WAC8","","feeType","Fee type","Holds & fees","supported","2026-10-09"
"Long Beach Container Terminal","","","Long Beach","USLGB","United States","US West Coast","WAC8","","feeAmount","Fee amount","Holds & fees","supported","2026-10-09"
"Long Beach Container Terminal","","","Long Beach","USLGB","United States","US West Coast","WAC8","","pickupAppointment","Pickup appointment","Gate & yard","limited","2026-10-09"
"Long Beach Container Terminal","","","Long Beach","USLGB","United States","US West Coast","WAC8","","yardLocation","Yard location","Gate & yard","supported","2026-10-09"
"Long Beach Container Terminal","","","Long Beach","USLGB","United States","US West Coast","WAC8","","vesselDischarged","Vessel discharged","Container milestones","supported","2026-10-09"
"Long Beach Container Terminal","","","Long Beach","USLGB","United States","US West Coast","WAC8","","fullOut","Full out","Container milestones","supported","2026-10-09"
"Long Beach Container Terminal","","","Long Beach","USLGB","United States","US West Coast","WAC8","","chassisNumber","Chassis number","Gate & yard","unsupported","2026-10-09"
"Long Beach Container Terminal","","","Long Beach","USLGB","United States","US West Coast","WAC8","","onRail","On rail","Container milestones","supported","2026-10-09"
"Long Beach Container Terminal","","","Long Beach","USLGB","United States","US West Coast","WAC8","","emptyReturned","Empty returned","Container milestones","unsupported","2026-10-09"
"Pacific Container Terminal","","","Long Beach","USLGB","United States","US West Coast","W182","","importMilestones","Import milestones","Container milestones","supported","2026-10-09"
"Pacific Container Terminal","","","Long Beach","USLGB","United States","US West Coast","W182","","availableForPickup","Available for pickup","Pickup & availability","supported","2026-10-09"
"Pacific Container Terminal","","","Long Beach","USLGB","United States","US West Coast","W182","","lastFreeDay","Terminal LFD","Pickup & availability","supported","2026-10-09"
"Pacific Container Terminal","","","Long Beach","USLGB","United States","US West Coast","W182","","holds","Holds & releases","Holds & fees","supported","2026-10-09"
"Pacific Container Terminal","","","Long Beach","USLGB","United States","US West Coast","W182","","feeType","Fee type","Holds & fees","supported","2026-10-09"
"Pacific Container Terminal","","","Long Beach","USLGB","United States","US West Coast","W182","","feeAmount","Fee amount","Holds & fees","supported","2026-10-09"
"Pacific Container Terminal","","","Long Beach","USLGB","United States","US West Coast","W182","","pickupAppointment","Pickup appointment","Gate & yard","unsupported","2026-10-09"
"Pacific Container Terminal","","","Long Beach","USLGB","United States","US West Coast","W182","","yardLocation","Yard location","Gate & yard","supported","2026-10-09"
"Pacific Container Terminal","","","Long Beach","USLGB","United States","US West Coast","W182","","vesselDischarged","Vessel discharged","Container milestones","supported","2026-10-09"
"Pacific Container Terminal","","","Long Beach","USLGB","United States","US West Coast","W182","","fullOut","Full out","Container milestones","supported","2026-10-09"
"Pacific Container Terminal","","","Long Beach","USLGB","United States","US West Coast","W182","","chassisNumber","Chassis number","Gate & yard","limited","2026-10-09"
"Pacific Container Terminal","","","Long Beach","USLGB","United States","US West Coast","W182","","onRail","On rail","Container milestones","supported","2026-10-09"
"Pacific Container Terminal","","","Long Beach","USLGB","United States","US West Coast","W182","","emptyReturned","Empty returned","Container milestones","unsupported","2026-10-09"
"Shippers Transport Express","","","Long Beach","USLGB","United States","US West Coast","STA","","importMilestones","Import milestones","Container milestones","supported","2026-10-09"
"Shippers Transport Express","","","Long Beach","USLGB","United States","US West Coast","STA","","availableForPickup","Available for pickup","Pickup & availability","supported","2026-10-09"
"Shippers Transport Express","","","Long Beach","USLGB","United States","US West Coast","STA","","lastFreeDay","Terminal LFD","Pickup & availability","supported","2026-10-09"
"Shippers Transport Express","","","Long Beach","USLGB","United States","US West Coast","STA","","holds","Holds & releases","Holds & fees","limited","2026-10-09"
"Shippers Transport Express","","","Long Beach","USLGB","United States","US West Coast","STA","","feeType","Fee type","Holds & fees","supported","2026-10-09"
"Shippers Transport Express","","","Long Beach","USLGB","United States","US West Coast","STA","","feeAmount","Fee amount","Holds & fees","supported","2026-10-09"
"Shippers Transport Express","","","Long Beach","USLGB","United States","US West Coast","STA","","pickupAppointment","Pickup appointment","Gate & yard","unsupported","2026-10-09"
"Shippers Transport Express","","","Long Beach","USLGB","United States","US West Coast","STA","","yardLocation","Yard location","Gate & yard","supported","2026-10-09"
"Shippers Transport Express","","","Long Beach","USLGB","United States","US West Coast","STA","","vesselDischarged","Vessel discharged","Container milestones","unsupported","2026-10-09"
"Shippers Transport Express","","","Long Beach","USLGB","United States","US West Coast","STA","","fullOut","Full out","Container milestones","supported","2026-10-09"
"Shippers Transport Express","","","Long Beach","USLGB","United States","US West Coast","STA","","chassisNumber","Chassis number","Gate & yard","unsupported","2026-10-09"
"Shippers Transport Express","","","Long Beach","USLGB","United States","US West Coast","STA","","onRail","On rail","Container milestones","supported","2026-10-09"
"Shippers Transport Express","","","Long Beach","USLGB","United States","US West Coast","STA","","emptyReturned","Empty returned","Container milestones","unsupported","2026-10-09"
"Shippers Transport Express - Carson","","","Long Beach","USLGB","United States","US West Coast","Z773","","importMilestones","Import milestones","Container milestones","supported","2026-10-09"
"Shippers Transport Express - Carson","","","Long Beach","USLGB","United States","US West Coast","Z773","","availableForPickup","Available for pickup","Pickup & availability","supported","2026-10-09"
"Shippers Transport Express - Carson","","","Long Beach","USLGB","United States","US West Coast","Z773","","lastFreeDay","Terminal LFD","Pickup & availability","supported","2026-10-09"
"Shippers Transport Express - Carson","","","Long Beach","USLGB","United States","US West Coast","Z773","","holds","Holds & releases","Holds & fees","limited","2026-10-09"
"Shippers Transport Express - Carson","","","Long Beach","USLGB","United States","US West Coast","Z773","","feeType","Fee type","Holds & fees","supported","2026-10-09"
"Shippers Transport Express - Carson","","","Long Beach","USLGB","United States","US West Coast","Z773","","feeAmount","Fee amount","Holds & fees","supported","2026-10-09"
"Shippers Transport Express - Carson","","","Long Beach","USLGB","United States","US West Coast","Z773","","pickupAppointment","Pickup appointment","Gate & yard","unsupported","2026-10-09"
"Shippers Transport Express - Carson","","","Long Beach","USLGB","United States","US West Coast","Z773","","yardLocation","Yard location","Gate & yard","supported","2026-10-09"
"Shippers Transport Express - Carson","","","Long Beach","USLGB","United States","US West Coast","Z773","","vesselDischarged","Vessel discharged","Container milestones","unsupported","2026-10-09"
"Shippers Transport Express - Carson","","","Long Beach","USLGB","United States","US West Coast","Z773","","fullOut","Full out","Container milestones","supported","2026-10-09"
"Shippers Transport Express - Carson","","","Long Beach","USLGB","United States","US West Coast","Z773","","chassisNumber","Chassis number","Gate & yard","limited","2026-10-09"
"Shippers Transport Express - Carson","","","Long Beach","USLGB","United States","US West Coast","Z773","","onRail","On rail","Container milestones","supported","2026-10-09"
"Shippers Transport Express - Carson","","","Long Beach","USLGB","United States","US West Coast","Z773","","emptyReturned","Empty returned","Container milestones","unsupported","2026-10-09"
"SSA Pier A","","","Long Beach","USLGB","United States","US West Coast","Z978","","importMilestones","Import milestones","Container milestones","supported","2026-10-09"
"SSA Pier A","","","Long Beach","USLGB","United States","US West Coast","Z978","","availableForPickup","Available for pickup","Pickup & availability","limited","2026-10-09"
"SSA Pier A","","","Long Beach","USLGB","United States","US West Coast","Z978","","lastFreeDay","Terminal LFD","Pickup & availability","supported","2026-10-09"
"SSA Pier A","","","Long Beach","USLGB","United States","US West Coast","Z978","","holds","Holds & releases","Holds & fees","supported","2026-10-09"
"SSA Pier A","","","Long Beach","USLGB","United States","US West Coast","Z978","","feeType","Fee type","Holds & fees","supported","2026-10-09"
"SSA Pier A","","","Long Beach","USLGB","United States","US West Coast","Z978","","feeAmount","Fee amount","Holds & fees","supported","2026-10-09"
"SSA Pier A","","","Long Beach","USLGB","United States","US West Coast","Z978","","pickupAppointment","Pickup appointment","Gate & yard","unsupported","2026-10-09"
"SSA Pier A","","","Long Beach","USLGB","United States","US West Coast","Z978","","yardLocation","Yard location","Gate & yard","supported","2026-10-09"
"SSA Pier A","","","Long Beach","USLGB","United States","US West Coast","Z978","","vesselDischarged","Vessel discharged","Container milestones","limited","2026-10-09"
"SSA Pier A","","","Long Beach","USLGB","United States","US West Coast","Z978","","fullOut","Full out","Container milestones","supported","2026-10-09"
"SSA Pier A","","","Long Beach","USLGB","United States","US West Coast","Z978","","chassisNumber","Chassis number","Gate & yard","limited","2026-10-09"
"SSA Pier A","","","Long Beach","USLGB","United States","US West Coast","Z978","","onRail","On rail","Container milestones","supported","2026-10-09"
"SSA Pier A","","","Long Beach","USLGB","United States","US West Coast","Z978","","emptyReturned","Empty returned","Container milestones","unsupported","2026-10-09"
"Total Terminals International","","","Long Beach","USLGB","United States","US West Coast","Z952","","importMilestones","Import milestones","Container milestones","supported","2026-10-09"
"Total Terminals International","","","Long Beach","USLGB","United States","US West Coast","Z952","","availableForPickup","Available for pickup","Pickup & availability","supported","2026-10-09"
"Total Terminals International","","","Long Beach","USLGB","United States","US West Coast","Z952","","lastFreeDay","Terminal LFD","Pickup & availability","limited","2026-10-09"
"Total Terminals International","","","Long Beach","USLGB","United States","US West Coast","Z952","","holds","Holds & releases","Holds & fees","supported","2026-10-09"
"Total Terminals International","","","Long Beach","USLGB","United States","US West Coast","Z952","","feeType","Fee type","Holds & fees","supported","2026-10-09"
"Total Terminals International","","","Long Beach","USLGB","United States","US West Coast","Z952","","feeAmount","Fee amount","Holds & fees","supported","2026-10-09"
"Total Terminals International","","","Long Beach","USLGB","United States","US West Coast","Z952","","pickupAppointment","Pickup appointment","Gate & yard","unsupported","2026-10-09"
"Total Terminals International","","","Long Beach","USLGB","United States","US West Coast","Z952","","yardLocation","Yard location","Gate & yard","unsupported","2026-10-09"
"Total Terminals International","","","Long Beach","USLGB","United States","US West Coast","Z952","","vesselDischarged","Vessel discharged","Container milestones","supported","2026-10-09"
"Total Terminals International","","","Long Beach","USLGB","United States","US West Coast","Z952","","fullOut","Full out","Container milestones","supported","2026-10-09"
"Total Terminals International","","","Long Beach","USLGB","United States","US West Coast","Z952","","chassisNumber","Chassis number","Gate & yard","unsupported","2026-10-09"
"Total Terminals International","","","Long Beach","USLGB","United States","US West Coast","Z952","","onRail","On rail","Container milestones","supported","2026-10-09"
"Total Terminals International","","","Long Beach","USLGB","United States","US West Coast","Z952","","emptyReturned","Empty returned","Container milestones","unsupported","2026-10-09"
"APM Terminals","","","Los Angeles","USLAX","United States","US West Coast","W185","","importMilestones","Import milestones","Container milestones","supported","2026-10-09"
"APM Terminals","","","Los Angeles","USLAX","United States","US West Coast","W185","","availableForPickup","Available for pickup","Pickup & availability","supported","2026-10-09"
"APM Terminals","","","Los Angeles","USLAX","United States","US West Coast","W185","","lastFreeDay","Terminal LFD","Pickup & availability","supported","2026-10-09"
"APM Terminals","","","Los Angeles","USLAX","United States","US West Coast","W185","","holds","Holds & releases","Holds & fees","supported","2026-10-09"
"APM Terminals","","","Los Angeles","USLAX","United States","US West Coast","W185","","feeType","Fee type","Holds & fees","supported","2026-10-09"
"APM Terminals","","","Los Angeles","USLAX","United States","US West Coast","W185","","feeAmount","Fee amount","Holds & fees","supported","2026-10-09"
"APM Terminals","","","Los Angeles","USLAX","United States","US West Coast","W185","","pickupAppointment","Pickup appointment","Gate & yard","supported","2026-10-09"
"APM Terminals","","","Los Angeles","USLAX","United States","US West Coast","W185","","yardLocation","Yard location","Gate & yard","supported","2026-10-09"
"APM Terminals","","","Los Angeles","USLAX","United States","US West Coast","W185","","vesselDischarged","Vessel discharged","Container milestones","limited","2026-10-09"
"APM Terminals","","","Los Angeles","USLAX","United States","US West Coast","W185","","fullOut","Full out","Container milestones","unsupported","2026-10-09"
"APM Terminals","","","Los Angeles","USLAX","United States","US West Coast","W185","","chassisNumber","Chassis number","Gate & yard","unsupported","2026-10-09"
"APM Terminals","","","Los Angeles","USLAX","United States","US West Coast","W185","","onRail","On rail","Container milestones","supported","2026-10-09"
"APM Terminals","","","Los Angeles","USLAX","United States","US West Coast","W185","","emptyReturned","Empty returned","Container milestones","unsupported","2026-10-09"
"Everport Terminal Services","","","Los Angeles","USLAX","United States","US West Coast","Y124","","importMilestones","Import milestones","Container milestones","supported","2026-10-09"
"Everport Terminal Services","","","Los Angeles","USLAX","United States","US West Coast","Y124","","availableForPickup","Available for pickup","Pickup & availability","supported","2026-10-09"
"Everport Terminal Services","","","Los Angeles","USLAX","United States","US West Coast","Y124","","lastFreeDay","Terminal LFD","Pickup & availability","supported","2026-10-09"
"Everport Terminal Services","","","Los Angeles","USLAX","United States","US West Coast","Y124","","holds","Holds & releases","Holds & fees","supported","2026-10-09"
"Everport Terminal Services","","","Los Angeles","USLAX","United States","US West Coast","Y124","","feeType","Fee type","Holds & fees","supported","2026-10-09"
"Everport Terminal Services","","","Los Angeles","USLAX","United States","US West Coast","Y124","","feeAmount","Fee amount","Holds & fees","supported","2026-10-09"
"Everport Terminal Services","","","Los Angeles","USLAX","United States","US West Coast","Y124","","pickupAppointment","Pickup appointment","Gate & yard","supported","2026-10-09"
"Everport Terminal Services","","","Los Angeles","USLAX","United States","US West Coast","Y124","","yardLocation","Yard location","Gate & yard","supported","2026-10-09"
"Everport Terminal Services","","","Los Angeles","USLAX","United States","US West Coast","Y124","","vesselDischarged","Vessel discharged","Container milestones","supported","2026-10-09"
"Everport Terminal Services","","","Los Angeles","USLAX","United States","US West Coast","Y124","","fullOut","Full out","Container milestones","limited","2026-10-09"
"Everport Terminal Services","","","Los Angeles","USLAX","United States","US West Coast","Y124","","chassisNumber","Chassis number","Gate & yard","unsupported","2026-10-09"
"Everport Terminal Services","","","Los Angeles","USLAX","United States","US West Coast","Y124","","onRail","On rail","Container milestones","supported","2026-10-09"
"Everport Terminal Services","","","Los Angeles","USLAX","United States","US West Coast","Y124","","emptyReturned","Empty returned","Container milestones","unsupported","2026-10-09"
"Fenix Marine Services","","","Los Angeles","USLAX","United States","US West Coast","Y257","","importMilestones","Import milestones","Container milestones","supported","2026-10-09"
"Fenix Marine Services","","","Los Angeles","USLAX","United States","US West Coast","Y257","","availableForPickup","Available for pickup","Pickup & availability","supported","2026-10-09"
"Fenix Marine Services","","","Los Angeles","USLAX","United States","US West Coast","Y257","","lastFreeDay","Terminal LFD","Pickup & availability","supported","2026-10-09"
"Fenix Marine Services","","","Los Angeles","USLAX","United States","US West Coast","Y257","","holds","Holds & releases","Holds & fees","supported","2026-10-09"
"Fenix Marine Services","","","Los Angeles","USLAX","United States","US West Coast","Y257","","feeType","Fee type","Holds & fees","supported","2026-10-09"
"Fenix Marine Services","","","Los Angeles","USLAX","United States","US West Coast","Y257","","feeAmount","Fee amount","Holds & fees","supported","2026-10-09"
"Fenix Marine Services","","","Los Angeles","USLAX","United States","US West Coast","Y257","","pickupAppointment","Pickup appointment","Gate & yard","supported","2026-10-09"
"Fenix Marine Services","","","Los Angeles","USLAX","United States","US West Coast","Y257","","yardLocation","Yard location","Gate & yard","supported","2026-10-09"
"Fenix Marine Services","","","Los Angeles","USLAX","United States","US West Coast","Y257","","vesselDischarged","Vessel discharged","Container milestones","supported","2026-10-09"
"Fenix Marine Services","","","Los Angeles","USLAX","United States","US West Coast","Y257","","fullOut","Full out","Container milestones","supported","2026-10-09"
"Fenix Marine Services","","","Los Angeles","USLAX","United States","US West Coast","Y257","","chassisNumber","Chassis number","Gate & yard","unsupported","2026-10-09"
"Fenix Marine Services","","","Los Angeles","USLAX","United States","US West Coast","Y257","","onRail","On rail","Container milestones","supported","2026-10-09"
"Fenix Marine Services","","","Los Angeles","USLAX","United States","US West Coast","Y257","","emptyReturned","Empty returned","Container milestones","unsupported","2026-10-09"
"TraPac LA","","","Los Angeles","USLAX","United States","US West Coast","Y258","","importMilestones","Import milestones","Container milestones","supported","2026-10-09"
"TraPac LA","","","Los Angeles","USLAX","United States","US West Coast","Y258","","availableForPickup","Available for pickup","Pickup & availability","limited","2026-10-09"
"TraPac LA","","","Los Angeles","USLAX","United States","US West Coast","Y258","","lastFreeDay","Terminal LFD","Pickup & availability","unsupported","2026-10-09"
"TraPac LA","","","Los Angeles","USLAX","United States","US West Coast","Y258","","holds","Holds & releases","Holds & fees","supported","2026-10-09"
"TraPac LA","","","Los Angeles","USLAX","United States","US West Coast","Y258","","feeType","Fee type","Holds & fees","supported","2026-10-09"
"TraPac LA","","","Los Angeles","USLAX","United States","US West Coast","Y258","","feeAmount","Fee amount","Holds & fees","supported","2026-10-09"
"TraPac LA","","","Los Angeles","USLAX","United States","US West Coast","Y258","","pickupAppointment","Pickup appointment","Gate & yard","unsupported","2026-10-09"
"TraPac LA","","","Los Angeles","USLAX","United States","US West Coast","Y258","","yardLocation","Yard location","Gate & yard","unsupported","2026-10-09"
"TraPac LA","","","Los Angeles","USLAX","United States","US West Coast","Y258","","vesselDischarged","Vessel discharged","Container milestones","unsupported","2026-10-09"
"TraPac LA","","","Los Angeles","USLAX","United States","US West Coast","Y258","","fullOut","Full out","Container milestones","supported","2026-10-09"
"TraPac LA","","","Los Angeles","USLAX","United States","US West Coast","Y258","","chassisNumber","Chassis number","Gate & yard","unsupported","2026-10-09"
"TraPac LA","","","Los Angeles","USLAX","United States","US West Coast","Y258","","onRail","On rail","Container milestones","supported","2026-10-09"
"TraPac LA","","","Los Angeles","USLAX","United States","US West Coast","Y258","","emptyReturned","Empty returned","Container milestones","unsupported","2026-10-09"
"West Basin Container Terminal","","","Los Angeles","USLAX","United States","US West Coast","Y773","","importMilestones","Import milestones","Container milestones","supported","2026-10-09"
"West Basin Container Terminal","","","Los Angeles","USLAX","United States","US West Coast","Y773","","availableForPickup","Available for pickup","Pickup & availability","limited","2026-10-09"
"West Basin Container Terminal","","","Los Angeles","USLAX","United States","US West Coast","Y773","","lastFreeDay","Terminal LFD","Pickup & availability","supported","2026-10-09"
"West Basin Container Terminal","","","Los Angeles","USLAX","United States","US West Coast","Y773","","holds","Holds & releases","Holds & fees","supported","2026-10-09"
"West Basin Container Terminal","","","Los Angeles","USLAX","United States","US West Coast","Y773","","feeType","Fee type","Holds & fees","supported","2026-10-09"
"West Basin Container Terminal","","","Los Angeles","USLAX","United States","US West Coast","Y773","","feeAmount","Fee amount","Holds & fees","supported","2026-10-09"
"West Basin Container Terminal","","","Los Angeles","USLAX","United States","US West Coast","Y773","","pickupAppointment","Pickup appointment","Gate & yard","unsupported","2026-10-09"
"West Basin Container Terminal","","","Los Angeles","USLAX","United States","US West Coast","Y773","","yardLocation","Yard location","Gate & yard","supported","2026-10-09"
"West Basin Container Terminal","","","Los Angeles","USLAX","United States","US West Coast","Y773","","vesselDischarged","Vessel discharged","Container milestones","unsupported","2026-10-09"
"West Basin Container Terminal","","","Los Angeles","USLAX","United States","US West Coast","Y773","","fullOut","Full out","Container milestones","unsupported","2026-10-09"
"West Basin Container Terminal","","","Los Angeles","USLAX","United States","US West Coast","Y773","","chassisNumber","Chassis number","Gate & yard","unsupported","2026-10-09"
"West Basin Container Terminal","","","Los Angeles","USLAX","United States","US West Coast","Y773","","onRail","On rail","Container milestones","supported","2026-10-09"
"West Basin Container Terminal","","","Los Angeles","USLAX","United States","US West Coast","Y773","","emptyReturned","Empty returned","Container milestones","unsupported","2026-10-09"
"Yusen Terminals","","","Los Angeles","USLAX","United States","US West Coast","Y790","","importMilestones","Import milestones","Container milestones","supported","2026-10-09"
"Yusen Terminals","","","Los Angeles","USLAX","United States","US West Coast","Y790","","availableForPickup","Available for pickup","Pickup & availability","limited","2026-10-09"
"Yusen Terminals","","","Los Angeles","USLAX","United States","US West Coast","Y790","","lastFreeDay","Terminal LFD","Pickup & availability","supported","2026-10-09"
"Yusen Terminals","","","Los Angeles","USLAX","United States","US West Coast","Y790","","holds","Holds & releases","Holds & fees","supported","2026-10-09"
"Yusen Terminals","","","Los Angeles","USLAX","United States","US West Coast","Y790","","feeType","Fee type","Holds & fees","limited","2026-10-09"
"Yusen Terminals","","","Los Angeles","USLAX","United States","US West Coast","Y790","","feeAmount","Fee amount","Holds & fees","supported","2026-10-09"
"Yusen Terminals","","","Los Angeles","USLAX","United States","US West Coast","Y790","","pickupAppointment","Pickup appointment","Gate & yard","unsupported","2026-10-09"
"Yusen Terminals","","","Los Angeles","USLAX","United States","US West Coast","Y790","","yardLocation","Yard location","Gate & yard","supported","2026-10-09"
"Yusen Terminals","","","Los Angeles","USLAX","United States","US West Coast","Y790","","vesselDischarged","Vessel discharged","Container milestones","limited","2026-10-09"
"Yusen Terminals","","","Los Angeles","USLAX","United States","US West Coast","Y790","","fullOut","Full out","Container milestones","unsupported","2026-10-09"
"Yusen Terminals","","","Los Angeles","USLAX","United States","US West Coast","Y790","","chassisNumber","Chassis number","Gate & yard","limited","2026-10-09"
"Yusen Terminals","","","Los Angeles","USLAX","United States","US West Coast","Y790","","onRail","On rail","Container milestones","supported","2026-10-09"
"Yusen Terminals","","","Los Angeles","USLAX","United States","US West Coast","Y790","","emptyReturned","Empty returned","Container milestones","unsupported","2026-10-09"
"Port of Miami Terminal Operating Company","","","Miami Seaport","USMIA","United States","US East Coast","L239","","importMilestones","Import milestones","Container milestones","supported","2026-10-09"
"Port of Miami Terminal Operating Company","","","Miami Seaport","USMIA","United States","US East Coast","L239","","availableForPickup","Available for pickup","Pickup & availability","supported","2026-10-09"
"Port of Miami Terminal Operating Company","","","Miami Seaport","USMIA","United States","US East Coast","L239","","lastFreeDay","Terminal LFD","Pickup & availability","supported","2026-10-09"
"Port of Miami Terminal Operating Company","","","Miami Seaport","USMIA","United States","US East Coast","L239","","holds","Holds & releases","Holds & fees","supported","2026-10-09"
"Port of Miami Terminal Operating Company","","","Miami Seaport","USMIA","United States","US East Coast","L239","","feeType","Fee type","Holds & fees","supported","2026-10-09"
"Port of Miami Terminal Operating Company","","","Miami Seaport","USMIA","United States","US East Coast","L239","","feeAmount","Fee amount","Holds & fees","supported","2026-10-09"
"Port of Miami Terminal Operating Company","","","Miami Seaport","USMIA","United States","US East Coast","L239","","pickupAppointment","Pickup appointment","Gate & yard","unsupported","2026-10-09"
"Port of Miami Terminal Operating Company","","","Miami Seaport","USMIA","United States","US East Coast","L239","","yardLocation","Yard location","Gate & yard","supported","2026-10-09"
"Port of Miami Terminal Operating Company","","","Miami Seaport","USMIA","United States","US East Coast","L239","","vesselDischarged","Vessel discharged","Container milestones","supported","2026-10-09"
"Port of Miami Terminal Operating Company","","","Miami Seaport","USMIA","United States","US East Coast","L239","","fullOut","Full out","Container milestones","supported","2026-10-09"
"Port of Miami Terminal Operating Company","","","Miami Seaport","USMIA","United States","US East Coast","L239","","chassisNumber","Chassis number","Gate & yard","supported","2026-10-09"
"Port of Miami Terminal Operating Company","","","Miami Seaport","USMIA","United States","US East Coast","L239","","onRail","On rail","Container milestones","supported","2026-10-09"
"Port of Miami Terminal Operating Company","","","Miami Seaport","USMIA","United States","US East Coast","L239","","emptyReturned","Empty returned","Container milestones","unsupported","2026-10-09"
"South Florida Container Terminal","","","Miami Seaport","USMIA","United States","US East Coast","N775","","importMilestones","Import milestones","Container milestones","supported","2026-10-09"
"South Florida Container Terminal","","","Miami Seaport","USMIA","United States","US East Coast","N775","","availableForPickup","Available for pickup","Pickup & availability","supported","2026-10-09"
"South Florida Container Terminal","","","Miami Seaport","USMIA","United States","US East Coast","N775","","lastFreeDay","Terminal LFD","Pickup & availability","supported","2026-10-09"
"South Florida Container Terminal","","","Miami Seaport","USMIA","United States","US East Coast","N775","","holds","Holds & releases","Holds & fees","supported","2026-10-09"
"South Florida Container Terminal","","","Miami Seaport","USMIA","United States","US East Coast","N775","","feeType","Fee type","Holds & fees","supported","2026-10-09"
"South Florida Container Terminal","","","Miami Seaport","USMIA","United States","US East Coast","N775","","feeAmount","Fee amount","Holds & fees","supported","2026-10-09"
"South Florida Container Terminal","","","Miami Seaport","USMIA","United States","US East Coast","N775","","pickupAppointment","Pickup appointment","Gate & yard","unsupported","2026-10-09"
"South Florida Container Terminal","","","Miami Seaport","USMIA","United States","US East Coast","N775","","yardLocation","Yard location","Gate & yard","supported","2026-10-09"
"South Florida Container Terminal","","","Miami Seaport","USMIA","United States","US East Coast","N775","","vesselDischarged","Vessel discharged","Container milestones","supported","2026-10-09"
"South Florida Container Terminal","","","Miami Seaport","USMIA","United States","US East Coast","N775","","fullOut","Full out","Container milestones","supported","2026-10-09"
"South Florida Container Terminal","","","Miami Seaport","USMIA","United States","US East Coast","N775","","chassisNumber","Chassis number","Gate & yard","unsupported","2026-10-09"
"South Florida Container Terminal","","","Miami Seaport","USMIA","United States","US East Coast","N775","","onRail","On rail","Container milestones","supported","2026-10-09"
"South Florida Container Terminal","","","Miami Seaport","USMIA","United States","US East Coast","N775","","emptyReturned","Empty returned","Container milestones","unsupported","2026-10-09"
"APM Terminal","","","Mobile","USMOB","United States","US Gulf","R103","","importMilestones","Import milestones","Container milestones","supported","2026-10-09"
"APM Terminal","","","Mobile","USMOB","United States","US Gulf","R103","","availableForPickup","Available for pickup","Pickup & availability","unsupported","2026-10-09"
"APM Terminal","","","Mobile","USMOB","United States","US Gulf","R103","","lastFreeDay","Terminal LFD","Pickup & availability","unsupported","2026-10-09"
"APM Terminal","","","Mobile","USMOB","United States","US Gulf","R103","","holds","Holds & releases","Holds & fees","supported","2026-10-09"
"APM Terminal","","","Mobile","USMOB","United States","US Gulf","R103","","feeType","Fee type","Holds & fees","supported","2026-10-09"
"APM Terminal","","","Mobile","USMOB","United States","US Gulf","R103","","feeAmount","Fee amount","Holds & fees","supported","2026-10-09"
"APM Terminal","","","Mobile","USMOB","United States","US Gulf","R103","","pickupAppointment","Pickup appointment","Gate & yard","unsupported","2026-10-09"
"APM Terminal","","","Mobile","USMOB","United States","US Gulf","R103","","yardLocation","Yard location","Gate & yard","supported","2026-10-09"
"APM Terminal","","","Mobile","USMOB","United States","US Gulf","R103","","vesselDischarged","Vessel discharged","Container milestones","limited","2026-10-09"
"APM Terminal","","","Mobile","USMOB","United States","US Gulf","R103","","fullOut","Full out","Container milestones","limited","2026-10-09"
"APM Terminal","","","Mobile","USMOB","United States","US Gulf","R103","","chassisNumber","Chassis number","Gate & yard","unsupported","2026-10-09"
"APM Terminal","","","Mobile","USMOB","United States","US Gulf","R103","","onRail","On rail","Container milestones","supported","2026-10-09"
"APM Terminal","","","Mobile","USMOB","United States","US Gulf","R103","","emptyReturned","Empty returned","Container milestones","unsupported","2026-10-09"
"Napoleon Container Terminal","","","New Orleans","USMSY","United States","US Gulf","P260","","importMilestones","Import milestones","Container milestones","supported","2026-10-09"
"Napoleon Container Terminal","","","New Orleans","USMSY","United States","US Gulf","P260","","availableForPickup","Available for pickup","Pickup & availability","limited","2026-10-09"
"Napoleon Container Terminal","","","New Orleans","USMSY","United States","US Gulf","P260","","lastFreeDay","Terminal LFD","Pickup & availability","limited","2026-10-09"
"Napoleon Container Terminal","","","New Orleans","USMSY","United States","US Gulf","P260","","holds","Holds & releases","Holds & fees","supported","2026-10-09"
"Napoleon Container Terminal","","","New Orleans","USMSY","United States","US Gulf","P260","","feeType","Fee type","Holds & fees","limited","2026-10-09"
"Napoleon Container Terminal","","","New Orleans","USMSY","United States","US Gulf","P260","","feeAmount","Fee amount","Holds & fees","supported","2026-10-09"
"Napoleon Container Terminal","","","New Orleans","USMSY","United States","US Gulf","P260","","pickupAppointment","Pickup appointment","Gate & yard","unsupported","2026-10-09"
"Napoleon Container Terminal","","","New Orleans","USMSY","United States","US Gulf","P260","","yardLocation","Yard location","Gate & yard","supported","2026-10-09"
"Napoleon Container Terminal","","","New Orleans","USMSY","United States","US Gulf","P260","","vesselDischarged","Vessel discharged","Container milestones","unsupported","2026-10-09"
"Napoleon Container Terminal","","","New Orleans","USMSY","United States","US Gulf","P260","","fullOut","Full out","Container milestones","supported","2026-10-09"
"Napoleon Container Terminal","","","New Orleans","USMSY","United States","US Gulf","P260","","chassisNumber","Chassis number","Gate & yard","limited","2026-10-09"
"Napoleon Container Terminal","","","New Orleans","USMSY","United States","US Gulf","P260","","onRail","On rail","Container milestones","supported","2026-10-09"
"Napoleon Container Terminal","","","New Orleans","USMSY","United States","US Gulf","P260","","emptyReturned","Empty returned","Container milestones","unsupported","2026-10-09"
"New Orleans Terminal","","","New Orleans","USMSY","United States","US Gulf","Q795","","importMilestones","Import milestones","Container milestones","supported","2026-10-09"
"New Orleans Terminal","","","New Orleans","USMSY","United States","US Gulf","Q795","","availableForPickup","Available for pickup","Pickup & availability","supported","2026-10-09"
"New Orleans Terminal","","","New Orleans","USMSY","United States","US Gulf","Q795","","lastFreeDay","Terminal LFD","Pickup & availability","unsupported","2026-10-09"
"New Orleans Terminal","","","New Orleans","USMSY","United States","US Gulf","Q795","","holds","Holds & releases","Holds & fees","supported","2026-10-09"
"New Orleans Terminal","","","New Orleans","USMSY","United States","US Gulf","Q795","","feeType","Fee type","Holds & fees","supported","2026-10-09"
"New Orleans Terminal","","","New Orleans","USMSY","United States","US Gulf","Q795","","feeAmount","Fee amount","Holds & fees","supported","2026-10-09"
"New Orleans Terminal","","","New Orleans","USMSY","United States","US Gulf","Q795","","pickupAppointment","Pickup appointment","Gate & yard","unsupported","2026-10-09"
"New Orleans Terminal","","","New Orleans","USMSY","United States","US Gulf","Q795","","yardLocation","Yard location","Gate & yard","supported","2026-10-09"
"New Orleans Terminal","","","New Orleans","USMSY","United States","US Gulf","Q795","","vesselDischarged","Vessel discharged","Container milestones","supported","2026-10-09"
"New Orleans Terminal","","","New Orleans","USMSY","United States","US Gulf","Q795","","fullOut","Full out","Container milestones","supported","2026-10-09"
"New Orleans Terminal","","","New Orleans","USMSY","United States","US Gulf","Q795","","chassisNumber","Chassis number","Gate & yard","limited","2026-10-09"
"New Orleans Terminal","","","New Orleans","USMSY","United States","US Gulf","Q795","","onRail","On rail","Container milestones","supported","2026-10-09"
"New Orleans Terminal","","","New Orleans","USMSY","United States","US Gulf","Q795","","emptyReturned","Empty returned","Container milestones","unsupported","2026-10-09"
"GCT Bayonne","","","New York / New Jersey","USNYC","United States","US East Coast","E364","","importMilestones","Import milestones","Container milestones","supported","2026-10-09"
"GCT Bayonne","","","New York / New Jersey","USNYC","United States","US East Coast","E364","","availableForPickup","Available for pickup","Pickup & availability","supported","2026-10-09"
"GCT Bayonne","","","New York / New Jersey","USNYC","United States","US East Coast","E364","","lastFreeDay","Terminal LFD","Pickup & availability","supported","2026-10-09"
"GCT Bayonne","","","New York / New Jersey","USNYC","United States","US East Coast","E364","","holds","Holds & releases","Holds & fees","supported","2026-10-09"
"GCT Bayonne","","","New York / New Jersey","USNYC","United States","US East Coast","E364","","feeType","Fee type","Holds & fees","supported","2026-10-09"
"GCT Bayonne","","","New York / New Jersey","USNYC","United States","US East Coast","E364","","feeAmount","Fee amount","Holds & fees","supported","2026-10-09"
"GCT Bayonne","","","New York / New Jersey","USNYC","United States","US East Coast","E364","","pickupAppointment","Pickup appointment","Gate & yard","unsupported","2026-10-09"
"GCT Bayonne","","","New York / New Jersey","USNYC","United States","US East Coast","E364","","yardLocation","Yard location","Gate & yard","supported","2026-10-09"
"GCT Bayonne","","","New York / New Jersey","USNYC","United States","US East Coast","E364","","vesselDischarged","Vessel discharged","Container milestones","supported","2026-10-09"
"GCT Bayonne","","","New York / New Jersey","USNYC","United States","US East Coast","E364","","fullOut","Full out","Container milestones","supported","2026-10-09"
"GCT Bayonne","","","New York / New Jersey","USNYC","United States","US East Coast","E364","","chassisNumber","Chassis number","Gate & yard","unsupported","2026-10-09"
"GCT Bayonne","","","New York / New Jersey","USNYC","United States","US East Coast","E364","","onRail","On rail","Container milestones","supported","2026-10-09"
"GCT Bayonne","","","New York / New Jersey","USNYC","United States","US East Coast","E364","","emptyReturned","Empty returned","Container milestones","unsupported","2026-10-09"
"GCT New York LP","","","New York / New Jersey","USNYC","United States","US East Coast","E005","","importMilestones","Import milestones","Container milestones","supported","2026-10-09"
"GCT New York LP","","","New York / New Jersey","USNYC","United States","US East Coast","E005","","availableForPickup","Available for pickup","Pickup & availability","supported","2026-10-09"
"GCT New York LP","","","New York / New Jersey","USNYC","United States","US East Coast","E005","","lastFreeDay","Terminal LFD","Pickup & availability","supported","2026-10-09"
"GCT New York LP","","","New York / New Jersey","USNYC","United States","US East Coast","E005","","holds","Holds & releases","Holds & fees","supported","2026-10-09"
"GCT New York LP","","","New York / New Jersey","USNYC","United States","US East Coast","E005","","feeType","Fee type","Holds & fees","supported","2026-10-09"
"GCT New York LP","","","New York / New Jersey","USNYC","United States","US East Coast","E005","","feeAmount","Fee amount","Holds & fees","supported","2026-10-09"
"GCT New York LP","","","New York / New Jersey","USNYC","United States","US East Coast","E005","","pickupAppointment","Pickup appointment","Gate & yard","unsupported","2026-10-09"
"GCT New York LP","","","New York / New Jersey","USNYC","United States","US East Coast","E005","","yardLocation","Yard location","Gate & yard","supported","2026-10-09"
"GCT New York LP","","","New York / New Jersey","USNYC","United States","US East Coast","E005","","vesselDischarged","Vessel discharged","Container milestones","supported","2026-10-09"
"GCT New York LP","","","New York / New Jersey","USNYC","United States","US East Coast","E005","","fullOut","Full out","Container milestones","supported","2026-10-09"
"GCT New York LP","","","New York / New Jersey","USNYC","United States","US East Coast","E005","","chassisNumber","Chassis number","Gate & yard","unsupported","2026-10-09"
"GCT New York LP","","","New York / New Jersey","USNYC","United States","US East Coast","E005","","onRail","On rail","Container milestones","supported","2026-10-09"
"GCT New York LP","","","New York / New Jersey","USNYC","United States","US East Coast","E005","","emptyReturned","Empty returned","Container milestones","unsupported","2026-10-09"
"Maher Terminals","","","New York / New Jersey","USNYC","United States","US East Coast","E416","","importMilestones","Import milestones","Container milestones","supported","2026-10-09"
"Maher Terminals","","","New York / New Jersey","USNYC","United States","US East Coast","E416","","availableForPickup","Available for pickup","Pickup & availability","supported","2026-10-09"
"Maher Terminals","","","New York / New Jersey","USNYC","United States","US East Coast","E416","","lastFreeDay","Terminal LFD","Pickup & availability","supported","2026-10-09"
"Maher Terminals","","","New York / New Jersey","USNYC","United States","US East Coast","E416","","holds","Holds & releases","Holds & fees","supported","2026-10-09"
"Maher Terminals","","","New York / New Jersey","USNYC","United States","US East Coast","E416","","feeType","Fee type","Holds & fees","supported","2026-10-09"
"Maher Terminals","","","New York / New Jersey","USNYC","United States","US East Coast","E416","","feeAmount","Fee amount","Holds & fees","supported","2026-10-09"
"Maher Terminals","","","New York / New Jersey","USNYC","United States","US East Coast","E416","","pickupAppointment","Pickup appointment","Gate & yard","unsupported","2026-10-09"
"Maher Terminals","","","New York / New Jersey","USNYC","United States","US East Coast","E416","","yardLocation","Yard location","Gate & yard","supported","2026-10-09"
"Maher Terminals","","","New York / New Jersey","USNYC","United States","US East Coast","E416","","vesselDischarged","Vessel discharged","Container milestones","supported","2026-10-09"
"Maher Terminals","","","New York / New Jersey","USNYC","United States","US East Coast","E416","","fullOut","Full out","Container milestones","supported","2026-10-09"
"Maher Terminals","","","New York / New Jersey","USNYC","United States","US East Coast","E416","","chassisNumber","Chassis number","Gate & yard","unsupported","2026-10-09"
"Maher Terminals","","","New York / New Jersey","USNYC","United States","US East Coast","E416","","onRail","On rail","Container milestones","limited","2026-10-09"
"Maher Terminals","","","New York / New Jersey","USNYC","United States","US East Coast","E416","","emptyReturned","Empty returned","Container milestones","limited","2026-10-09"
"Port Elizabeth","","","New York / New Jersey","USNYC","United States","US East Coast","E425","","importMilestones","Import milestones","Container milestones","supported","2026-10-09"
"Port Elizabeth","","","New York / New Jersey","USNYC","United States","US East Coast","E425","","availableForPickup","Available for pickup","Pickup & availability","limited","2026-10-09"
"Port Elizabeth","","","New York / New Jersey","USNYC","United States","US East Coast","E425","","lastFreeDay","Terminal LFD","Pickup & availability","limited","2026-10-09"
"Port Elizabeth","","","New York / New Jersey","USNYC","United States","US East Coast","E425","","holds","Holds & releases","Holds & fees","supported","2026-10-09"
"Port Elizabeth","","","New York / New Jersey","USNYC","United States","US East Coast","E425","","feeType","Fee type","Holds & fees","limited","2026-10-09"
"Port Elizabeth","","","New York / New Jersey","USNYC","United States","US East Coast","E425","","feeAmount","Fee amount","Holds & fees","supported","2026-10-09"
"Port Elizabeth","","","New York / New Jersey","USNYC","United States","US East Coast","E425","","pickupAppointment","Pickup appointment","Gate & yard","supported","2026-10-09"
"Port Elizabeth","","","New York / New Jersey","USNYC","United States","US East Coast","E425","","yardLocation","Yard location","Gate & yard","supported","2026-10-09"
"Port Elizabeth","","","New York / New Jersey","USNYC","United States","US East Coast","E425","","vesselDischarged","Vessel discharged","Container milestones","limited","2026-10-09"
"Port Elizabeth","","","New York / New Jersey","USNYC","United States","US East Coast","E425","","fullOut","Full out","Container milestones","supported","2026-10-09"
"Port Elizabeth","","","New York / New Jersey","USNYC","United States","US East Coast","E425","","chassisNumber","Chassis number","Gate & yard","unsupported","2026-10-09"
"Port Elizabeth","","","New York / New Jersey","USNYC","United States","US East Coast","E425","","onRail","On rail","Container milestones","supported","2026-10-09"
"Port Elizabeth","","","New York / New Jersey","USNYC","United States","US East Coast","E425","","emptyReturned","Empty returned","Container milestones","limited","2026-10-09"
"Port Newark Container Terminal","","","New York / New Jersey","USNYC","United States","US East Coast","F577","","importMilestones","Import milestones","Container milestones","supported","2026-10-09"
"Port Newark Container Terminal","","","New York / New Jersey","USNYC","United States","US East Coast","F577","","availableForPickup","Available for pickup","Pickup & availability","limited","2026-10-09"
"Port Newark Container Terminal","","","New York / New Jersey","USNYC","United States","US East Coast","F577","","lastFreeDay","Terminal LFD","Pickup & availability","supported","2026-10-09"
"Port Newark Container Terminal","","","New York / New Jersey","USNYC","United States","US East Coast","F577","","holds","Holds & releases","Holds & fees","supported","2026-10-09"
"Port Newark Container Terminal","","","New York / New Jersey","USNYC","United States","US East Coast","F577","","feeType","Fee type","Holds & fees","supported","2026-10-09"
"Port Newark Container Terminal","","","New York / New Jersey","USNYC","United States","US East Coast","F577","","feeAmount","Fee amount","Holds & fees","supported","2026-10-09"
"Port Newark Container Terminal","","","New York / New Jersey","USNYC","United States","US East Coast","F577","","pickupAppointment","Pickup appointment","Gate & yard","unsupported","2026-10-09"
"Port Newark Container Terminal","","","New York / New Jersey","USNYC","United States","US East Coast","F577","","yardLocation","Yard location","Gate & yard","supported","2026-10-09"
"Port Newark Container Terminal","","","New York / New Jersey","USNYC","United States","US East Coast","F577","","vesselDischarged","Vessel discharged","Container milestones","unsupported","2026-10-09"
"Port Newark Container Terminal","","","New York / New Jersey","USNYC","United States","US East Coast","F577","","fullOut","Full out","Container milestones","supported","2026-10-09"
"Port Newark Container Terminal","","","New York / New Jersey","USNYC","United States","US East Coast","F577","","chassisNumber","Chassis number","Gate & yard","limited","2026-10-09"
"Port Newark Container Terminal","","","New York / New Jersey","USNYC","United States","US East Coast","F577","","onRail","On rail","Container milestones","supported","2026-10-09"
"Port Newark Container Terminal","","","New York / New Jersey","USNYC","United States","US East Coast","F577","","emptyReturned","Empty returned","Container milestones","unsupported","2026-10-09"
"Ben E. Nutter Terminal","","","Oakland","USOAK","United States","US West Coast","WBA5","","importMilestones","Import milestones","Container milestones","supported","2026-10-09"
"Ben E. Nutter Terminal","","","Oakland","USOAK","United States","US West Coast","WBA5","","availableForPickup","Available for pickup","Pickup & availability","supported","2026-10-09"
"Ben E. Nutter Terminal","","","Oakland","USOAK","United States","US West Coast","WBA5","","lastFreeDay","Terminal LFD","Pickup & availability","limited","2026-10-09"
"Ben E. Nutter Terminal","","","Oakland","USOAK","United States","US West Coast","WBA5","","holds","Holds & releases","Holds & fees","supported","2026-10-09"
"Ben E. Nutter Terminal","","","Oakland","USOAK","United States","US West Coast","WBA5","","feeType","Fee type","Holds & fees","limited","2026-10-09"
"Ben E. Nutter Terminal","","","Oakland","USOAK","United States","US West Coast","WBA5","","feeAmount","Fee amount","Holds & fees","supported","2026-10-09"
"Ben E. Nutter Terminal","","","Oakland","USOAK","United States","US West Coast","WBA5","","pickupAppointment","Pickup appointment","Gate & yard","limited","2026-10-09"
"Ben E. Nutter Terminal","","","Oakland","USOAK","United States","US West Coast","WBA5","","yardLocation","Yard location","Gate & yard","supported","2026-10-09"
"Ben E. Nutter Terminal","","","Oakland","USOAK","United States","US West Coast","WBA5","","vesselDischarged","Vessel discharged","Container milestones","supported","2026-10-09"
"Ben E. Nutter Terminal","","","Oakland","USOAK","United States","US West Coast","WBA5","","fullOut","Full out","Container milestones","supported","2026-10-09"
"Ben E. Nutter Terminal","","","Oakland","USOAK","United States","US West Coast","WBA5","","chassisNumber","Chassis number","Gate & yard","unsupported","2026-10-09"
"Ben E. Nutter Terminal","","","Oakland","USOAK","United States","US West Coast","WBA5","","onRail","On rail","Container milestones","supported","2026-10-09"
"Ben E. Nutter Terminal","","","Oakland","USOAK","United States","US West Coast","WBA5","","emptyReturned","Empty returned","Container milestones","unsupported","2026-10-09"
"Oakland International Container Terminal","","","Oakland","USOAK","United States","US West Coast","Z985","","importMilestones","Import milestones","Container milestones","supported","2026-10-09"
"Oakland International Container Terminal","","","Oakland","USOAK","United States","US West Coast","Z985","","availableForPickup","Available for pickup","Pickup & availability","supported","2026-10-09"
"Oakland International Container Terminal","","","Oakland","USOAK","United States","US West Coast","Z985","","lastFreeDay","Terminal LFD","Pickup & availability","supported","2026-10-09"
"Oakland International Container Terminal","","","Oakland","USOAK","United States","US West Coast","Z985","","holds","Holds & releases","Holds & fees","supported","2026-10-09"
"Oakland International Container Terminal","","","Oakland","USOAK","United States","US West Coast","Z985","","feeType","Fee type","Holds & fees","supported","2026-10-09"
"Oakland International Container Terminal","","","Oakland","USOAK","United States","US West Coast","Z985","","feeAmount","Fee amount","Holds & fees","supported","2026-10-09"
"Oakland International Container Terminal","","","Oakland","USOAK","United States","US West Coast","Z985","","pickupAppointment","Pickup appointment","Gate & yard","unsupported","2026-10-09"
"Oakland International Container Terminal","","","Oakland","USOAK","United States","US West Coast","Z985","","yardLocation","Yard location","Gate & yard","supported","2026-10-09"
"Oakland International Container Terminal","","","Oakland","USOAK","United States","US West Coast","Z985","","vesselDischarged","Vessel discharged","Container milestones","supported","2026-10-09"
"Oakland International Container Terminal","","","Oakland","USOAK","United States","US West Coast","Z985","","fullOut","Full out","Container milestones","supported","2026-10-09"
"Oakland International Container Terminal","","","Oakland","USOAK","United States","US West Coast","Z985","","chassisNumber","Chassis number","Gate & yard","supported","2026-10-09"
"Oakland International Container Terminal","","","Oakland","USOAK","United States","US West Coast","Z985","","onRail","On rail","Container milestones","supported","2026-10-09"
"Oakland International Container Terminal","","","Oakland","USOAK","United States","US West Coast","Z985","","emptyReturned","Empty returned","Container milestones","unsupported","2026-10-09"
"Shippers Transport Express","","","Oakland","USOAK","United States","US West Coast","STO","","importMilestones","Import milestones","Container milestones","supported","2026-10-09"
"Shippers Transport Express","","","Oakland","USOAK","United States","US West Coast","STO","","availableForPickup","Available for pickup","Pickup & availability","unknown","2026-10-09"
"Shippers Transport Express","","","Oakland","USOAK","United States","US West Coast","STO","","lastFreeDay","Terminal LFD","Pickup & availability","unknown","2026-10-09"
"Shippers Transport Express","","","Oakland","USOAK","United States","US West Coast","STO","","holds","Holds & releases","Holds & fees","unknown","2026-10-09"
"Shippers Transport Express","","","Oakland","USOAK","United States","US West Coast","STO","","feeType","Fee type","Holds & fees","unknown","2026-10-09"
"Shippers Transport Express","","","Oakland","USOAK","United States","US West Coast","STO","","feeAmount","Fee amount","Holds & fees","unknown","2026-10-09"
"Shippers Transport Express","","","Oakland","USOAK","United States","US West Coast","STO","","pickupAppointment","Pickup appointment","Gate & yard","unknown","2026-10-09"
"Shippers Transport Express","","","Oakland","USOAK","United States","US West Coast","STO","","yardLocation","Yard location","Gate & yard","unknown","2026-10-09"
"Shippers Transport Express","","","Oakland","USOAK","United States","US West Coast","STO","","vesselDischarged","Vessel discharged","Container milestones","unknown","2026-10-09"
"Shippers Transport Express","","","Oakland","USOAK","United States","US West Coast","STO","","fullOut","Full out","Container milestones","unknown","2026-10-09"
"Shippers Transport Express","","","Oakland","USOAK","United States","US West Coast","STO","","chassisNumber","Chassis number","Gate & yard","unknown","2026-10-09"
"Shippers Transport Express","","","Oakland","USOAK","United States","US West Coast","STO","","onRail","On rail","Container milestones","unknown","2026-10-09"
"Shippers Transport Express","","","Oakland","USOAK","United States","US West Coast","STO","","emptyReturned","Empty returned","Container milestones","unknown","2026-10-09"
"TraPac Terminal","","","Oakland","USOAK","United States","US West Coast","Y549","","importMilestones","Import milestones","Container milestones","supported","2026-10-09"
"TraPac Terminal","","","Oakland","USOAK","United States","US West Coast","Y549","","availableForPickup","Available for pickup","Pickup & availability","supported","2026-10-09"
"TraPac Terminal","","","Oakland","USOAK","United States","US West Coast","Y549","","lastFreeDay","Terminal LFD","Pickup & availability","unsupported","2026-10-09"
"TraPac Terminal","","","Oakland","USOAK","United States","US West Coast","Y549","","holds","Holds & releases","Holds & fees","supported","2026-10-09"
"TraPac Terminal","","","Oakland","USOAK","United States","US West Coast","Y549","","feeType","Fee type","Holds & fees","supported","2026-10-09"
"TraPac Terminal","","","Oakland","USOAK","United States","US West Coast","Y549","","feeAmount","Fee amount","Holds & fees","supported","2026-10-09"
"TraPac Terminal","","","Oakland","USOAK","United States","US West Coast","Y549","","pickupAppointment","Pickup appointment","Gate & yard","unsupported","2026-10-09"
"TraPac Terminal","","","Oakland","USOAK","United States","US West Coast","Y549","","yardLocation","Yard location","Gate & yard","unsupported","2026-10-09"
"TraPac Terminal","","","Oakland","USOAK","United States","US West Coast","Y549","","vesselDischarged","Vessel discharged","Container milestones","unsupported","2026-10-09"
"TraPac Terminal","","","Oakland","USOAK","United States","US West Coast","Y549","","fullOut","Full out","Container milestones","supported","2026-10-09"
"TraPac Terminal","","","Oakland","USOAK","United States","US West Coast","Y549","","chassisNumber","Chassis number","Gate & yard","unsupported","2026-10-09"
"TraPac Terminal","","","Oakland","USOAK","United States","US West Coast","Y549","","onRail","On rail","Container milestones","supported","2026-10-09"
"TraPac Terminal","","","Oakland","USOAK","United States","US West Coast","Y549","","emptyReturned","Empty returned","Container milestones","unsupported","2026-10-09"
"Packer Avenue","","","PhilaPort","USPHL","United States","US East Coast","C095","","importMilestones","Import milestones","Container milestones","supported","2026-10-09"
"Packer Avenue","","","PhilaPort","USPHL","United States","US East Coast","C095","","availableForPickup","Available for pickup","Pickup & availability","supported","2026-10-09"
"Packer Avenue","","","PhilaPort","USPHL","United States","US East Coast","C095","","lastFreeDay","Terminal LFD","Pickup & availability","limited","2026-10-09"
"Packer Avenue","","","PhilaPort","USPHL","United States","US East Coast","C095","","holds","Holds & releases","Holds & fees","limited","2026-10-09"
"Packer Avenue","","","PhilaPort","USPHL","United States","US East Coast","C095","","feeType","Fee type","Holds & fees","limited","2026-10-09"
"Packer Avenue","","","PhilaPort","USPHL","United States","US East Coast","C095","","feeAmount","Fee amount","Holds & fees","supported","2026-10-09"
"Packer Avenue","","","PhilaPort","USPHL","United States","US East Coast","C095","","pickupAppointment","Pickup appointment","Gate & yard","unsupported","2026-10-09"
"Packer Avenue","","","PhilaPort","USPHL","United States","US East Coast","C095","","yardLocation","Yard location","Gate & yard","supported","2026-10-09"
"Packer Avenue","","","PhilaPort","USPHL","United States","US East Coast","C095","","vesselDischarged","Vessel discharged","Container milestones","unsupported","2026-10-09"
"Packer Avenue","","","PhilaPort","USPHL","United States","US East Coast","C095","","fullOut","Full out","Container milestones","supported","2026-10-09"
"Packer Avenue","","","PhilaPort","USPHL","United States","US East Coast","C095","","chassisNumber","Chassis number","Gate & yard","supported","2026-10-09"
"Packer Avenue","","","PhilaPort","USPHL","United States","US East Coast","C095","","onRail","On rail","Container milestones","supported","2026-10-09"
"Packer Avenue","","","PhilaPort","USPHL","United States","US East Coast","C095","","emptyReturned","Empty returned","Container milestones","unsupported","2026-10-09"
"Tioga Marine Terminal","","","PhilaPort","USPHL","United States","US East Coast","B197","","importMilestones","Import milestones","Container milestones","supported","2026-10-09"
"Tioga Marine Terminal","","","PhilaPort","USPHL","United States","US East Coast","B197","","availableForPickup","Available for pickup","Pickup & availability","unknown","2026-10-09"
"Tioga Marine Terminal","","","PhilaPort","USPHL","United States","US East Coast","B197","","lastFreeDay","Terminal LFD","Pickup & availability","unknown","2026-10-09"
"Tioga Marine Terminal","","","PhilaPort","USPHL","United States","US East Coast","B197","","holds","Holds & releases","Holds & fees","unknown","2026-10-09"
"Tioga Marine Terminal","","","PhilaPort","USPHL","United States","US East Coast","B197","","feeType","Fee type","Holds & fees","unknown","2026-10-09"
"Tioga Marine Terminal","","","PhilaPort","USPHL","United States","US East Coast","B197","","feeAmount","Fee amount","Holds & fees","unknown","2026-10-09"
"Tioga Marine Terminal","","","PhilaPort","USPHL","United States","US East Coast","B197","","pickupAppointment","Pickup appointment","Gate & yard","unknown","2026-10-09"
"Tioga Marine Terminal","","","PhilaPort","USPHL","United States","US East Coast","B197","","yardLocation","Yard location","Gate & yard","unknown","2026-10-09"
"Tioga Marine Terminal","","","PhilaPort","USPHL","United States","US East Coast","B197","","vesselDischarged","Vessel discharged","Container milestones","unknown","2026-10-09"
"Tioga Marine Terminal","","","PhilaPort","USPHL","United States","US East Coast","B197","","fullOut","Full out","Container milestones","unknown","2026-10-09"
"Tioga Marine Terminal","","","PhilaPort","USPHL","United States","US East Coast","B197","","chassisNumber","Chassis number","Gate & yard","unknown","2026-10-09"
"Tioga Marine Terminal","","","PhilaPort","USPHL","United States","US East Coast","B197","","onRail","On rail","Container milestones","unknown","2026-10-09"
"Tioga Marine Terminal","","","PhilaPort","USPHL","United States","US East Coast","B197","","emptyReturned","Empty returned","Container milestones","unknown","2026-10-09"
"Port Everglades Terminal","","","Port Everglades","USPEF","United States","US Gulf","O664","","importMilestones","Import milestones","Container milestones","supported","2026-10-09"
"Port Everglades Terminal","","","Port Everglades","USPEF","United States","US Gulf","O664","","availableForPickup","Available for pickup","Pickup & availability","supported","2026-10-09"
"Port Everglades Terminal","","","Port Everglades","USPEF","United States","US Gulf","O664","","lastFreeDay","Terminal LFD","Pickup & availability","supported","2026-10-09"
"Port Everglades Terminal","","","Port Everglades","USPEF","United States","US Gulf","O664","","holds","Holds & releases","Holds & fees","supported","2026-10-09"
"Port Everglades Terminal","","","Port Everglades","USPEF","United States","US Gulf","O664","","feeType","Fee type","Holds & fees","supported","2026-10-09"
"Port Everglades Terminal","","","Port Everglades","USPEF","United States","US Gulf","O664","","feeAmount","Fee amount","Holds & fees","supported","2026-10-09"
"Port Everglades Terminal","","","Port Everglades","USPEF","United States","US Gulf","O664","","pickupAppointment","Pickup appointment","Gate & yard","unsupported","2026-10-09"
"Port Everglades Terminal","","","Port Everglades","USPEF","United States","US Gulf","O664","","yardLocation","Yard location","Gate & yard","supported","2026-10-09"
"Port Everglades Terminal","","","Port Everglades","USPEF","United States","US Gulf","O664","","vesselDischarged","Vessel discharged","Container milestones","unsupported","2026-10-09"
"Port Everglades Terminal","","","Port Everglades","USPEF","United States","US Gulf","O664","","fullOut","Full out","Container milestones","supported","2026-10-09"
"Port Everglades Terminal","","","Port Everglades","USPEF","United States","US Gulf","O664","","chassisNumber","Chassis number","Gate & yard","unsupported","2026-10-09"
"Port Everglades Terminal","","","Port Everglades","USPEF","United States","US Gulf","O664","","onRail","On rail","Container milestones","supported","2026-10-09"
"Port Everglades Terminal","","","Port Everglades","USPEF","United States","US Gulf","O664","","emptyReturned","Empty returned","Container milestones","unsupported","2026-10-09"
"Terminal 6","","","Portland","USPDX","United States","US West Coast","X005","","importMilestones","Import milestones","Container milestones","supported","2026-10-09"
"Terminal 6","","","Portland","USPDX","United States","US West Coast","X005","","availableForPickup","Available for pickup","Pickup & availability","supported","2026-10-09"
"Terminal 6","","","Portland","USPDX","United States","US West Coast","X005","","lastFreeDay","Terminal LFD","Pickup & availability","supported","2026-10-09"
"Terminal 6","","","Portland","USPDX","United States","US West Coast","X005","","holds","Holds & releases","Holds & fees","supported","2026-10-09"
"Terminal 6","","","Portland","USPDX","United States","US West Coast","X005","","feeType","Fee type","Holds & fees","supported","2026-10-09"
"Terminal 6","","","Portland","USPDX","United States","US West Coast","X005","","feeAmount","Fee amount","Holds & fees","supported","2026-10-09"
"Terminal 6","","","Portland","USPDX","United States","US West Coast","X005","","pickupAppointment","Pickup appointment","Gate & yard","supported","2026-10-09"
"Terminal 6","","","Portland","USPDX","United States","US West Coast","X005","","yardLocation","Yard location","Gate & yard","supported","2026-10-09"
"Terminal 6","","","Portland","USPDX","United States","US West Coast","X005","","vesselDischarged","Vessel discharged","Container milestones","supported","2026-10-09"
"Terminal 6","","","Portland","USPDX","United States","US West Coast","X005","","fullOut","Full out","Container milestones","supported","2026-10-09"
"Terminal 6","","","Portland","USPDX","United States","US West Coast","X005","","chassisNumber","Chassis number","Gate & yard","supported","2026-10-09"
"Terminal 6","","","Portland","USPDX","United States","US West Coast","X005","","onRail","On rail","Container milestones","supported","2026-10-09"
"Terminal 6","","","Portland","USPDX","United States","US West Coast","X005","","emptyReturned","Empty returned","Container milestones","supported","2026-10-09"
"Garden City Terminals","","","Savannah","USSAV","United States","US East Coast","L737","","importMilestones","Import milestones","Container milestones","supported","2026-10-09"
"Garden City Terminals","","","Savannah","USSAV","United States","US East Coast","L737","","availableForPickup","Available for pickup","Pickup & availability","limited","2026-10-09"
"Garden City Terminals","","","Savannah","USSAV","United States","US East Coast","L737","","lastFreeDay","Terminal LFD","Pickup & availability","unsupported","2026-10-09"
"Garden City Terminals","","","Savannah","USSAV","United States","US East Coast","L737","","holds","Holds & releases","Holds & fees","supported","2026-10-09"
"Garden City Terminals","","","Savannah","USSAV","United States","US East Coast","L737","","feeType","Fee type","Holds & fees","supported","2026-10-09"
"Garden City Terminals","","","Savannah","USSAV","United States","US East Coast","L737","","feeAmount","Fee amount","Holds & fees","supported","2026-10-09"
"Garden City Terminals","","","Savannah","USSAV","United States","US East Coast","L737","","pickupAppointment","Pickup appointment","Gate & yard","unsupported","2026-10-09"
"Garden City Terminals","","","Savannah","USSAV","United States","US East Coast","L737","","yardLocation","Yard location","Gate & yard","supported","2026-10-09"
"Garden City Terminals","","","Savannah","USSAV","United States","US East Coast","L737","","vesselDischarged","Vessel discharged","Container milestones","limited","2026-10-09"
"Garden City Terminals","","","Savannah","USSAV","United States","US East Coast","L737","","fullOut","Full out","Container milestones","supported","2026-10-09"
"Garden City Terminals","","","Savannah","USSAV","United States","US East Coast","L737","","chassisNumber","Chassis number","Gate & yard","unsupported","2026-10-09"
"Garden City Terminals","","","Savannah","USSAV","United States","US East Coast","L737","","onRail","On rail","Container milestones","supported","2026-10-09"
"Garden City Terminals","","","Savannah","USSAV","United States","US East Coast","L737","","emptyReturned","Empty returned","Container milestones","unsupported","2026-10-09"
"SSA Terminal 18","","","Seattle","USSEA","United States","US West Coast","X117","","importMilestones","Import milestones","Container milestones","supported","2026-10-09"
"SSA Terminal 18","","","Seattle","USSEA","United States","US West Coast","X117","","availableForPickup","Available for pickup","Pickup & availability","supported","2026-10-09"
"SSA Terminal 18","","","Seattle","USSEA","United States","US West Coast","X117","","lastFreeDay","Terminal LFD","Pickup & availability","supported","2026-10-09"
"SSA Terminal 18","","","Seattle","USSEA","United States","US West Coast","X117","","holds","Holds & releases","Holds & fees","supported","2026-10-09"
"SSA Terminal 18","","","Seattle","USSEA","United States","US West Coast","X117","","feeType","Fee type","Holds & fees","supported","2026-10-09"
"SSA Terminal 18","","","Seattle","USSEA","United States","US West Coast","X117","","feeAmount","Fee amount","Holds & fees","supported","2026-10-09"
"SSA Terminal 18","","","Seattle","USSEA","United States","US West Coast","X117","","pickupAppointment","Pickup appointment","Gate & yard","unsupported","2026-10-09"
"SSA Terminal 18","","","Seattle","USSEA","United States","US West Coast","X117","","yardLocation","Yard location","Gate & yard","supported","2026-10-09"
"SSA Terminal 18","","","Seattle","USSEA","United States","US West Coast","X117","","vesselDischarged","Vessel discharged","Container milestones","supported","2026-10-09"
"SSA Terminal 18","","","Seattle","USSEA","United States","US West Coast","X117","","fullOut","Full out","Container milestones","supported","2026-10-09"
"SSA Terminal 18","","","Seattle","USSEA","United States","US West Coast","X117","","chassisNumber","Chassis number","Gate & yard","limited","2026-10-09"
"SSA Terminal 18","","","Seattle","USSEA","United States","US West Coast","X117","","onRail","On rail","Container milestones","supported","2026-10-09"
"SSA Terminal 18","","","Seattle","USSEA","United States","US West Coast","X117","","emptyReturned","Empty returned","Container milestones","unsupported","2026-10-09"
"SSA Terminal 30","","","Seattle","USSEA","United States","US West Coast","Y197","","importMilestones","Import milestones","Container milestones","supported","2026-10-09"
"SSA Terminal 30","","","Seattle","USSEA","United States","US West Coast","Y197","","availableForPickup","Available for pickup","Pickup & availability","unknown","2026-10-09"
"SSA Terminal 30","","","Seattle","USSEA","United States","US West Coast","Y197","","lastFreeDay","Terminal LFD","Pickup & availability","unknown","2026-10-09"
"SSA Terminal 30","","","Seattle","USSEA","United States","US West Coast","Y197","","holds","Holds & releases","Holds & fees","unknown","2026-10-09"
"SSA Terminal 30","","","Seattle","USSEA","United States","US West Coast","Y197","","feeType","Fee type","Holds & fees","unknown","2026-10-09"
"SSA Terminal 30","","","Seattle","USSEA","United States","US West Coast","Y197","","feeAmount","Fee amount","Holds & fees","unknown","2026-10-09"
"SSA Terminal 30","","","Seattle","USSEA","United States","US West Coast","Y197","","pickupAppointment","Pickup appointment","Gate & yard","unknown","2026-10-09"
"SSA Terminal 30","","","Seattle","USSEA","United States","US West Coast","Y197","","yardLocation","Yard location","Gate & yard","unknown","2026-10-09"
"SSA Terminal 30","","","Seattle","USSEA","United States","US West Coast","Y197","","vesselDischarged","Vessel discharged","Container milestones","unknown","2026-10-09"
"SSA Terminal 30","","","Seattle","USSEA","United States","US West Coast","Y197","","fullOut","Full out","Container milestones","unknown","2026-10-09"
"SSA Terminal 30","","","Seattle","USSEA","United States","US West Coast","Y197","","chassisNumber","Chassis number","Gate & yard","unknown","2026-10-09"
"SSA Terminal 30","","","Seattle","USSEA","United States","US West Coast","Y197","","onRail","On rail","Container milestones","unknown","2026-10-09"
"SSA Terminal 30","","","Seattle","USSEA","United States","US West Coast","Y197","","emptyReturned","Empty returned","Container milestones","unknown","2026-10-09"
"Terminal 5","","","Seattle","USSEA","United States","US West Coast","Y400","","importMilestones","Import milestones","Container milestones","supported","2026-10-09"
"Terminal 5","","","Seattle","USSEA","United States","US West Coast","Y400","","availableForPickup","Available for pickup","Pickup & availability","limited","2026-10-09"
"Terminal 5","","","Seattle","USSEA","United States","US West Coast","Y400","","lastFreeDay","Terminal LFD","Pickup & availability","limited","2026-10-09"
"Terminal 5","","","Seattle","USSEA","United States","US West Coast","Y400","","holds","Holds & releases","Holds & fees","supported","2026-10-09"
"Terminal 5","","","Seattle","USSEA","United States","US West Coast","Y400","","feeType","Fee type","Holds & fees","supported","2026-10-09"
"Terminal 5","","","Seattle","USSEA","United States","US West Coast","Y400","","feeAmount","Fee amount","Holds & fees","supported","2026-10-09"
"Terminal 5","","","Seattle","USSEA","United States","US West Coast","Y400","","pickupAppointment","Pickup appointment","Gate & yard","unsupported","2026-10-09"
"Terminal 5","","","Seattle","USSEA","United States","US West Coast","Y400","","yardLocation","Yard location","Gate & yard","supported","2026-10-09"
"Terminal 5","","","Seattle","USSEA","United States","US West Coast","Y400","","vesselDischarged","Vessel discharged","Container milestones","supported","2026-10-09"
"Terminal 5","","","Seattle","USSEA","United States","US West Coast","Y400","","fullOut","Full out","Container milestones","supported","2026-10-09"
"Terminal 5","","","Seattle","USSEA","United States","US West Coast","Y400","","chassisNumber","Chassis number","Gate & yard","limited","2026-10-09"
"Terminal 5","","","Seattle","USSEA","United States","US West Coast","Y400","","onRail","On rail","Container milestones","limited","2026-10-09"
"Terminal 5","","","Seattle","USSEA","United States","US West Coast","Y400","","emptyReturned","Empty returned","Container milestones","unsupported","2026-10-09"
"Husky Terminal","","","Tacoma","USTIW","United States","US West Coast","Z693","","importMilestones","Import milestones","Container milestones","supported","2026-10-09"
"Husky Terminal","","","Tacoma","USTIW","United States","US West Coast","Z693","","availableForPickup","Available for pickup","Pickup & availability","supported","2026-10-09"
"Husky Terminal","","","Tacoma","USTIW","United States","US West Coast","Z693","","lastFreeDay","Terminal LFD","Pickup & availability","supported","2026-10-09"
"Husky Terminal","","","Tacoma","USTIW","United States","US West Coast","Z693","","holds","Holds & releases","Holds & fees","supported","2026-10-09"
"Husky Terminal","","","Tacoma","USTIW","United States","US West Coast","Z693","","feeType","Fee type","Holds & fees","supported","2026-10-09"
"Husky Terminal","","","Tacoma","USTIW","United States","US West Coast","Z693","","feeAmount","Fee amount","Holds & fees","supported","2026-10-09"
"Husky Terminal","","","Tacoma","USTIW","United States","US West Coast","Z693","","pickupAppointment","Pickup appointment","Gate & yard","unsupported","2026-10-09"
"Husky Terminal","","","Tacoma","USTIW","United States","US West Coast","Z693","","yardLocation","Yard location","Gate & yard","supported","2026-10-09"
"Husky Terminal","","","Tacoma","USTIW","United States","US West Coast","Z693","","vesselDischarged","Vessel discharged","Container milestones","supported","2026-10-09"
"Husky Terminal","","","Tacoma","USTIW","United States","US West Coast","Z693","","fullOut","Full out","Container milestones","supported","2026-10-09"
"Husky Terminal","","","Tacoma","USTIW","United States","US West Coast","Z693","","chassisNumber","Chassis number","Gate & yard","limited","2026-10-09"
"Husky Terminal","","","Tacoma","USTIW","United States","US West Coast","Z693","","onRail","On rail","Container milestones","supported","2026-10-09"
"Husky Terminal","","","Tacoma","USTIW","United States","US West Coast","Z693","","emptyReturned","Empty returned","Container milestones","unsupported","2026-10-09"
"Pierce County Terminal","","","Tacoma","USTIW","United States","US West Coast","X215","","importMilestones","Import milestones","Container milestones","supported","2026-10-09"
"Pierce County Terminal","","","Tacoma","USTIW","United States","US West Coast","X215","","availableForPickup","Available for pickup","Pickup & availability","supported","2026-10-09"
"Pierce County Terminal","","","Tacoma","USTIW","United States","US West Coast","X215","","lastFreeDay","Terminal LFD","Pickup & availability","supported","2026-10-09"
"Pierce County Terminal","","","Tacoma","USTIW","United States","US West Coast","X215","","holds","Holds & releases","Holds & fees","supported","2026-10-09"
"Pierce County Terminal","","","Tacoma","USTIW","United States","US West Coast","X215","","feeType","Fee type","Holds & fees","limited","2026-10-09"
"Pierce County Terminal","","","Tacoma","USTIW","United States","US West Coast","X215","","feeAmount","Fee amount","Holds & fees","supported","2026-10-09"
"Pierce County Terminal","","","Tacoma","USTIW","United States","US West Coast","X215","","pickupAppointment","Pickup appointment","Gate & yard","supported","2026-10-09"
"Pierce County Terminal","","","Tacoma","USTIW","United States","US West Coast","X215","","yardLocation","Yard location","Gate & yard","supported","2026-10-09"
"Pierce County Terminal","","","Tacoma","USTIW","United States","US West Coast","X215","","vesselDischarged","Vessel discharged","Container milestones","supported","2026-10-09"
"Pierce County Terminal","","","Tacoma","USTIW","United States","US West Coast","X215","","fullOut","Full out","Container milestones","limited","2026-10-09"
"Pierce County Terminal","","","Tacoma","USTIW","United States","US West Coast","X215","","chassisNumber","Chassis number","Gate & yard","unsupported","2026-10-09"
"Pierce County Terminal","","","Tacoma","USTIW","United States","US West Coast","X215","","onRail","On rail","Container milestones","supported","2026-10-09"
"Pierce County Terminal","","","Tacoma","USTIW","United States","US West Coast","X215","","emptyReturned","Empty returned","Container milestones","unsupported","2026-10-09"
"Washington United Terminals","","","Tacoma","USTIW","United States","US West Coast","Z705","","importMilestones","Import milestones","Container milestones","supported","2026-10-09"
"Washington United Terminals","","","Tacoma","USTIW","United States","US West Coast","Z705","","availableForPickup","Available for pickup","Pickup & availability","supported","2026-10-09"
"Washington United Terminals","","","Tacoma","USTIW","United States","US West Coast","Z705","","lastFreeDay","Terminal LFD","Pickup & availability","limited","2026-10-09"
"Washington United Terminals","","","Tacoma","USTIW","United States","US West Coast","Z705","","holds","Holds & releases","Holds & fees","limited","2026-10-09"
"Washington United Terminals","","","Tacoma","USTIW","United States","US West Coast","Z705","","feeType","Fee type","Holds & fees","supported","2026-10-09"
"Washington United Terminals","","","Tacoma","USTIW","United States","US West Coast","Z705","","feeAmount","Fee amount","Holds & fees","supported","2026-10-09"
"Washington United Terminals","","","Tacoma","USTIW","United States","US West Coast","Z705","","pickupAppointment","Pickup appointment","Gate & yard","supported","2026-10-09"
"Washington United Terminals","","","Tacoma","USTIW","United States","US West Coast","Z705","","yardLocation","Yard location","Gate & yard","supported","2026-10-09"
"Washington United Terminals","","","Tacoma","USTIW","United States","US West Coast","Z705","","vesselDischarged","Vessel discharged","Container milestones","unsupported","2026-10-09"
"Washington United Terminals","","","Tacoma","USTIW","United States","US West Coast","Z705","","fullOut","Full out","Container milestones","supported","2026-10-09"
"Washington United Terminals","","","Tacoma","USTIW","United States","US West Coast","Z705","","chassisNumber","Chassis number","Gate & yard","unsupported","2026-10-09"
"Washington United Terminals","","","Tacoma","USTIW","United States","US West Coast","Z705","","onRail","On rail","Container milestones","unsupported","2026-10-09"
"Washington United Terminals","","","Tacoma","USTIW","United States","US West Coast","Z705","","emptyReturned","Empty returned","Container milestones","unsupported","2026-10-09"
"West Sitcum Terminal (Matson)","","","Tacoma","USTIW","United States","US West Coast","X335","","importMilestones","Import milestones","Container milestones","supported","2026-10-09"
"West Sitcum Terminal (Matson)","","","Tacoma","USTIW","United States","US West Coast","X335","","availableForPickup","Available for pickup","Pickup & availability","unknown","2026-10-09"
"West Sitcum Terminal (Matson)","","","Tacoma","USTIW","United States","US West Coast","X335","","lastFreeDay","Terminal LFD","Pickup & availability","unknown","2026-10-09"
"West Sitcum Terminal (Matson)","","","Tacoma","USTIW","United States","US West Coast","X335","","holds","Holds & releases","Holds & fees","unknown","2026-10-09"
"West Sitcum Terminal (Matson)","","","Tacoma","USTIW","United States","US West Coast","X335","","feeType","Fee type","Holds & fees","unknown","2026-10-09"
"West Sitcum Terminal (Matson)","","","Tacoma","USTIW","United States","US West Coast","X335","","feeAmount","Fee amount","Holds & fees","unknown","2026-10-09"
"West Sitcum Terminal (Matson)","","","Tacoma","USTIW","United States","US West Coast","X335","","pickupAppointment","Pickup appointment","Gate & yard","unknown","2026-10-09"
"West Sitcum Terminal (Matson)","","","Tacoma","USTIW","United States","US West Coast","X335","","yardLocation","Yard location","Gate & yard","unknown","2026-10-09"
"West Sitcum Terminal (Matson)","","","Tacoma","USTIW","United States","US West Coast","X335","","vesselDischarged","Vessel discharged","Container milestones","unknown","2026-10-09"
"West Sitcum Terminal (Matson)","","","Tacoma","USTIW","United States","US West Coast","X335","","fullOut","Full out","Container milestones","unknown","2026-10-09"
"West Sitcum Terminal (Matson)","","","Tacoma","USTIW","United States","US West Coast","X335","","chassisNumber","Chassis number","Gate & yard","unknown","2026-10-09"
"West Sitcum Terminal (Matson)","","","Tacoma","USTIW","United States","US West Coast","X335","","onRail","On rail","Container milestones","unknown","2026-10-09"
"West Sitcum Terminal (Matson)","","","Tacoma","USTIW","United States","US West Coast","X335","","emptyReturned","Empty returned","Container milestones","unknown","2026-10-09"
"Tampa Bay Container Terminal","","","Tampa","USTPA","United States","US Gulf","M669","","importMilestones","Import milestones","Container milestones","supported","2026-10-09"
"Tampa Bay Container Terminal","","","Tampa","USTPA","United States","US Gulf","M669","","availableForPickup","Available for pickup","Pickup & availability","supported","2026-10-09"
"Tampa Bay Container Terminal","","","Tampa","USTPA","United States","US Gulf","M669","","lastFreeDay","Terminal LFD","Pickup & availability","supported","2026-10-09"
"Tampa Bay Container Terminal","","","Tampa","USTPA","United States","US Gulf","M669","","holds","Holds & releases","Holds & fees","supported","2026-10-09"
"Tampa Bay Container Terminal","","","Tampa","USTPA","United States","US Gulf","M669","","feeType","Fee type","Holds & fees","limited","2026-10-09"
"Tampa Bay Container Terminal","","","Tampa","USTPA","United States","US Gulf","M669","","feeAmount","Fee amount","Holds & fees","supported","2026-10-09"
"Tampa Bay Container Terminal","","","Tampa","USTPA","United States","US Gulf","M669","","pickupAppointment","Pickup appointment","Gate & yard","unsupported","2026-10-09"
"Tampa Bay Container Terminal","","","Tampa","USTPA","United States","US Gulf","M669","","yardLocation","Yard location","Gate & yard","supported","2026-10-09"
"Tampa Bay Container Terminal","","","Tampa","USTPA","United States","US Gulf","M669","","vesselDischarged","Vessel discharged","Container milestones","unsupported","2026-10-09"
"Tampa Bay Container Terminal","","","Tampa","USTPA","United States","US Gulf","M669","","fullOut","Full out","Container milestones","supported","2026-10-09"
"Tampa Bay Container Terminal","","","Tampa","USTPA","United States","US Gulf","M669","","chassisNumber","Chassis number","Gate & yard","supported","2026-10-09"
"Tampa Bay Container Terminal","","","Tampa","USTPA","United States","US Gulf","M669","","onRail","On rail","Container milestones","supported","2026-10-09"
"Tampa Bay Container Terminal","","","Tampa","USTPA","United States","US Gulf","M669","","emptyReturned","Empty returned","Container milestones","unsupported","2026-10-09"
"Norfolk International Terminals","","","Virginia","USORF","United States","US East Coast","L005","","importMilestones","Import milestones","Container milestones","supported","2026-10-09"
"Norfolk International Terminals","","","Virginia","USORF","United States","US East Coast","L005","","availableForPickup","Available for pickup","Pickup & availability","limited","2026-10-09"
"Norfolk International Terminals","","","Virginia","USORF","United States","US East Coast","L005","","lastFreeDay","Terminal LFD","Pickup & availability","unsupported","2026-10-09"
"Norfolk International Terminals","","","Virginia","USORF","United States","US East Coast","L005","","holds","Holds & releases","Holds & fees","supported","2026-10-09"
"Norfolk International Terminals","","","Virginia","USORF","United States","US East Coast","L005","","feeType","Fee type","Holds & fees","supported","2026-10-09"
"Norfolk International Terminals","","","Virginia","USORF","United States","US East Coast","L005","","feeAmount","Fee amount","Holds & fees","supported","2026-10-09"
"Norfolk International Terminals","","","Virginia","USORF","United States","US East Coast","L005","","pickupAppointment","Pickup appointment","Gate & yard","unsupported","2026-10-09"
"Norfolk International Terminals","","","Virginia","USORF","United States","US East Coast","L005","","yardLocation","Yard location","Gate & yard","unsupported","2026-10-09"
"Norfolk International Terminals","","","Virginia","USORF","United States","US East Coast","L005","","vesselDischarged","Vessel discharged","Container milestones","supported","2026-10-09"
"Norfolk International Terminals","","","Virginia","USORF","United States","US East Coast","L005","","fullOut","Full out","Container milestones","supported","2026-10-09"
"Norfolk International Terminals","","","Virginia","USORF","United States","US East Coast","L005","","chassisNumber","Chassis number","Gate & yard","unsupported","2026-10-09"
"Norfolk International Terminals","","","Virginia","USORF","United States","US East Coast","L005","","onRail","On rail","Container milestones","supported","2026-10-09"
"Norfolk International Terminals","","","Virginia","USORF","United States","US East Coast","L005","","emptyReturned","Empty returned","Container milestones","unsupported","2026-10-09"
"Portsmouth Marine Terminal","","","Virginia","USORF","United States","US East Coast","L045","","importMilestones","Import milestones","Container milestones","supported","2026-10-09"
"Portsmouth Marine Terminal","","","Virginia","USORF","United States","US East Coast","L045","","availableForPickup","Available for pickup","Pickup & availability","unknown","2026-10-09"
"Portsmouth Marine Terminal","","","Virginia","USORF","United States","US East Coast","L045","","lastFreeDay","Terminal LFD","Pickup & availability","unknown","2026-10-09"
"Portsmouth Marine Terminal","","","Virginia","USORF","United States","US East Coast","L045","","holds","Holds & releases","Holds & fees","unknown","2026-10-09"
"Portsmouth Marine Terminal","","","Virginia","USORF","United States","US East Coast","L045","","feeType","Fee type","Holds & fees","unknown","2026-10-09"
"Portsmouth Marine Terminal","","","Virginia","USORF","United States","US East Coast","L045","","feeAmount","Fee amount","Holds & fees","unknown","2026-10-09"
"Portsmouth Marine Terminal","","","Virginia","USORF","United States","US East Coast","L045","","pickupAppointment","Pickup appointment","Gate & yard","unknown","2026-10-09"
"Portsmouth Marine Terminal","","","Virginia","USORF","United States","US East Coast","L045","","yardLocation","Yard location","Gate & yard","unknown","2026-10-09"
"Portsmouth Marine Terminal","","","Virginia","USORF","United States","US East Coast","L045","","vesselDischarged","Vessel discharged","Container milestones","unknown","2026-10-09"
"Portsmouth Marine Terminal","","","Virginia","USORF","United States","US East Coast","L045","","fullOut","Full out","Container milestones","unknown","2026-10-09"
"Portsmouth Marine Terminal","","","Virginia","USORF","United States","US East Coast","L045","","chassisNumber","Chassis number","Gate & yard","unknown","2026-10-09"
"Portsmouth Marine Terminal","","","Virginia","USORF","United States","US East Coast","L045","","onRail","On rail","Container milestones","unknown","2026-10-09"
"Portsmouth Marine Terminal","","","Virginia","USORF","United States","US East Coast","L045","","emptyReturned","Empty returned","Container milestones","unknown","2026-10-09"
"Virginia International Gateway","","","Virginia","USORF","United States","US East Coast","N195","","importMilestones","Import milestones","Container milestones","supported","2026-10-09"
"Virginia International Gateway","","","Virginia","USORF","United States","US East Coast","N195","","availableForPickup","Available for pickup","Pickup & availability","limited","2026-10-09"
"Virginia International Gateway","","","Virginia","USORF","United States","US East Coast","N195","","lastFreeDay","Terminal LFD","Pickup & availability","limited","2026-10-09"
"Virginia International Gateway","","","Virginia","USORF","United States","US East Coast","N195","","holds","Holds & releases","Holds & fees","supported","2026-10-09"
"Virginia International Gateway","","","Virginia","USORF","United States","US East Coast","N195","","feeType","Fee type","Holds & fees","supported","2026-10-09"
"Virginia International Gateway","","","Virginia","USORF","United States","US East Coast","N195","","feeAmount","Fee amount","Holds & fees","supported","2026-10-09"
"Virginia International Gateway","","","Virginia","USORF","United States","US East Coast","N195","","pickupAppointment","Pickup appointment","Gate & yard","unsupported","2026-10-09"
"Virginia International Gateway","","","Virginia","USORF","United States","US East Coast","N195","","yardLocation","Yard location","Gate & yard","unsupported","2026-10-09"
"Virginia International Gateway","","","Virginia","USORF","United States","US East Coast","N195","","vesselDischarged","Vessel discharged","Container milestones","supported","2026-10-09"
"Virginia International Gateway","","","Virginia","USORF","United States","US East Coast","N195","","fullOut","Full out","Container milestones","supported","2026-10-09"
"Virginia International Gateway","","","Virginia","USORF","United States","US East Coast","N195","","chassisNumber","Chassis number","Gate & yard","limited","2026-10-09"
"Virginia International Gateway","","","Virginia","USORF","United States","US East Coast","N195","","onRail","On rail","Container milestones","supported","2026-10-09"
"Virginia International Gateway","","","Virginia","USORF","United States","US East Coast","N195","","emptyReturned","Empty returned","Container milestones","unsupported","2026-10-09"
"Port of Wilmington Container Terminal","","","Wilmington (NC)","USILM","United States","US East Coast","L194","","importMilestones","Import milestones","Container milestones","supported","2026-10-09"
"Port of Wilmington Container Terminal","","","Wilmington (NC)","USILM","United States","US East Coast","L194","","availableForPickup","Available for pickup","Pickup & availability","unknown","2026-10-09"
"Port of Wilmington Container Terminal","","","Wilmington (NC)","USILM","United States","US East Coast","L194","","lastFreeDay","Terminal LFD","Pickup & availability","unknown","2026-10-09"
"Port of Wilmington Container Terminal","","","Wilmington (NC)","USILM","United States","US East Coast","L194","","holds","Holds & releases","Holds & fees","unknown","2026-10-09"
"Port of Wilmington Container Terminal","","","Wilmington (NC)","USILM","United States","US East Coast","L194","","feeType","Fee type","Holds & fees","unknown","2026-10-09"
"Port of Wilmington Container Terminal","","","Wilmington (NC)","USILM","United States","US East Coast","L194","","feeAmount","Fee amount","Holds & fees","unknown","2026-10-09"
"Port of Wilmington Container Terminal","","","Wilmington (NC)","USILM","United States","US East Coast","L194","","pickupAppointment","Pickup appointment","Gate & yard","unknown","2026-10-09"
"Port of Wilmington Container Terminal","","","Wilmington (NC)","USILM","United States","US East Coast","L194","","yardLocation","Yard location","Gate & yard","unknown","2026-10-09"
"Port of Wilmington Container Terminal","","","Wilmington (NC)","USILM","United States","US East Coast","L194","","vesselDischarged","Vessel discharged","Container milestones","unknown","2026-10-09"
"Port of Wilmington Container Terminal","","","Wilmington (NC)","USILM","United States","US East Coast","L194","","fullOut","Full out","Container milestones","unknown","2026-10-09"
"Port of Wilmington Container Terminal","","","Wilmington (NC)","USILM","United States","US East Coast","L194","","chassisNumber","Chassis number","Gate & yard","unknown","2026-10-09"
"Port of Wilmington Container Terminal","","","Wilmington (NC)","USILM","United States","US East Coast","L194","","onRail","On rail","Container milestones","unknown","2026-10-09"
"Port of Wilmington Container Terminal","","","Wilmington (NC)","USILM","United States","US East Coast","L194","","emptyReturned","Empty returned","Container milestones","unknown","2026-10-09"
"Lyttelton Port Company","","","Lyttelton","NZLYT","New Zealand","New Zealand","NZLYTLPC","","importMilestones","Import milestones","Container milestones","supported","2026-10-09"
"Lyttelton Port Company","","","Lyttelton","NZLYT","New Zealand","New Zealand","NZLYTLPC","","availableForPickup","Available for pickup","Pickup & availability","unknown","2026-10-09"
"Lyttelton Port Company","","","Lyttelton","NZLYT","New Zealand","New Zealand","NZLYTLPC","","lastFreeDay","Terminal LFD","Pickup & availability","unknown","2026-10-09"
"Lyttelton Port Company","","","Lyttelton","NZLYT","New Zealand","New Zealand","NZLYTLPC","","holds","Holds & releases","Holds & fees","unknown","2026-10-09"
"Lyttelton Port Company","","","Lyttelton","NZLYT","New Zealand","New Zealand","NZLYTLPC","","feeType","Fee type","Holds & fees","unknown","2026-10-09"
"Lyttelton Port Company","","","Lyttelton","NZLYT","New Zealand","New Zealand","NZLYTLPC","","feeAmount","Fee amount","Holds & fees","unknown","2026-10-09"
"Lyttelton Port Company","","","Lyttelton","NZLYT","New Zealand","New Zealand","NZLYTLPC","","pickupAppointment","Pickup appointment","Gate & yard","unknown","2026-10-09"
"Lyttelton Port Company","","","Lyttelton","NZLYT","New Zealand","New Zealand","NZLYTLPC","","yardLocation","Yard location","Gate & yard","unknown","2026-10-09"
"Lyttelton Port Company","","","Lyttelton","NZLYT","New Zealand","New Zealand","NZLYTLPC","","vesselDischarged","Vessel discharged","Container milestones","unknown","2026-10-09"
"Lyttelton Port Company","","","Lyttelton","NZLYT","New Zealand","New Zealand","NZLYTLPC","","fullOut","Full out","Container milestones","unknown","2026-10-09"
"Lyttelton Port Company","","","Lyttelton","NZLYT","New Zealand","New Zealand","NZLYTLPC","","chassisNumber","Chassis number","Gate & yard","unknown","2026-10-09"
"Lyttelton Port Company","","","Lyttelton","NZLYT","New Zealand","New Zealand","NZLYTLPC","","onRail","On rail","Container milestones","unknown","2026-10-09"
"Lyttelton Port Company","","","Lyttelton","NZLYT","New Zealand","New Zealand","NZLYTLPC","","emptyReturned","Empty returned","Container milestones","unknown","2026-10-09"
"Timaru Container Terminal","","","Timaru","NZTIU","New Zealand","New Zealand","NZTIUTCTL","","importMilestones","Import milestones","Container milestones","supported","2026-10-09"
"Timaru Container Terminal","","","Timaru","NZTIU","New Zealand","New Zealand","NZTIUTCTL","","availableForPickup","Available for pickup","Pickup & availability","unknown","2026-10-09"
"Timaru Container Terminal","","","Timaru","NZTIU","New Zealand","New Zealand","NZTIUTCTL","","lastFreeDay","Terminal LFD","Pickup & availability","unknown","2026-10-09"
"Timaru Container Terminal","","","Timaru","NZTIU","New Zealand","New Zealand","NZTIUTCTL","","holds","Holds & releases","Holds & fees","unknown","2026-10-09"
"Timaru Container Terminal","","","Timaru","NZTIU","New Zealand","New Zealand","NZTIUTCTL","","feeType","Fee type","Holds & fees","unknown","2026-10-09"
"Timaru Container Terminal","","","Timaru","NZTIU","New Zealand","New Zealand","NZTIUTCTL","","feeAmount","Fee amount","Holds & fees","unknown","2026-10-09"
"Timaru Container Terminal","","","Timaru","NZTIU","New Zealand","New Zealand","NZTIUTCTL","","pickupAppointment","Pickup appointment","Gate & yard","unknown","2026-10-09"
"Timaru Container Terminal","","","Timaru","NZTIU","New Zealand","New Zealand","NZTIUTCTL","","yardLocation","Yard location","Gate & yard","unknown","2026-10-09"
"Timaru Container Terminal","","","Timaru","NZTIU","New Zealand","New Zealand","NZTIUTCTL","","vesselDischarged","Vessel discharged","Container milestones","unknown","2026-10-09"
"Timaru Container Terminal","","","Timaru","NZTIU","New Zealand","New Zealand","NZTIUTCTL","","fullOut","Full out","Container milestones","unknown","2026-10-09"
"Timaru Container Terminal","","","Timaru","NZTIU","New Zealand","New Zealand","NZTIUTCTL","","chassisNumber","Chassis number","Gate & yard","unknown","2026-10-09"
"Timaru Container Terminal","","","Timaru","NZTIU","New Zealand","New Zealand","NZTIUTCTL","","onRail","On rail","Container milestones","unknown","2026-10-09"
"Timaru Container Terminal","","","Timaru","NZTIU","New Zealand","New Zealand","NZTIUTCTL","","emptyReturned","Empty returned","Container milestones","unknown","2026-10-09"
